substrate,group,seed,candidate_count,walkers,alpha_phys_msd,alpha_phys_r2,tortuosity_median,tortuosity_p90,final_perp_mismatch_mean,spearman_texture_vs_perp,spearman_depth_vs_perp,nr_frac_t1024_d1.0,nr_n_t1024_d1.0,nr_mean_perp_t1024_d1.0,nr_median_perp_t1024_d1.0,nr_frac_t1024_d2.0,nr_n_t1024_d2.0,nr_mean_perp_t1024_d2.0,nr_median_perp_t1024_d2.0,nr_frac_t1024_d3.0,nr_n_t1024_d3.0,nr_mean_perp_t1024_d3.0,nr_median_perp_t1024_d3.0
AB_N30,all_interior75,0,16999,16999,0.9455140241002841,0.9997136982751632,959.0455389064125,2465.9352626095756,1.0887062836846195,-0.10542954250609443,-0.30666334186982974,0.0011177128066356846,19,0.8752542939643729,0.0,0.006882757809282899,117,0.9479658502417994,0.76536686473746,0.010706512147773399,182,1.0425270298203189,1.0823922002644217
AB_N30,texture_high_q25,0,4251,4251,0.948196831426214,0.9994808897372094,1023.5566136139782,2551.1447989858866,1.0312561966665648,0.08077542564911763,-0.2988655107768586,0.0014114326040931546,6,0.3079598441733583,0.0,0.0051752528816749,22,0.7585916223218547,0.76536686473746,0.008703834391907786,37,0.9719084318236895,1.0823922002644217
AB_N30,texture_low_q25,0,4434,4434,0.9487606256495947,0.9996421669879996,838.8000393605341,2089.321754628497,1.221871069146583,-0.03320737089481858,-0.11827953756113514,0.0020297699594046007,9,1.4371459394756723,1.84775906504015,0.006765899864682003,30,1.2222352488806,1.414213562373095,0.009472259810554804,42,1.3016223260299828,1.4142135623365475
AB_N30,depth_high_q25,0,4250,4250,0.9441885797264925,0.9992082721442858,1198.784519782123,2984.154687489218,0.8650124154735135,-0.01084762742751301,-0.104794672205584,0.0007058823529411765,3,0.0,0.0,0.0051764705882352945,22,0.7789707827440544,0.76536686473746,0.008941176470588235,38,0.9067271690805041,1.0823922002644217
AB_N30,depth_low_q25,0,4250,4250,0.9410740808429278,0.9990109544694324,788.0133827534669,1864.8562409834763,1.29234972338899,0.012864805529183614,-0.057481468877491115,0.0007058823529411765,3,0.6159196883467167,0.0,0.004470588235294118,19,1.0424804557646887,0.7653668647374601,0.0075294117647058826,32,1.3234577872974906,1.248302881301345
AB_N30,texture_high_depth_high,0,1333,1333,0.9387549825335217,0.9996490455334549,1233.4215717140703,3183.5087353722233,0.8488167723229177,-0.06895323505663815,-0.14744597276048563,0.0015003750937734434,2,0.0,0.0,0.006001500375093774,8,0.5740251485674456,0.76536686473746,0.009752438109527382,13,0.7695509376904984,0.7653668647757284
AB_N30,texture_low_depth_low,0,2088,2088,0.9339256513335588,0.9991481190822094,784.9852245283374,1753.4950208782207,1.2959492971498525,0.014862104186638784,-0.07276449278354884,0.0019157088122605363,4,1.84775906504015,1.84775906504015,0.007662835249042145,16,1.2347882415794778,1.0897902135744117,0.011973180076628353,25,1.3070119956614408,1.08239220030269
AB_N30,all_interior75,1,16999,16999,0.9517126030216008,0.999663604998146,965.1112782411444,2436.5520997013145,1.088179193238289,-0.07751457587808276,-0.3095790943183852,0.001470674745573269,25,1.0347450764141963,1.8477590650018818,0.007235719748220484,123,1.0544253616879746,0.76536686473746,0.010530031178304606,179,1.0978835430723421,1.08239220030269
AB_N30,texture_high_q25,1,4251,4251,0.9387477780787827,0.9999088114818011,1002.9113039096187,2599.323997821014,1.0416434477667604,0.084611537421114,-0.3089103812752235,0.0009409550693954364,4,0.923879532487411,0.923879532473881,0.006821924253116914,29,1.0513699861961934,0.7653668647757284,0.0103505057633498,44,1.1100845019660401,1.08239220030269
AB_N30,texture_low_q25,1,4434,4434,0.9423318166446095,0.9995892520262822,838.8000393628085,2066.2668682804997,1.2234955839060462,-0.022059743247376286,-0.13105543382257834,0.0009021199819576004,4,1.3858192987801126,1.84775906504015,0.004961659900766802,22,1.1673739643927834,1.08979021351873,0.008344609833107803,37,1.297014507717609,1.08239220030269
AB_N30,depth_high_q25,1,4250,4250,0.9567767562564968,0.9998518630796246,1215.733139749691,2964.605037990004,0.8651560542545991,-0.010033710571961788,-0.12823245551283852,0.002352941176470588,10,0.3695518130080301,0.0,0.006823529411764706,29,0.7407490361489494,0.76536686473746,0.008705882352941176,37,0.8146178283973725,0.76536686473746
AB_N30,depth_low_q25,1,4250,4250,0.9455810145593617,0.9995227337618724,803.2113830808082,1887.345140608654,1.2754018229454516,-0.0018100146553661758,-0.08092758484865774,0.0009411764705882353,4,0.923879532520075,0.923879532520075,0.005647058823529412,24,1.0351031543012497,0.7653668647757284,0.010588235294117647,45,1.2658387030901646,1.08239220030269
AB_N30,texture_high_depth_high,1,1333,1333,0.9519473871636603,0.9999119101764963,1203.6750954683298,3122.1880282852653,0.8536590221317755,-0.009230135346949357,-0.11930129526133992,0.0,0,,,0.006751687921980495,9,0.7653668647091547,0.76536686473746,0.011252813203300824,15,0.8921769989389153,0.7653668647757282
AB_N30,texture_low_depth_low,1,2088,2088,0.9546153882107155,0.9986909122140296,784.4996157744895,1864.8562411545638,1.2833909167607713,-0.0265900904468934,-0.06127687809573121,0.0023946360153256703,5,1.4782072520321201,1.84775906504015,0.010057471264367816,21,1.2380596453524904,1.4142135623730951,0.013409961685823755,28,1.2369660962756435,1.08239220030269
AB_N30,all_interior75,2,16999,16999,0.941870692176788,0.9997470097701167,959.0455389046565,2465.9352627028993,1.0876632977095917,-0.0845821442251375,-0.31262135067084795,0.0013530207659274076,23,0.9640482078430181,1.847759064947762,0.00694158479910583,118,1.020300059453295,0.76536686473746,0.01000058826989823,170,1.092864360455053,1.0823922002644217
AB_N30,texture_high_q25,2,4251,4251,0.9392188061970842,0.9991661258484735,1021.1659856608912,2599.3239977444546,1.0367372958817027,0.08335968718355642,-0.306593732429062,0.0009409550693954364,4,1.3858192987609785,1.847759065001882,0.0061162079510703364,26,0.9831739018063457,0.76536686473746,0.009880028228652082,42,1.0680346950588666,1.0823922002644217
AB_N30,texture_low_q25,2,4434,4434,0.9418550954010814,0.9996636482115621,833.9890647349841,2036.8605014107684,1.2286516827449616,-0.019463297759358303,-0.08845152083299215,0.0015787099684258007,7,1.319827903600107,1.8477590650401499,0.007893549842129003,35,1.2027447730095582,1.4142135623730951,0.012178619756427604,54,1.2976831120338461,1.08239220030269
AB_N30,depth_high_q25,2,4250,4250,0.9549704947886125,0.9998323059237021,1233.4215716804597,3138.9452467192914,0.8495673617055625,-0.007435283203134704,-0.08388581949183518,0.0009411764705882353,4,0.0,0.0,0.006352941176470588,27,0.7481046177575349,0.76536686473746,0.009647058823529411,41,0.8622515971594643,0.7653668647757284
AB_N30,depth_low_q25,2,4250,4250,0.945281045508776,0.999411918339585,815.5410857678423,1887.3451405994977,1.2662040440221685,0.001980499345131218,-0.08314764537837813,0.0016470588235294118,7,1.3198279035682436,1.847759064947762,0.006823529411764706,29,1.1589926096776566,0.76536686473746,0.01011764705882353,43,1.1586820750252063,1.08239220030269
AB_N30,texture_high_depth_high,2,1333,1333,0.9168076880485562,0.9995440164207726,1233.421571714904,2962.8572296933953,0.8452815182864055,-0.00415617859889753,-0.1049316955951025,0.002250562640660165,3,0.0,0.0,0.008252063015753939,11,0.7335886373372471,0.7653668647757284,0.011252813203300824,15,0.8266029207946987,0.7653668647757284
AB_N30,texture_low_depth_low,2,2088,2088,0.9538258607403918,0.9992175472572824,802.4813333480101,1864.856241325375,1.2810554677383845,0.00179364367197156,-0.012683168561235603,0.0019157088122605363,4,1.84775906504015,1.84775906504015,0.007662835249042145,16,1.352505731132862,1.4142135624,0.012452107279693486,26,1.2893487093225047,1.08239220030269
AB_N30,all_interior75,3,16999,16999,0.9428694627198645,0.9997291576678161,977.0507447551269,2487.365808233342,1.0772628533605326,-0.09175390567805619,-0.3056694593006929,0.0013530207659274076,23,0.4820241039161728,0.0,0.006235660921230661,106,0.8796167699458235,0.76536686473746,0.008824048473439615,150,0.9743993208898938,1.0823922002644217
AB_N30,texture_high_q25,3,4251,4251,0.9335151219479466,0.9998897689329079,996.1096742462256,2496.407748944111,1.0502189633532464,0.06272290297275195,-0.3103523628352315,0.0009409550693954364,4,0.46193976625047045,0.0,0.0056457304163726185,24,0.9554856824225219,0.7653668647565941,0.008233356857210068,35,1.0861465372836712,1.0823922002644217
AB_N30,texture_low_q25,3,4434,4434,0.9443834009465946,0.9997251767645444,830.4000174426512,2031.8854222724583,1.2292314225661136,-0.01065816658176628,-0.10224241835006304,0.0015787099684258007,7,0.5279311614400429,0.0,0.005863779882724403,26,1.0185890326635632,0.76536686473746,0.009923319801533603,44,1.2276013990931725,1.08239220030269
AB_N30,depth_high_q25,3,4250,4250,0.9287875471577662,0.9995658700419223,1191.9688652014001,2984.154687927031,0.8657626700226759,-0.017412336229888175,-0.14557767803095248,0.001176470588235294,5,0.36955181300803003,0.0,0.007058823529411765,30,0.7642823592140503,0.76536686473746,0.01011764705882353,43,0.8604551018687556,0.76536686473746
AB_N30,depth_low_q25,3,4250,4250,0.9402842989071903,0.9996117082526571,807.506439653258,1887.3451407415698,1.2696041911007172,-0.007269975643583918,-0.051999646942781266,0.0016470588235294118,7,0.5279311614400429,0.0,0.0075294117647058826,32,0.9528040500008231,0.76536686473746,0.010823529411764706,46,1.1042834601883869,1.0823922002644217
AB_N30,texture_high_depth_high,3,1333,1333,0.9493145126200154,0.9992295012342016,1218.2760497025106,2984.1546881011604,0.8507996895488228,-0.044383353297342776,-0.1448652505192541,0.002250562640660165,3,0.0,0.0,0.006001500375093774,8,0.559460127674934,0.76536686473746,0.012753188297074268,17,0.8363065190593458,1.0823922002644217
AB_N30,texture_low_depth_low,3,2088,2088,0.9499013046582474,0.9995691614262526,791.0753008507661,1970.74038635892,1.2834765804550428,0.017474339193539825,-0.035239748970350544,0.0019157088122605363,4,0.4619397662600375,0.0,0.004789272030651341,10,0.7737653648736179,0.76536686473746,0.011015325670498084,23,1.2643772391184012,1.08239220030269
AB_N30,all_interior75,4,16999,16999,0.941465428174841,0.9997594736421047,959.0455388739615,2487.3658079548186,1.0867972481413042,-0.09235854265279296,-0.3256601375785461,0.0007647508676980999,13,1.1370825015560628,1.8477590650401499,0.005765045002647215,98,1.0239705031289619,0.76536686473746,0.008941702453085476,152,1.1287885471590287,1.08239220030269
AB_N30,texture_high_q25,4,4251,4251,0.9442293070095448,0.9995832458094582,1009.8541923611409,2599.323998179099,1.0387627649031557,0.08121772200403242,-0.31136196493182416,0.0011761938367442955,5,0.3695518130003764,0.0,0.005410491649023759,23,0.9532021228873538,0.7653668647757282,0.008468595624558928,36,1.0292722269833021,1.0823922002644217
AB_N30,texture_low_q25,4,4434,4434,0.9665937832756292,0.999379979841836,825.8975581194838,2036.860501412101,1.2349530694451012,0.007926386242886852,-0.12648508009876996,0.0011276499774470004,5,0.7391036260160601,0.0,0.005638249887235002,25,0.9652227498383863,0.76536686473746,0.008344609833107803,37,1.0852699576177836,1.08239220030269
AB_N30,depth_high_q25,4,4250,4250,0.9506804157927888,0.9989569420600822,1214.4696133475672,2984.1546879188504,0.8612849288251145,-0.013968988600232426,-0.10265901043865333,0.001176470588235294,5,0.0,0.0,0.009647058823529411,41,0.7511570882517572,0.76536686473746,0.015529411764705882,66,0.8766249337232761,0.76536686473746
AB_N30,depth_low_q25,4,4250,4250,0.9545664853097797,0.999635934047513,797.1934444132394,1887.345140631744,1.2783033625960478,-0.019081013925902227,-0.07551880042047238,0.0018823529411764706,8,1.1548494156337616,1.847759064974822,0.005647058823529412,24,1.3146212926217802,1.4142135623730951,0.010588235294117647,45,1.3443115274467214,1.08239220030269
AB_N30,texture_high_depth_high,4,1333,1333,0.9388569189305452,0.9993916419137062,1186.242391792854,2984.1546874803826,0.8702689104573864,-0.08543929659867679,-0.09560905088439423,0.0007501875468867217,1,0.0,0.0,0.005251312828207052,7,0.7487211265618828,0.76536686473746,0.008252063015753939,11,0.8700560624606731,0.7653668647757284
AB_N30,texture_low_depth_low,4,2088,2088,0.9524693221770181,0.999426244184413,798.2655465056231,1837.9996253796862,1.2838837972861536,0.007287323860249861,-0.03054735718835686,0.0014367816091954023,3,1.2318393766934335,1.84775906504015,0.007662835249042145,16,1.0555950537470673,0.76536686473746,0.012452107279693486,26,1.1881000417916796,1.08239220030269
AB_N30,all_interior75,5,16999,16999,0.9489909274056183,0.999818019066462,959.045538908065,2436.5520996989776,1.0889996925881076,-0.09386823376109628,-0.3099975755564567,0.0012941937761044768,22,1.0078685809267915,1.847759064993956,0.007412200717689276,126,1.0405851486000646,0.76536686473746,0.010118242249544092,172,1.0932223793171894,1.082392200283556
AB_N30,texture_high_q25,5,4251,4251,0.9391907959605333,0.9992540302461227,1021.423829803551,2465.935262726938,1.0503715949085146,0.09344126382494419,-0.3226951398889999,0.0014114326040931546,6,0.9238795324765229,0.9238795324547469,0.009409550693954364,40,1.030884769987861,0.7653668647757284,0.012232415902140673,52,1.0631374989262556,1.0823922002644217
AB_N30,texture_low_q25,5,4434,4434,0.9317967948767772,0.9995126197528071,830.4000174044743,2096.9847804098304,1.2274721762002119,-0.01192021940134653,-0.14326756016030903,0.0020297699594046007,9,1.2318393766934337,1.84775906504015,0.007668019846639603,34,1.0987658730202463,1.089790213537864,0.011276499774470004,50,1.1966026730435337,1.08239220030269
AB_N30,depth_high_q25,5,4250,4250,0.9471741074341945,0.9994127040854766,1227.0798660053533,3183.5087350990025,0.8563056837704016,-0.0073625237229219915,-0.12899401405021063,0.001176470588235294,5,0.36955181300803003,0.0,0.007058823529411765,30,0.7859105824584464,0.76536686473746,0.00988235294117647,42,0.8706196161236748,0.76536686473746
AB_N30,depth_low_q25,5,4250,4250,0.9496606996711714,0.9992505329832929,804.9821232546647,1970.7403864088071,1.2722727765909623,-0.015946212950786666,-0.08627986602043689,0.0009411764705882353,4,1.3858192987801126,1.84775906504015,0.006352941176470588,27,1.3719622545114347,1.4142135623730951,0.011294117647058824,48,1.4158906067714556,1.4142135623730951
AB_N30,texture_high_depth_high,5,1333,1333,0.9388079481538726,0.9989580201379459,1218.2760498751222,3183.5087353982653,0.8573104974102014,-0.08592670861337551,-0.11758514433352073,0.0015003750937734434,2,0.0,0.0,0.007501875468867217,10,0.6122934917922096,0.76536686473746,0.009752438109527382,13,0.7207778091378383,0.76536686473746
AB_N30,texture_low_depth_low,5,2088,2088,0.9448388308323401,0.9994883076813682,781.7639542138716,1887.345140718495,1.2896915264587516,0.028340905773322357,-0.06360662694788621,0.0019157088122605363,4,1.3858192987801126,1.84775906504015,0.006226053639846743,13,1.2058317281571838,1.4142135624,0.009099616858237548,19,1.4455489144180955,1.4142135624
AB_N30,all_interior75,6,16999,16999,0.9470635883142505,0.9995785034650883,971.2935861414679,2436.5521000866574,1.0847441272836063,-0.09412717691865938,-0.3199995596147024,0.0009412318371668922,16,0.923879532520075,0.9238795325200749,0.006118006941584799,104,0.9501460574577428,0.76536686473746,0.00923583740220013,157,1.0478532075128328,1.0823922002644217
AB_N30,texture_high_q25,6,4251,4251,0.9409483030962446,0.999765444713514,1009.2529250791465,2599.323997745726,1.043496195059455,0.07905683525900732,-0.32808543251617833,0.0011761938367442955,5,0.7391036259899287,0.0,0.009174311926605505,39,1.0067054157654707,0.76536686473746,0.011761938367442954,50,1.0868996728361708,0.923879532520075
AB_N30,texture_low_q25,6,4434,4434,0.9488427363897289,0.9995515531015211,837.9686879819855,2066.2668686463644,1.2186865368687219,-0.008259401224702968,-0.1302252868674287,0.0018042399639152007,8,1.6167891819101312,1.84775906504015,0.006089309878213802,27,1.303680888774213,1.4142135623730951,0.010148849797023005,45,1.3296947192641198,1.4142135623
AB_N30,depth_high_q25,6,4250,4250,0.9463775000192955,0.9997735994316984,1227.079866022239,3183.5087345876136,0.8541853161521108,-0.034289570719425955,-0.10899836440243356,0.001411764705882353,6,0.0,0.0,0.0075294117647058826,32,0.6624134961899725,0.76536686473746,0.011294117647058824,48,0.8024063975576893,0.76536686473746
AB_N30,depth_low_q25,6,4250,4250,0.9472333567637523,0.9998331071448857,791.4245043951695,1887.3451406149643,1.2780042540528207,-0.021396985056404756,-0.11149210362552175,0.001411764705882353,6,1.5397992208450155,1.8477590650210158,0.005411764705882353,23,1.1903367542012675,1.4142135623,0.008470588235294117,36,1.3709857253991635,1.4142135623365477
AB_N30,texture_high_depth_high,6,1333,1333,0.9490645887374257,0.9997356444536181,1191.9688651986855,2863.8424710196105,0.8760469315347619,-0.011187381443016281,-0.11728732808766355,0.0007501875468867217,1,1.8477590650018818,1.8477590650018818,0.008252063015753939,11,0.9817382825001132,0.76536686473746,0.012003000750187547,16,1.0131926318086348,0.923879532520075
AB_N30,texture_low_depth_low,6,2088,2088,0.9521254929036149,0.9995471238086112,795.1165292808105,1869.9434873628225,1.2829511926307304,-0.0193346368965851,-0.034331805630747114,0.0019157088122605363,4,0.923879532520075,0.9238795325200749,0.005747126436781609,12,1.1373727478176638,1.4142135623730951,0.011494252873563218,24,1.242264066714572,1.08239220030269
AB_N30,all_interior75,7,16999,16999,0.9481712326535703,0.9996828112016357,968.1876286889229,2465.9352629823784,1.0819833017416969,-0.09510664623784343,-0.31481509921221684,0.0015295017353961998,26,0.9238795325150497,0.923879532473881,0.006588622860168245,112,0.9864231430065011,0.76536686473746,0.009765280310606507,166,1.1163110537716938,1.0823922002644217
AB_N30,texture_high_q25,7,4251,4251,0.9514530527748571,0.9997979394640257,1009.2529250793931,2487.365808476433,1.0477787272502517,0.09417793747618448,-0.33699900980485414,0.0016466713714420136,7,0.7918967421172669,0.0,0.006351446718419196,27,0.9117620057327729,0.76536686473746,0.009880028228652082,42,1.0483479853080329,1.0823922002644217
AB_N30,texture_low_q25,7,4434,4434,0.9382448536480482,0.9994159938427499,829.027806437778,1970.7403864056348,1.2363261945155886,-0.006697589070257666,-0.12450856027206363,0.0011276499774470004,5,1.8477590650401503,1.84775906504015,0.006991429860171402,31,1.329489678172625,1.4142135623730951,0.011502029769959404,51,1.4111600759995246,1.4142135623730951
AB_N30,depth_high_q25,7,4250,4250,0.9501139259635054,0.999455537779127,1218.2760498755722,2984.154687481786,0.8587117504811531,-0.021781510783180108,-0.1179873797030433,0.0018823529411764706,8,0.23096988313001876,0.0,0.0075294117647058826,32,0.8345322123476646,0.7653668647374601,0.01011764705882353,43,0.8979382557753502,1.0823922002644217
AB_N30,depth_low_q25,7,4250,4250,0.9475237817400578,0.9996895272695455,802.4813333370851,1910.6677720520436,1.2714590334731222,0.008111831727214988,-0.06686889520889926,0.0018823529411764706,8,0.923879532487411,0.9238795324547469,0.0051764705882352945,22,1.1388320572795883,1.4142135623730951,0.010823529411764706,46,1.408682689196205,1.4142135623730951
AB_N30,texture_high_depth_high,7,1333,1333,0.9557393907754185,0.9985204185737915,1210.694727410962,2945.479763828684,0.8608461859591117,-0.04862927267636057,-0.15855327184732063,0.0,0,,,0.006001500375093774,8,0.8464727019221805,0.76536686473746,0.008252063015753939,11,0.9108143832917254,0.76536686473746
AB_N30,texture_low_depth_low,7,2088,2088,0.9472819470935578,0.9990613036178784,777.2016093285065,1864.856240962095,1.3003373046770912,-0.020237234231264688,-0.0505222606276566,0.0,0,,,0.003352490421455939,7,1.2108115744755061,0.7653668647757284,0.006704980842911878,14,1.3735417605061557,1.08239220030269
AB_N30,all_interior75,8,16999,16999,0.9438957197939615,0.999654951464352,968.1876286879158,2436.5520999878413,1.0846320397741287,-0.1006799629063056,-0.31895790835034926,0.0016471557150420613,28,0.461939766256738,0.0,0.00617683393140773,105,0.8562776100268018,0.76536686473746,0.009647626330960645,164,0.9875598836399214,1.0823922002644217
AB_N30,texture_high_q25,8,4251,4251,0.9431941920360881,0.9997752638113745,1021.4238298192563,2487.365808484273,1.04682470278561,0.06237499610017332,-0.28563047410346243,0.0014114326040931546,6,0.6159196883403387,0.0,0.0051752528816749,22,0.9015667341505424,0.76536686473746,0.007998118089861209,34,0.9965360969448513,1.082392200283556
AB_N30,texture_low_q25,8,4434,4434,0.9448766538709005,0.9995882751470371,837.9686879818464,2036.860501409879,1.228777389448064,-0.00875704923344228,-0.1275146909041492,0.0022552999548940008,10,1.2934313455281052,1.84775906504015,0.007668019846639603,34,1.2395391555516413,1.4142135623730951,0.009246729815065404,41,1.264370296912325,1.4142135623730951
AB_N30,depth_high_q25,8,4250,4250,0.9456496742741045,0.9998891366756164,1227.0798658954207,3055.159156793439,0.8575879382564137,-0.021872702276531514,-0.10899799925064622,0.0016470588235294118,7,0.26396558072002146,0.0,0.008705882352941176,37,0.7932619429858905,0.76536686473746,0.010823529411764706,46,0.8498309063722962,0.76536686473746
AB_N30,depth_low_q25,8,4250,4250,0.9500632637546489,0.9998654810474282,799.4939236119753,1887.3451406205766,1.279577245341527,-0.01870365902730573,-0.0902195830446101,0.0009411764705882353,4,0.4619397662600375,0.0,0.006823529411764706,29,1.0324022044855383,0.76536686473746,0.01011764705882353,43,1.168534267416295,1.08239220030269
AB_N30,texture_high_depth_high,8,1333,1333,0.9322826367620268,0.999552998944772,1227.0798658827425,3183.5087354062125,0.8492400427996768,-0.00156163581380326,-0.04806901819135094,0.0007501875468867217,1,0.0,0.0,0.006001500375093774,8,0.6696960066365311,0.76536686473746,0.00900225056264066,12,0.8072614045188727,0.7653668647757284
AB_N30,texture_low_depth_low,8,2088,2088,0.9410135385920116,0.9997322098529756,778.1407947214662,1864.8562413052452,1.3012520686380182,0.009762655787833217,-0.047532826723214246,0.0019157088122605363,4,0.923879532520075,0.923879532520075,0.007183908045977011,15,1.1969449280662527,1.4142135623730951,0.011015325670498084,23,1.375029797677892,1.4142135623730951
AB_N30,all_interior75,9,16999,16999,0.9398191255549089,0.9995891887063446,968.1876287009434,2487.36580820517,1.0811180355611945,-0.08983805803716874,-0.3194740162940872,0.0012941937761044768,22,0.41994524205038014,0.0,0.006000352961938938,102,0.9237571693742667,0.76536686473746,0.009824107300429437,167,1.0472237235008022,1.08239220030269
AB_N30,texture_high_q25,9,4251,4251,0.9395664209363715,0.9997028998124536,1002.911304051154,2487.365808396594,1.0507576601245494,0.06829622387993475,-0.3183538229380007,0.0007057163020465773,3,1.2318393766934335,1.84775906504015,0.005880969183721477,25,1.0498835564976252,0.76536686473746,0.0103505057633498,44,1.1329148636414923,1.082392200283556
AB_N30,texture_low_q25,9,4434,4434,0.9427884050290084,0.9998422292771558,833.9890647471009,2110.1160160296213,1.2215528327891856,-0.004226763651230603,-0.13125578296259321,0.0018042399639152007,8,0.923879532520075,0.9238795325200749,0.006314839873703203,28,1.0842290502357383,1.0897902135552775,0.009021199819576003,40,1.2425359064428065,1.2483028813378927
AB_N30,depth_high_q25,9,4250,4250,0.9405215045976528,0.9996508087470208,1259.8086203191933,3138.9452469794833,0.8415698360582791,-0.032312173749256774,-0.10265287425578315,0.0007058823529411765,3,0.0,0.0,0.006588235294117647,28,0.7528825611201968,0.76536686473746,0.009647058823529411,41,0.857361227200584,0.7653668647374601
AB_N30,depth_low_q25,9,4250,4250,0.9540994081365677,0.9993525081168806,808.1872691418973,1887.3451407187779,1.2630612964313919,-0.0031222955365013422,-0.05792256662661165,0.0009411764705882353,4,0.923879532487411,0.923879532473881,0.004705882352941176,20,0.9561280596997337,0.76536686473746,0.00988235294117647,42,1.170191931103177,1.08239220030269
AB_N30,texture_high_depth_high,9,1333,1333,0.9324284531508138,0.9993395112077018,1218.2760498498055,3055.1591572148745,0.8508214443220511,-0.030352804105196887,-0.1288092936515621,0.002250562640660165,3,0.0,0.0,0.006751687921980495,9,0.6544327315187574,0.76536686473746,0.008252063015753939,11,0.732243544017969,0.76536686473746
AB_N30,texture_low_depth_low,9,2088,2088,0.9569042101727118,0.999895320989071,791.0753008668626,1825.7353268145032,1.2862500718514502,-0.018719910595685674,-0.0374404705425209,0.0028735632183908046,6,1.2318393766934335,1.84775906504015,0.007662835249042145,16,1.0619528125324151,0.7653668647757284,0.011973180076628353,25,1.2698059450552313,1.08239220030269
AB_N30,SHUFFLED_all_interior75,0,16999,5000,0.9511634284626348,0.999681676412216,1031.8159925994482,2680.6216963638344,1.1235372299298738,,,0.0014,7,0.5275747278648801,0.0,0.0062,31,0.9521849448750885,0.849883656254556,0.0094,47,1.0032912216990504,0.8707616578759518
AB_N30,SHUFFLED_texture_high_q25,0,4251,4251,0.9416130548591173,0.9991990652468979,1025.558302923559,2748.0363401378036,1.1266316117720745,,,0.0007057163020465773,3,0.5674825370093247,0.5065245299930474,0.0056457304163726185,24,1.0876525955971177,1.216606381245661,0.007998118089861209,34,1.0889903216549741,1.1844871599820384
AB_N30,SHUFFLED_texture_low_q25,0,4434,4434,0.9501872575981298,0.9995720240496967,1044.4498023646174,2731.5434019736776,1.1149482856727617,,,0.0015787099684258007,7,0.30516608529703554,0.0,0.008795669824086604,39,1.0421068974203742,1.1008986994019532,0.012629679747406405,56,1.052556631338796,1.1489394386157468
AB_N30,SHUFFLED_all_interior75,1,16999,5000,0.9504911876081067,0.9995618523722104,1043.315638110878,2681.9650956094342,1.1138997726659745,,,0.0016,8,0.6710586855116887,0.5638855553024933,0.0048,24,0.8840208816849358,0.8571567875057438,0.0074,37,0.9758526346728726,0.9216811878531768
AB_N30,SHUFFLED_texture_high_q25,1,4251,4251,0.9615903105022579,0.9995561776141346,1051.3592236984784,2739.4071476870768,1.1147117584898238,,,0.0018819101387908728,8,0.7146528290336236,0.45191207025769786,0.008468595624558928,36,1.033188584350235,1.107910102531267,0.010820983298047518,46,1.1171289050874638,1.1374682646361527
AB_N30,SHUFFLED_texture_low_q25,1,4434,4434,0.9450598945902896,0.9998537773422266,1052.43954544381,2691.246267041408,1.1174671035861743,,,0.0009021199819576004,4,1.1135843258291298,1.354988270997573,0.005187189896256202,23,0.7970004210565265,0.7822443089401642,0.009697789806044204,43,0.9506954633754793,0.8891691115790709
AB_N30,SHUFFLED_all_interior75,2,16999,5000,0.9356257255730883,0.9997332424341939,1042.8837875942518,2776.6158905377874,1.1156826404749438,,,0.0032,16,0.867107321586503,1.081205228724261,0.009,45,1.0918268035388765,1.2276876692871594,0.0126,63,1.0725264384960855,1.0769805851475616
AB_N30,SHUFFLED_texture_high_q25,2,4251,4251,0.9399194215045519,0.9998816848071871,1053.6876996318776,2740.7877147346976,1.1169419649132861,,,0.0014114326040931546,6,0.7609029823524419,0.49023668580418556,0.005880969183721477,25,1.0619067825487611,1.0167448108639037,0.007998118089861209,34,1.0720183076108185,1.066725631427882
AB_N30,SHUFFLED_texture_low_q25,2,4434,4434,0.944045756525858,0.9994766603857163,1051.9228971801433,2655.5886152073417,1.113474550795037,,,0.0020297699594046007,9,0.9411542030736663,0.9157119593138057,0.005638249887235002,25,1.0168664210820566,1.0504587836576937,0.010825439783491205,48,1.094176649192265,1.11988596242896
AB_N30,SHUFFLED_all_interior75,3,16999,5000,0.9375699670062689,0.9998714019328249,1034.8934748777292,2709.02051056338,1.125687178408762,,,0.0022,11,0.266846806027453,0.0,0.0106,53,1.0713694392720963,1.0519367498927037,0.0144,72,1.0639410459444527,1.0535963035219658
AB_N30,SHUFFLED_texture_high_q25,3,4251,4251,0.9540839095666267,0.998879416323685,1067.4070775972887,2725.57647024122,1.1042845759166635,,,0.002117148906139732,9,0.24826788488877305,0.0,0.007057163020465773,30,0.7875056825744201,0.7670201491143513,0.008468595624558928,36,0.8614286824438075,0.8631594608912312
AB_N30,SHUFFLED_texture_low_q25,3,4434,4434,0.9400295296131036,0.9996447209883645,1062.4450169934007,2743.6684677999087,1.1063881818706574,,,0.0027063599458728013,12,0.776175130100325,0.6175329678305681,0.009697789806044204,43,0.961378461294474,0.9504315236347376,0.011953089760938205,53,0.9886811685832874,0.9976950417807029
AB_N30,SHUFFLED_all_interior75,4,16999,5000,0.9421609043151858,0.9993139568168918,1036.2616706417657,2772.909808491288,1.1219545859765652,,,0.0018,9,0.6946798469238966,0.2227998812012641,0.008,40,1.0021106557153303,0.974075251340663,0.0114,57,1.1136055686605586,1.1278643263896788
AB_N30,SHUFFLED_texture_high_q25,4,4251,4251,0.9420340681425119,0.9998715797538096,1019.2632139125592,2624.8054661931237,1.138202175297284,,,0.0007057163020465773,3,0.43579295965210885,0.3753799867095125,0.004704775346977182,20,1.1632901693127982,0.9751091669764422,0.009174311926605505,39,1.1055731942072988,0.9956268871434495
AB_N30,SHUFFLED_texture_low_q25,4,4434,4434,0.9508669678522129,0.9998004511611422,1036.2027965818334,2864.102777457445,1.11789514302357,,,0.0009021199819576004,4,1.1899941624190562,1.345551782299815,0.0036084799278304014,16,1.1312607845440161,1.1749601559581695,0.007216959855660803,32,1.0805578793540893,0.9733778784023261
AB_N30,SHUFFLED_all_interior75,5,16999,5000,0.9356850353222163,0.9998719472037713,1030.806047706158,2684.476609446576,1.1257201941388841,,,0.0016,8,0.3067517899440252,0.0,0.0066,33,0.9558983835685031,0.9504315236588095,0.01,50,1.065636506792379,0.9896272385820502
AB_N30,SHUFFLED_texture_high_q25,5,4251,4251,0.9521173661107872,0.9997849927516813,1046.5382086258812,2722.061767612264,1.1199513291825467,,,0.0002352387673488591,1,0.0,0.0,0.005880969183721477,25,0.9977781927887714,1.0587049994043725,0.009644789461303222,41,1.0345703090260305,1.102241597416744
AB_N30,SHUFFLED_texture_low_q25,5,4434,4434,0.9560855331677994,0.9997193274420192,1054.877116476613,2746.9520204875635,1.1148729089939187,,,0.0006765899864682003,3,0.22744631919421743,0.0,0.006540369869192602,29,1.015346341870063,0.9926508512924529,0.008795669824086604,39,1.012100370486405,0.9926508512924529
AB_N30,SHUFFLED_all_interior75,6,16999,5000,0.9492492050225855,0.9995976518151666,1039.13968822791,2732.783946120797,1.1178938606689155,,,0.0014,7,0.46696609499443353,0.3543274927051793,0.0062,31,1.0133425040981168,1.07577298966071,0.0088,44,0.9658164580882039,0.9049758996951323
AB_N30,SHUFFLED_texture_high_q25,6,4251,4251,0.9420015646358958,0.9991733650950306,1038.1183026123936,2729.0842913901756,1.119024665598734,,,0.0014114326040931546,6,0.6654350331110884,0.0,0.007057163020465773,30,1.1194812806265593,1.3871006723134531,0.011056222065396377,47,1.1259992590948673,1.3088420505261285
AB_N30,SHUFFLED_texture_low_q25,6,4434,4434,0.9606951376103352,0.9994479894887247,1040.2809481958166,2774.837010012754,1.1201853079837403,,,0.0013531799729364006,6,0.820829662599628,0.9704062294180993,0.004285069914298602,19,1.1289681770545472,1.1557383920615698,0.008119079837618403,36,0.9838576599196097,0.9803392092483045
AB_N30,SHUFFLED_all_interior75,7,16999,5000,0.9453779812193376,0.9998874243174921,1038.899851002318,2708.2400646789156,1.1200610433676923,,,0.0006,3,0.0,0.0,0.0042,21,0.8649462439055939,0.8687336034402242,0.0082,41,1.0184237168892742,0.9809151768770539
AB_N30,SHUFFLED_texture_high_q25,7,4251,4251,0.9490494937684044,0.9996895721066268,1041.5092239058554,2720.848505087505,1.1159647881521237,,,0.0007057163020465773,3,0.0,0.0,0.0061162079510703364,26,0.9766573642095933,1.0584011222046872,0.008939073159256645,38,1.0136964887842543,1.0229714658486344
AB_N30,SHUFFLED_texture_low_q25,7,4434,4434,0.9425460017416083,0.9997854501855962,1040.5884465189288,2740.1583500587712,1.1175607964053806,,,0.0020297699594046007,9,0.9146724731671827,0.8091737813847371,0.006540369869192602,29,1.0808969898568968,0.9567147586131499,0.011502029769959404,51,1.1496716699646128,1.120260091540398
AB_N30,SHUFFLED_all_interior75,8,16999,5000,0.9398539732078669,0.9995637440409507,1029.0693918943189,2774.60607855395,1.1227204488231797,,,0.0014,7,0.47648483912554224,0.0,0.0058,29,1.0215690466267604,1.0989010890180717,0.0086,43,1.0970636711479829,1.1680597221505586
AB_N30,SHUFFLED_texture_high_q25,8,4251,4251,0.9274347285978476,0.9988636487238257,1040.0830485316903,2744.2613061992874,1.121432406285804,,,0.0009409550693954364,4,0.8764975235705446,1.000281716949573,0.008703834391907786,37,1.0129072186413244,0.931726526763232,0.012702893436838392,54,1.0957298710941177,1.0023254548050744
AB_N30,SHUFFLED_texture_low_q25,8,4434,4434,0.9515118085264864,0.9994368733073284,1057.101708707163,2653.2008009238243,1.110777144905485,,,0.0011276499774470004,5,0.8367257208771586,0.7573593129051276,0.005863779882724403,26,1.1661202327228972,0.9902583640656117,0.009923319801533603,44,1.1382328751678144,0.9902583640656117
AB_N30,SHUFFLED_all_interior75,9,16999,5000,0.9435323208419278,0.9996873862504853,1038.6304744171516,2627.1912104026565,1.1250225506174665,,,0.001,5,1.00102409043367,1.3774624841670449,0.0056,28,0.9327097755000924,0.8592363173270204,0.0084,42,0.9921876190791697,0.9909639940645264
AB_N30,SHUFFLED_texture_high_q25,9,4251,4251,0.9444609276757505,0.9993464317384834,1041.342588232413,2780.428194060753,1.1129113766232464,,,0.0011761938367442955,5,0.7965109388654458,0.0,0.007057163020465773,30,1.1635069697503484,1.1346252725686705,0.01058574453069866,45,1.1122917488445276,1.0677282344347427
AB_N30,SHUFFLED_texture_low_q25,9,4434,4434,0.9423697538565391,0.999546962296877,1050.028066586706,2725.4490723242984,1.116516324313706,,,0.0009021199819576004,4,0.9277954660338082,1.0124231398400212,0.006991429860171402,31,1.063902710740963,1.083592419120888,0.009923319801533603,44,1.019699095133306,0.9867752719765865
Penrose_N24,all_interior75,0,21539,20000,0.957506336218488,0.9999298561488602,944.8401328965094,2390.8174463851146,1.1222551007523964,-0.034198041087095433,-0.37369094436376754,0.0011,22,0.661922995398956,0.0,0.00705,141,1.0148882391488008,1.1755705045741416,0.00905,181,1.1444003904799995,1.1755705046
Penrose_N24,texture_high_q25,0,5463,5463,0.9569460550927896,0.999752460838108,999.9009695834054,2670.0342633680943,1.0671022068231781,-0.10886532789581208,-0.3694566415229958,0.0016474464579901153,9,0.5393446629205543,0.0,0.006772835438403808,37,1.0135144087430346,1.1755705045366651,0.008420281896393923,46,1.140591534103571,1.1755705046
Penrose_N24,texture_low_q25,0,5595,5595,0.9575935954554753,0.9999357344816947,967.5718150183503,2482.230000223744,1.1084227808072398,-0.12449527055237157,-0.3632061483647547,0.0012511170688114387,7,0.6934431380423337,0.0,0.005898123324396783,33,1.0871343831188374,1.1755705046,0.0071492403932082215,40,1.2046587508999267,1.1755705046317708
Penrose_N24,depth_high_q25,0,5385,5385,0.9593813082744683,0.9997575826575831,1198.9200827519542,3077.3787532051406,0.8695217966548692,0.002333867680086126,-0.06594906952208156,0.0007428040854224698,4,0.0,0.0,0.005571030640668524,30,0.8232941474914238,0.6180339887901066,0.008356545961002786,45,0.9915731070286707,1.1755705045741416
Penrose_N24,depth_low_q25,0,5385,5385,0.9521027065627428,0.9996188802320942,706.3145255100162,1472.4810288522938,1.4440378295086347,0.015875278921306024,-0.13817039176159626,0.00018570102135561745,1,1.6180339887616626,1.6180339887616626,0.006685236768802228,36,1.4960253751131607,1.175570504631771,0.010027855153203343,54,1.642134442344056,1.473082507451179
Penrose_N24,texture_high_depth_high,0,1859,1859,0.9620564534025531,0.9998657339306795,1222.8144460376848,3025.380771752266,0.8751232263845754,-0.013466405133770284,-0.07346859638426306,0.0016137708445400753,3,0.5393446628888523,0.0,0.009682625067240451,18,0.8527131081582177,0.8968022466837833,0.011834319526627219,22,0.939152729598991,1.1755705045741416
Penrose_N24,texture_low_depth_low,0,1204,1204,0.9493649761251938,0.9996853106510417,704.7075432733421,1477.6064429074422,1.4409143583971582,0.011388068021779425,-0.1682537852190707,0.0,0,,,0.009136212624584718,11,1.3230333289697505,1.1755705045741416,0.01079734219269103,13,1.485822302294808,1.1755705046
Penrose_N24,all_interior75,1,21539,20000,0.9613758943961341,0.9998866944520779,938.0782355005654,2363.3312256322706,1.1361101022162357,-0.028227283683858528,-0.38179538215149794,0.001,20,0.40450849718679527,0.0,0.0066,132,1.0441103373589007,1.1755705045741416,0.0087,174,1.2136698049020296,1.1755705046317708
Penrose_N24,texture_high_q25,1,5463,5463,0.9595413049293247,0.9998554726458252,1005.3006607465522,2631.911299019067,1.0617027084978579,-0.1266268280332456,-0.36067140866307595,0.001098297638660077,6,0.0,0.0,0.006589785831960461,36,1.0589657436086601,1.1755705045741416,0.007871133077063884,43,1.130646703725772,1.1755705046
Penrose_N24,texture_low_q25,1,5595,5595,0.9504061862110736,0.9999123403752205,965.0942158783325,2459.127423195969,1.1057305362596386,-0.12537834319489874,-0.3721972641684333,0.0008936550491510277,5,0.0,0.0,0.006791778373547811,38,1.0833178468092861,1.1755705045741416,0.008579088471849867,48,1.2549857684013375,1.1755705045870708
Penrose_N24,depth_high_q25,1,5385,5385,0.9719555007370547,0.9995159999661203,1198.920082620163,2985.189058035805,0.876688700028317,0.0001836130690506237,-0.09258803540432874,0.0007428040854224698,4,0.0,0.0,0.006128133704735376,33,0.712071237338833,0.6180339887493117,0.009285051067780872,50,0.921531565521434,1.1755705045741416
Penrose_N24,depth_low_q25,1,5385,5385,0.9651202149470794,0.9998777435561803,708.9381240193393,1511.4817792917258,1.437379877285357,-0.011536848094574647,-0.13354706074001726,0.0007428040854224698,4,0.8090169943750001,0.8090169943500001,0.0064995357474466105,35,1.3274508226988058,1.175570504631771,0.009656453110492107,52,1.469437319367605,1.3281310261035806
Penrose_N24,texture_high_depth_high,1,1859,1859,0.9461877960719244,0.9998371550542349,1216.415386133666,2887.1079417357164,0.8766554027388895,0.011502398898724356,-0.062255579162302,0.0,0,,,0.00914470145239376,17,0.8903456439866003,0.6180339887999999,0.009682625067240451,18,0.9146670541031737,0.6180339887999999
Penrose_N24,texture_low_depth_low,1,1204,1204,0.9460834499864134,0.9997426778644815,699.7588051755283,1549.0970834573086,1.452155213031531,0.047018757332326154,-0.15416829414233718,0.0,0,,,0.012458471760797342,15,1.5436836171010488,1.90211303257099,0.014950166112956811,18,1.5743206468049225,1.9021130325709898
Penrose_N24,all_interior75,2,21539,20000,0.9595591923275621,0.9997737812835198,938.0782355598343,2390.8174461093377,1.1299425651271107,-0.03246340836878336,-0.3908677007385246,0.0012,24,0.6741808286481485,0.0,0.00615,123,0.9956857243442238,1.1755705045741416,0.00855,171,1.2077071498620346,1.1755705046
Penrose_N24,texture_high_q25,2,5463,5463,0.96148728640358,0.9997937818728302,997.8613166190913,2459.127423353137,1.071363766279684,-0.12724474844958028,-0.3742784682404437,0.001098297638660077,6,0.2696723314666667,0.0,0.005674537799743731,31,0.8977768877531215,1.1755705045366653,0.007688083470620538,42,1.0960689935763912,1.1755705046
Penrose_N24,texture_low_q25,2,5595,5595,0.9595739334396244,0.9999127952097114,957.3946494070685,2390.8174467931217,1.1071742597747924,-0.12775308230097218,-0.375057554073524,0.00017873100983020553,1,0.0,0.0,0.005540661304736372,31,1.0875159071847689,1.1755705045741416,0.0071492403932082215,40,1.2038478808619115,1.1755705045870708
Penrose_N24,depth_high_q25,2,5385,5385,0.9678334250599542,0.9997558594494524,1210.4987956107768,3025.3807709351718,0.8722446619534995,-0.0016173769943202414,-0.09229004710063278,0.0014856081708449396,8,0.606762745787042,0.0,0.0072423398328690805,39,0.8798898944055059,1.1755705045366651,0.00872794800371402,47,0.9561862572476022,1.1755705045366651
Penrose_N24,depth_low_q25,2,5385,5385,0.9701047581471531,0.9998300269132435,704.7075432915822,1575.8401981040981,1.4412348904433234,-0.02028777417963192,-0.10405215532581996,0.0003714020427112349,2,0.0,0.0,0.005756731662024141,31,1.251251994363731,1.1755705045741416,0.009099350046425255,49,1.5266384186834399,1.3281310260849206
Penrose_N24,texture_high_depth_high,2,1859,1859,0.9661239133983828,0.9992351601003092,1251.771835222264,3025.380770990888,0.8612359308865833,-0.006842758523335348,-0.10164589664974213,0.0016137708445400753,3,0.5393446628888523,0.0,0.007530930607853685,14,0.8002921745995054,0.6180339888,0.008068854222700376,15,0.8354814313654303,0.6180339888
Penrose_N24,texture_low_depth_low,2,1204,1204,0.9470177036323578,0.9990079360594079,675.6396054331133,1649.4111617138271,1.4622104729322636,0.0007895957282819976,-0.1236102284479626,0.0008305647840531562,1,1.6180339887616626,1.6180339887616626,0.0033222591362126247,4,1.1890537497220173,1.1180339887549908,0.0049833887043189366,6,1.235412841853821,1.3281310261174286
Penrose_N24,all_interior75,3,21539,20000,0.9588420827071349,0.9998649837356379,934.8940727698616,2390.817446058377,1.1330494870832921,-0.03750151429168035,-0.38601240155004507,0.00105,21,0.5393446629171063,0.0,0.0068,136,1.0446154736311184,1.1755705045741416,0.0092,184,1.187749214579951,1.1755705046317708
Penrose_N24,texture_high_q25,3,5463,5463,0.9639357922898864,0.9995278208949265,995.2759600678232,2459.1274230632184,1.0736238831849625,-0.12957038603916962,-0.3659169850052729,0.0005491488193300384,3,0.5393446629205542,0.0,0.005857587406187077,32,1.08255856493,1.1755705045741416,0.007688083470620538,42,1.2002601717967418,1.1755705046
Penrose_N24,texture_low_q25,3,5595,5595,0.962826130939832,0.9998118200705745,957.3946494664101,2542.8987282873823,1.1092803849155342,-0.11450533436333073,-0.36506487049308334,0.0014298480786416443,8,0.6067627457583196,0.0,0.006791778373547811,38,1.0263945810689645,1.1755705045554032,0.00804289544235925,45,1.1148867676673266,1.1755705045741416
Penrose_N24,depth_high_q25,3,5385,5385,0.9663382280993028,0.9995782535099692,1210.4987956303412,3077.3787528209505,0.8735836435490091,-0.003344297366126545,-0.10885522837347292,0.0003714020427112349,2,1.618033988767337,1.618033988767337,0.005571030640668524,30,0.9262998122863338,0.8968022466718815,0.008356545961002786,45,1.0602435502289973,1.1755705046
Penrose_N24,depth_low_q25,3,5385,5385,0.9740829266239981,0.9996640353891946,704.7075432908306,1590.536797383656,1.4448958245946875,0.010531716432554456,-0.14727447665789895,0.0003714020427112349,2,0.0,0.0,0.005571030640668524,30,1.3393799802733992,1.1755705046158855,0.00947075208913649,51,1.6772233455614223,1.9021130324900883
Penrose_N24,texture_high_depth_high,3,1859,1859,0.9587219834169647,0.9999851141087783,1228.9143831472484,3138.8135265214128,0.8700873094132281,-0.013288346153637652,-0.10775025918366182,0.002151694459386767,4,0.0,0.0,0.008068854222700376,15,0.6762395314111168,0.6180339888,0.011834319526627219,22,0.8836595524483051,1.1755705045366653
Penrose_N24,texture_low_depth_low,3,1204,1204,0.9506068967923652,0.9999817623734881,706.7158106182075,1474.894311581598,1.4555853542353359,0.008760480908208638,-0.07959321013560003,0.0016611295681063123,2,1.6180339887616626,1.6180339887616626,0.011627906976744186,14,1.349563289706102,1.1755705046,0.014950166112956811,18,1.5283664292709234,1.175570504631771
Penrose_N24,all_interior75,4,21539,20000,0.9569907408489322,0.9998482730739657,938.0782354946892,2363.3312259058625,1.1353743539544394,-0.042804283831397644,-0.392486662270925,0.0011,22,0.6619229953963693,0.0,0.00595,119,1.0571051452991007,1.1755705045741416,0.00815,163,1.2244997291266857,1.175570504631771
Penrose_N24,texture_high_q25,4,5463,5463,0.9608301730675761,0.9994841808485119,999.3359729808647,2459.127423432002,1.0748797234075875,-0.10480119576392094,-0.36517477952828803,0.0014643968515467693,8,0.606762745771987,0.0,0.008603331502837269,47,0.9698401285891998,1.1755705045366651,0.010250777960827384,56,1.0436357541084915,1.1755705045366653
Penrose_N24,texture_low_q25,4,5595,5595,0.9558813652737638,0.9999081421393526,965.0942158695705,2390.817446832021,1.104907163530618,-0.11472485597888606,-0.360332746454364,0.0010723860589812334,6,0.5393446629224457,0.0,0.006970509383378016,39,0.9477319873607926,1.1755705045366651,0.009294012511170688,52,1.0732126302255056,1.1755705045870708
Penrose_N24,depth_high_q25,4,5385,5385,0.9788694062609793,0.9999102393054412,1189.791995188033,2985.1890567820246,0.8734491729748877,0.00315900653686529,-0.09751722342887739,0.0012999071494893223,7,0.23114771268571427,0.0,0.008542246982358403,46,0.8015671710141447,0.6180339888,0.010027855153203343,54,0.8795766310310577,1.1755705045366651
Penrose_N24,depth_low_q25,4,5385,5385,0.9777000884691214,0.9996706747380685,713.9895485611682,1590.5367973705881,1.4322617281702146,-0.019661683034898354,-0.14753425290203992,0.0005571030640668524,3,1.0786893258411083,1.6180339887616626,0.006313834726090994,34,1.2773515821244885,1.1755705046,0.009842154131847726,53,1.4980091057069242,1.3281310261169759
Penrose_N24,texture_high_depth_high,4,1859,1859,0.956526366832033,0.9995128108832292,1198.9200826646106,3025.380770990495,0.866374512265899,-0.015853812279516787,-0.11758507576192427,0.0010758472296933835,2,0.0,0.0,0.006455083378160301,12,0.747335205563565,0.6180339888,0.006993006993006993,13,0.7920118071428417,0.6180339888
Penrose_N24,texture_low_depth_low,4,1204,1204,0.950386187654138,0.9998457357272341,726.362192317034,1592.5113505231484,1.431135708671579,0.050124493369989774,-0.17952025722207557,0.0,0,,,0.0049833887043189366,6,1.4177513472235785,1.1755705045741416,0.007475083056478406,9,1.7550096364744339,1.9021130325488667
Penrose_N24,all_interior75,5,21539,20000,0.9570078068859795,0.9997722544619556,938.0782355383158,2390.817446178627,1.134239882044612,-0.034801225972570494,-0.3823909130895456,0.00085,17,0.38071387970528714,0.0,0.00575,115,1.0430040643788017,1.1755705045741416,0.00745,149,1.20931985127115,1.1755705046
Penrose_N24,texture_high_q25,5,5463,5463,0.959485341648831,0.9996389784985651,983.0058012110671,2459.127422700358,1.080905404442544,-0.121723755944437,-0.3579557960338108,0.001098297638660077,6,0.8090169943808313,0.8090169943808313,0.006955885044847154,38,1.0245061173049308,0.8968022466367266,0.008786381109280615,48,1.1206739300779023,1.1755705046029563
Penrose_N24,texture_low_q25,5,5595,5595,0.9669508694123911,0.9997778039139595,957.394649386909,2445.251223385079,1.1167287974835158,-0.13646388115286634,-0.37583967121225414,0.0016085790884718498,9,0.7191262172286665,0.0,0.009115281501340482,51,1.157176671534317,1.1755705045741416,0.010902591599642538,61,1.2346117822886993,1.1755705046317708
Penrose_N24,depth_high_q25,5,5385,5385,0.9649350141429074,0.9998638771512305,1198.9200827979141,3025.3807717896925,0.8676973347778804,-0.013053091796573237,-0.08428317776028757,0.0014856081708449396,8,0.6067627457841265,0.0,0.0072423398328690805,39,0.7157925956018673,0.6180339887493117,0.008542246982358403,46,0.8089745306770241,0.6180339887493117
Penrose_N24,depth_low_q25,5,5385,5385,0.9508927707064948,0.9998939179774289,694.4037972055625,1477.6064428256248,1.4628447789571752,0.0015414748832524475,-0.11266133586479163,0.0003714020427112349,2,0.0,0.0,0.005756731662024141,31,1.1504231361965678,1.1755705046,0.008356545961002786,45,1.3929154805261974,1.175570504631771
Penrose_N24,texture_high_depth_high,5,1859,1859,0.959308258017099,0.9996169099947103,1213.1340824643466,3138.81352679238,0.8590083735550358,-0.02396621124353114,-0.06319998144023525,0.0005379236148466917,1,0.0,0.0,0.0053792361484669175,10,0.7792451962088502,0.6180339887999999,0.006455083378160301,12,0.8707261678633058,0.8968022466683325
Penrose_N24,texture_low_depth_low,5,1204,1204,0.9132452491477789,0.9995116118236403,698.0198887129764,1477.6064429062035,1.464950542918494,0.017307386723800257,-0.1578422478210564,0.0,0,,,0.005813953488372093,7,1.4869458737461614,1.175570504631771,0.007475083056478406,9,1.584778608449999,1.3281310261025963
Penrose_N24,all_interior75,6,21539,20000,0.9662509838167076,0.9998407555651687,938.0782355954917,2390.8174463784035,1.1295278715621826,-0.03374226574714875,-0.38744998708529144,0.00115,23,0.7738423424360635,0.0,0.0069,138,1.0170213669143868,1.1755705045366651,0.0086,172,1.1661360149629825,1.1755705045741416
Penrose_N24,texture_high_q25,6,5463,5463,0.9670524289473355,0.9997691264151528,983.0058012459262,2455.9207048218977,1.0810420154946725,-0.11302095014149119,-0.36880202502355464,0.0020135456708768075,11,0.44128199691772674,0.0,0.006589785831960461,36,0.8474893050492621,1.1755705045183324,0.008237232289950576,45,1.024323156046948,1.1755705045366653
Penrose_N24,texture_low_q25,6,5595,5595,0.9558311527877044,0.9998310150772904,969.946721804823,2390.817446807759,1.0997011288003493,-0.12282777473733955,-0.3554454512363384,0.0014298480786416443,8,0.4045084971708196,0.0,0.006255585344057194,35,0.9528923011872797,1.1755705045366653,0.007327971403038427,41,1.029950089011266,1.1755705045741416
Penrose_N24,depth_high_q25,6,5385,5385,0.9576901721005368,0.999899807448819,1207.2650128832354,3025.3807710122264,0.8726272958395184,-0.0112086214070693,-0.10186829483229455,0.0011142061281337048,6,0.0,0.0,0.006128133704735376,33,0.7186475124377454,0.6180339887493117,0.008170844939647167,44,0.8710183908513762,0.6180339887647626
Penrose_N24,depth_low_q25,6,5385,5385,0.9521035664801497,0.9998981581663856,708.9381239959935,1590.5367974953665,1.4377586562286309,0.01632772290517927,-0.12762116298921986,0.0003714020427112349,2,0.8090169944,0.8090169944,0.0064995357474466105,35,1.4238046556509676,1.17557050463292,0.009285051067780872,50,1.5425372541609876,1.328131026135584
Penrose_N24,texture_high_depth_high,6,1859,1859,0.9599210436486331,0.9996115764710589,1229.9655336416367,3077.3787529979445,0.8679616328923597,-0.020042846827157047,-0.07806199711747845,0.0,0,,,0.0053792361484669175,10,0.9525558982626124,1.1755705045741416,0.006455083378160301,12,1.0151517528956082,1.1755705045741416
Penrose_N24,texture_low_depth_low,6,1204,1204,0.9581274008311438,0.9999575680360032,695.2440564137228,1590.5367974523056,1.4420339964722395,0.030618087568788872,-0.1375894068074932,0.0024916943521594683,3,0.5393446629243371,0.0,0.005813953488372093,7,1.0448216449478493,1.1755705045741416,0.012458471760797342,15,1.6583155397175346,1.9999999999684825
Penrose_N24,all_interior75,7,21539,20000,0.9600515693180575,0.999711120932192,942.5890297381536,2390.8174466818264,1.1256662611531842,-0.03585892206556605,-0.38732187469459106,0.001,20,0.6472135954986717,0.0,0.0062,124,1.0445234055403365,1.1755705045741416,0.00835,167,1.1960483822909755,1.1755705046
Penrose_N24,texture_high_q25,7,5463,5463,0.9595310719781875,0.9999793178681448,992.791339764034,2542.8987283587976,1.0654547917642085,-0.11578837970332662,-0.3484739697981967,0.001281347245103423,7,0.6934431380455763,0.0,0.007505033864177192,41,1.049996405260113,1.1755705045741416,0.009701629141497347,53,1.1825149455274813,1.1755705046
Penrose_N24,texture_low_q25,7,5595,5595,0.9619538854927494,0.9999348025143,937.6116446881094,2390.817446673345,1.126849667084772,-0.14889087510141352,-0.3709836007289241,0.0012511170688114387,7,0.693443138027126,0.0,0.007685433422698838,43,1.0879758055027642,1.1755705045741416,0.01000893655049151,56,1.192365604107758,1.1755705046158855
Penrose_N24,depth_high_q25,7,5385,5385,0.9631240348758205,0.999620475356911,1222.8144460542508,3025.3807710215706,0.8670558614178021,-0.013705866271793677,-0.07419840401335913,0.0011142061281337048,6,0.2696723314602771,0.0,0.005385329619312906,29,0.7382131340894053,0.6180339887493117,0.007613741875580316,41,0.9108720293110233,1.1755705046
Penrose_N24,depth_low_q25,7,5385,5385,0.9500500533722737,0.9996299089533955,703.3546348443232,1444.204340855296,1.446111028656015,0.015953729059182627,-0.13533455008208523,0.0014856081708449396,8,1.0112712429673452,1.6180339887268862,0.005942432683379758,32,1.256358364784884,1.1755705045741416,0.008170844939647167,44,1.509892688729671,1.328131026135584
Penrose_N24,texture_high_depth_high,7,1859,1859,0.9689577370910119,0.9998810859829588,1210.4987955703762,3138.8135261748753,0.8687082157784346,-0.008980880819849747,-0.08757817169186043,0.0,0,,,0.0053792361484669175,10,0.7852949435061836,0.6180339887901066,0.006455083378160301,12,0.8757676239405393,0.6180339887999999
Penrose_N24,texture_low_depth_low,7,1204,1204,0.938818888551239,0.9996233483289194,713.989548599119,1511.4817792198455,1.4354102621855052,-0.02526249631252348,-0.14715958272059143,0.0008305647840531562,1,0.0,0.0,0.006644518272425249,8,1.2313855750360974,1.1755705046,0.011627906976744186,14,1.5944414736579504,1.6151220293257313
Penrose_N24,all_interior75,8,21539,20000,0.9611690826271777,0.9998632804311546,930.5465622053916,2339.5334708724536,1.137617915888983,-0.0335829891374121,-0.3873446405106716,0.0011,22,0.6619229953971426,0.0,0.006,120,0.9992988721490232,1.1755705045366651,0.00805,161,1.18521950689998,1.1755705045741416
Penrose_N24,texture_high_q25,8,5463,5463,0.9508948880931567,0.9998906668748955,1005.3006607414187,2625.361332939337,1.0600820081298858,-0.11103135172508995,-0.353697275679695,0.0014643968515467693,8,0.20225424859520783,0.0,0.006406736225517115,35,0.7938020701136816,1.1755705044932399,0.007688083470620538,42,0.9399104345658629,1.1755705045366651
Penrose_N24,texture_low_q25,8,5595,5595,0.9582081852608914,0.9997211022614111,954.0104248185814,2429.247001473077,1.1202713448282964,-0.124213347897198,-0.37568822552811804,0.0012511170688114387,7,1.1557385634082855,1.6180339887616626,0.006255585344057194,35,1.2033733460759712,1.1755705045741416,0.00804289544235925,45,1.2928290579242212,1.1755705046317708
Penrose_N24,depth_high_q25,8,5385,5385,0.9517174909786261,0.9998056282499466,1222.814446139741,3077.3787525854314,0.8664142403928903,-0.012371893489977885,-0.08128761695762382,0.0014856081708449396,8,0.0,0.0,0.007428040854224698,40,0.7634821863286188,0.6180339887493117,0.008913649025069638,48,0.8575903262924897,1.1755705045741416
Penrose_N24,depth_low_q25,8,5385,5385,0.9545785527687944,0.9997646182513298,704.7075433033244,1517.8424692720141,1.4474273182772854,-0.018441839407565153,-0.13758816316172134,0.0011142061281337048,6,0.8090169943711306,0.8090169943460548,0.005199628597957289,28,1.2259148268026046,1.1755705046158855,0.008542246982358403,46,1.5500900471948877,1.473082507411291
Penrose_N24,texture_high_depth_high,8,1859,1859,0.9488955532899198,0.9996851238980932,1229.9655337376253,3025.3807709780785,0.8617971302971705,-0.0108415178166642,-0.133350712399839,0.0010758472296933835,2,0.0,0.0,0.007530930607853685,14,0.6890395663111443,0.6180339887802133,0.009682625067240451,18,0.8310598907094198,0.6180339887802133
Penrose_N24,texture_low_depth_low,8,1204,1204,0.9274275549156842,0.9993291932150109,704.7075432721301,1549.0970833680644,1.453584595426247,-0.005251221168967373,-0.14888672463795719,0.0008305647840531562,1,1.6180339887616626,1.6180339887616626,0.009136212624584718,11,1.4799917406152725,1.175570504631771,0.011627906976744186,14,1.6834634136957531,1.7600735106808312
Penrose_N24,all_interior75,9,21539,20000,0.9606083609168374,0.9998194435828325,938.3670864793021,2390.8174460246028,1.13158369493546,-0.027651833314082355,-0.39192535459838024,0.0011,22,0.7354699948849611,0.0,0.0062,124,1.0526154579713956,1.1755705045741416,0.00825,165,1.159923435740691,1.1755705046317708
Penrose_N24,texture_high_q25,9,5463,5463,0.9676438226318749,0.9999539461426739,983.4650259839192,2459.1274232544133,1.083593300110959,-0.1378893392512116,-0.38077817170294415,0.0009152480322167307,5,0.6472135954907545,0.0,0.008420281896393923,46,1.0405775018926249,1.1755705045183324,0.010799926780157423,59,1.1396327065314198,1.1755705045741416
Penrose_N24,texture_low_q25,9,5595,5595,0.9681117152142538,0.999900882288957,965.0942158773782,2390.8174465443562,1.1090677583353643,-0.1245657601581961,-0.3639528082064595,0.0005361930294906167,3,0.5393446629205542,0.0,0.007506702412868633,42,1.0371280491756574,1.1755705045366653,0.00875781948168007,49,1.1216807450425204,1.1755705045741416
Penrose_N24,depth_high_q25,9,5385,5385,0.9572921075187736,0.9996656204373681,1207.2650129001206,3061.025153368604,0.8696518328713871,0.006756179466732774,-0.10304050901733829,0.001671309192200557,9,0.1797815542962841,0.0,0.007799442896935933,42,0.7365176159604138,0.6180339887493117,0.009285051067780872,50,0.831175761583465,0.8968022466466199
Penrose_N24,depth_low_q25,9,5385,5385,0.9592928220778651,0.999833890062162,707.7612068418007,1549.0970834047366,1.4375359874322904,-0.02040317955885745,-0.14111399702788158,0.0011142061281337048,6,0.5393446629121686,0.0,0.005199628597957289,28,1.1231161669454903,1.1755705045741416,0.008542246982358403,46,1.3801667135674005,1.328131026049964
Penrose_N24,texture_high_depth_high,9,1859,1859,0.9779150688639469,0.999244700768616,1219.0895897144862,3138.813525912976,0.863026192794561,0.002341980123999854,-0.050131873241076076,0.0026896180742334587,5,0.0,0.0,0.007530930607853685,14,0.6084996064394171,0.6180339887647626,0.008068854222700376,15,0.6564750344188208,0.6180339887802133
Penrose_N24,texture_low_depth_low,9,1204,1204,0.9860815584509919,0.9993917704634313,694.4037972189168,1409.41508657482,1.4737769380964612,-0.039990534091307685,-0.11176927289692416,0.0,0,,,0.0049833887043189366,6,1.4177513472723142,1.1755705046323457,0.008305647840531562,10,1.7123217754735447,1.6151220293279556
Penrose_N24,SHUFFLED_all_interior75,0,21539,5000,0.9503440209187348,0.9996878423465544,1048.8613923844773,2650.1674091287437,1.1626590523386373,,,0.0012,6,0.5866910971654887,0.0,0.0072,36,0.9605477636600368,0.9270362274025771,0.0094,47,1.0341021403909094,1.0244915601984244
Penrose_N24,SHUFFLED_texture_high_q25,0,5463,5000,0.9507903406061662,0.9998405084078433,1072.5107871362975,2638.667830165334,1.1623462379034555,,,0.0014,7,0.32338270271060704,0.0,0.0078,39,0.9294987297518815,0.927473041614187,0.0104,52,1.0030216559424567,0.9963890041421597
Penrose_N24,SHUFFLED_texture_low_q25,0,5595,5000,0.9569130529177753,0.9999006612247472,1064.677044457008,2769.2058163216493,1.1561570064517304,,,0.0004,2,0.6453095317521808,0.6453095317521808,0.005,25,1.0586561496131714,1.178282784960788,0.0066,33,0.9785928229683615,0.9598465878846555
Penrose_N24,SHUFFLED_all_interior75,1,21539,5000,0.9547370201089693,0.9997958989005782,1050.4597889542256,2719.172073342076,1.1649309042778069,,,0.0008,4,0.42258680269491017,0.0,0.0046,23,1.044177828870023,0.9936284448839784,0.0068,34,1.087547644522539,0.9954862006864471
Penrose_N24,SHUFFLED_texture_high_q25,1,5463,5000,0.964194440729265,0.9998594890431584,1066.940982663702,2734.2987874711616,1.1582238619594016,,,0.0012,6,0.0,0.0,0.008,40,1.0016463486757505,0.9988020467566971,0.0092,46,0.9733011615389365,0.9310697437882489
Penrose_N24,SHUFFLED_texture_low_q25,1,5595,5000,0.9622863386883664,0.9998268129064581,1059.3973869502329,2617.8665486104846,1.1584706256048534,,,0.0008,4,0.07870030450713987,0.0,0.006,30,0.9867547373106706,1.0735220720057455,0.0102,51,1.0613680108620698,1.082766059204337
Penrose_N24,SHUFFLED_all_interior75,2,21539,5000,0.9495390730716443,0.9999176165723074,1057.977085299568,2575.691325876888,1.169283385704084,,,0.001,5,0.6089040679353777,0.0,0.0042,21,1.009235408360345,0.9566614842966048,0.006,30,1.0717420549282146,1.1638088884673194
Penrose_N24,SHUFFLED_texture_high_q25,2,5463,5000,0.9669234735515485,0.9997691838306683,1049.2362909128633,2673.4699251259226,1.1651765845598476,,,0.0014,7,0.32450955974024137,0.0,0.0058,29,0.8877836790462659,0.8133342910493296,0.0076,38,0.9193565475670572,0.9512713444473009
Penrose_N24,SHUFFLED_texture_low_q25,2,5595,5000,0.9559036787210553,0.9997998435610947,1044.1084251182315,2611.738773575671,1.1726214172909033,,,0.0024,12,0.42679351851769026,0.0,0.009,45,0.9710806180518656,0.907813331002616,0.0122,61,1.0835677178764016,1.074257256156688
Penrose_N24,SHUFFLED_all_interior75,3,21539,5000,0.9601950187901187,0.9995695769022614,1086.0608287821833,2786.72686935122,1.1412653364263368,,,0.0018,9,0.11032114800474041,0.0,0.0078,39,0.8923454466014169,0.913485125821927,0.01,50,0.914336265230537,0.9203102680015699
Penrose_N24,SHUFFLED_texture_high_q25,3,5463,5000,0.9788486136636345,0.9999520255442523,1062.6806059382227,2612.113621338908,1.1608380942768886,,,0.0012,6,0.47248689654271603,0.0,0.0056,28,0.936328147777665,0.8857287237876464,0.0068,34,1.003644622725117,0.9151204640616899
Penrose_N24,SHUFFLED_texture_low_q25,3,5595,5000,0.9596182601427722,0.9999388342037389,1057.2556464500997,2653.7674901268656,1.1615183707833348,,,0.0006,3,1.0965400375698693,1.0509066748646152,0.006,30,1.1393919217841975,1.106961783186751,0.0084,42,1.1110700255746762,1.1092336002247551
Penrose_N24,SHUFFLED_all_interior75,4,21539,5000,0.9578189951121981,0.9999174223232015,1070.4329619664263,2734.7216187871536,1.155057990640019,,,0.0016,8,0.5458268580038961,0.0,0.0072,36,1.0291557357673975,0.9593955342107056,0.0086,43,1.054061966254664,1.0802334175294486
Penrose_N24,SHUFFLED_texture_high_q25,4,5463,5000,0.9581691159826546,0.9999465861095205,1068.8631962749291,2708.7149907722883,1.1515619395980334,,,0.0014,7,0.0,0.0,0.01,50,0.9335485662652627,0.9010663816001542,0.0124,62,0.9406764542114961,0.9075748311498878
Penrose_N24,SHUFFLED_texture_low_q25,4,5595,5000,0.9604723190688489,0.9997214651538621,1051.1894763857345,2547.809396125439,1.1703439618499143,,,0.001,5,0.03498748136095828,0.0,0.0056,28,0.8864274523866935,0.8228838428514487,0.0078,39,0.9878586880924632,0.9767506713421572
Penrose_N24,SHUFFLED_all_interior75,5,21539,5000,0.9708586468855087,0.9997753705171951,1058.9456132940668,2699.765083961349,1.1583290469009895,,,0.0008,4,0.2094465518307397,0.0,0.0058,29,1.2529794876855656,1.5044219554489044,0.0078,39,1.232792668302001,1.4320506968288211
Penrose_N24,SHUFFLED_texture_high_q25,5,5463,5000,0.9496914345353683,0.9997246300093271,1087.345642889214,2734.630333420436,1.1420660243236231,,,0.0014,7,0.08279565721729852,0.0,0.0066,33,0.8003851832172395,0.858258478818783,0.0086,43,0.8750454755410991,0.8980927579845768
Penrose_N24,SHUFFLED_texture_low_q25,5,5595,5000,0.9643481088872388,0.9998680890007177,1075.4818066843509,2739.253737857867,1.1500685654911136,,,0.0008,4,0.2692535815704745,0.0,0.006,30,1.0688423853287623,1.0267665127526773,0.0078,39,1.0690844768264658,1.077014326281898
Penrose_N24,SHUFFLED_all_interior75,6,21539,5000,0.9633714582335222,0.9997909016811053,1054.758968680289,2736.1118877702515,1.1588030771220195,,,0.0004,2,0.5073009104323861,0.5073009104323861,0.0052,26,1.062007508259506,1.0784755645409123,0.0078,39,1.139020717707864,1.1444953998411798
Penrose_N24,SHUFFLED_texture_high_q25,6,5463,5000,0.9624457801426521,0.9997946103461867,1064.7308872674757,2698.9120263248683,1.1637833071693278,,,0.0018,9,0.42005633791460323,0.0,0.009,45,0.9391420372344235,0.9215476319283826,0.0114,57,0.9639203834434998,0.9215476319283826
Penrose_N24,SHUFFLED_texture_low_q25,6,5595,5000,0.9528140318647157,0.9995290539010968,1067.5807153950027,2820.862355046584,1.1360050808930275,,,0.0014,7,0.7290542817269513,0.7392548715864206,0.0064,32,0.944585258528842,0.8941211502123536,0.0094,47,1.049628945533564,0.9571004630052783
Penrose_N24,SHUFFLED_all_interior75,7,21539,5000,0.9613002792406355,0.9996095384704548,1069.8871216408484,2622.4159962184212,1.1503225796472296,,,0.001,5,0.9479573940152488,0.8828472495973877,0.0066,33,1.1078284835877072,1.0788751950520596,0.008,40,1.1513542857601435,1.0955343034146838
Penrose_N24,SHUFFLED_texture_high_q25,7,5463,5000,0.9565101421458071,0.9999916274716828,1035.8289351918138,2638.2342127066804,1.168123937511141,,,0.001,5,0.36139755388145045,0.0,0.0066,33,0.9939458015738944,0.9473508764694452,0.0092,46,1.012195886956497,0.9806735440765011
Penrose_N24,SHUFFLED_texture_low_q25,7,5595,5000,0.9515873617033468,0.999796270458417,1070.264884150386,2840.394773864276,1.1479440069173954,,,0.001,5,0.5076089028514136,0.0,0.0072,36,1.1587510436782416,1.1480469579897776,0.0096,48,1.164462379181142,1.1480469579897776
Penrose_N24,SHUFFLED_all_interior75,8,21539,5000,0.9520337274806561,0.9996573554291535,1069.246012681856,2791.181450685487,1.148690967288069,,,0.0006,3,0.7583564877783044,0.0,0.0056,28,1.1483189479400908,1.0284610912218661,0.0078,39,1.1386088350807724,1.0122934341642011
Penrose_N24,SHUFFLED_texture_high_q25,8,5463,5000,0.9670648121969515,0.9999434484660209,1057.236142034738,2635.6655670072346,1.1632380512275102,,,0.0006,3,0.0,0.0,0.004,20,0.9839672530989858,1.073746403588388,0.0066,33,1.0941724290463928,1.1472523365380707
Penrose_N24,SHUFFLED_texture_low_q25,8,5595,5000,0.9461497891224938,0.9997603552925922,1057.2226298146238,2686.226071415008,1.171762141359522,,,0.001,5,0.7410910314808735,0.9364974894205996,0.0058,29,1.3156221240815649,1.4491397498647356,0.0076,38,1.2348050190238375,1.317108970018426
Penrose_N24,SHUFFLED_all_interior75,9,21539,5000,0.9564500496838109,0.9996439533448069,1052.7426682323571,2813.7120730136903,1.1575190164758569,,,0.001,5,0.14685590090932574,0.0,0.0076,38,0.9672343684631812,0.9787288258226751,0.009,45,0.9893669523195331,0.9846674433676844
Penrose_N24,SHUFFLED_texture_high_q25,9,5463,5000,0.947462453880536,0.9998437558048183,1056.2490742797613,2690.131552169245,1.1691483003051781,,,0.0006,3,0.5288502411928807,0.764341748866388,0.0076,38,1.057250334694259,1.0490707105219146,0.011,55,1.1070761075468514,1.071946715414496
Penrose_N24,SHUFFLED_texture_low_q25,9,5595,5000,0.9620657180029607,0.999913838416987,1043.0693361766107,2611.3704755987615,1.170781610063228,,,0.001,5,0.6006888872625609,0.0,0.005,25,1.1324895933834547,1.2900923437361111,0.007,35,1.1422016272616824,1.2770547037549564
