family,extent,offx,offy,k,law,movable_feasible_frac,groups_fail_frac,distinct_frac,destchange,con_med,con_p95,con_max,unc_med,unc_p95,ratio_med,ratio_p95,lambda
silver,14,0.13,0.37,2,U,0.0348,0.8485,0.583,0.2609,0.0000,0.0000,0.0000,2.2121,5.0009,0.0000,0.0000,1.0000
silver,14,0.13,0.37,2,DW,0.0348,0.8485,0.583,0.2451,0.0000,0.0000,0.0000,2.2121,5.0009,0.0000,0.0000,1.0000
silver,14,0.13,0.37,4,U,0.2788,0.6061,1.000,0.6250,0.0000,2.0165,3.0059,2.2121,5.0009,0.0000,0.4032,1.0000
silver,14,0.13,0.37,4,DW,0.2788,0.6061,1.000,0.4654,0.0000,1.7969,2.7827,2.2121,5.0009,0.0000,0.3593,1.0000
silver,14,0.13,0.37,6,U,0.5727,0.4242,1.000,0.7364,0.8954,2.2216,4.6143,2.2121,5.0009,0.4048,0.4442,1.0000
silver,14,0.13,0.37,6,DW,0.5727,0.4242,1.000,0.4646,0.0000,1.8960,3.3870,2.2121,5.0009,0.0000,0.3791,1.0000
silver,14,0.13,0.37,8,U,0.7212,0.3333,1.000,0.8044,1.1368,2.4142,4.7586,2.2121,5.0009,0.5139,0.4828,1.0000
silver,14,0.13,0.37,8,DW,0.7212,0.3333,1.000,0.4469,0.0000,1.7969,3.0059,2.2121,5.0009,0.0000,0.3593,1.0000
silver,14,0.13,0.37,12,U,0.9561,0.0303,1.000,0.8878,1.3202,2.7417,5.8485,2.2121,5.0009,0.5968,0.5482,1.0000
silver,14,0.13,0.37,12,DW,0.9561,0.0303,1.000,0.5522,0.0000,1.8960,3.6017,2.2121,5.0009,0.0000,0.3791,1.0000
silver,14,0.13,0.37,16,U,1.0000,0.0000,1.000,0.9132,1.7422,3.0648,5.7317,2.2121,5.0009,0.7876,0.6128,1.0000
silver,14,0.13,0.37,16,DW,1.0000,0.0000,1.000,0.5481,0.0000,1.9087,3.7693,2.2121,5.0009,0.0000,0.3817,1.0000
silver,14,0.13,0.37,32,U,1.0000,0.0000,1.000,0.9501,2.2121,4.8711,7.5917,2.2121,5.0009,1.0000,0.9740,1.0000
silver,14,0.13,0.37,32,DW,1.0000,0.0000,1.000,0.5449,0.0000,1.9087,4.6143,2.2121,5.0009,0.0000,0.3817,1.0000
silver,14,0.29,0.11,2,U,0.0263,0.8788,0.500,0.2567,0.0000,0.0000,0.0000,2.2093,4.9261,0.0000,0.0000,1.0000
silver,14,0.29,0.11,2,DW,0.0263,0.8788,0.500,0.2727,0.0000,0.0000,0.0000,2.2093,4.9261,0.0000,0.0000,1.0000
silver,14,0.29,0.11,4,U,0.1530,0.6970,1.000,0.6198,0.0000,1.7535,2.7505,2.2093,4.9261,0.0000,0.3560,1.0000
silver,14,0.29,0.11,4,DW,0.1530,0.6970,1.000,0.4757,0.0000,1.6767,2.7505,2.2093,4.9261,0.0000,0.3404,1.0000
silver,14,0.29,0.11,6,U,0.6785,0.3636,1.000,0.7324,1.0901,2.1803,4.2563,2.2093,4.9261,0.4934,0.4426,1.0000
silver,14,0.29,0.11,6,DW,0.6785,0.3636,1.000,0.4026,0.0000,1.8554,2.7505,2.2093,4.9261,0.0000,0.3766,1.0000
silver,14,0.29,0.11,8,U,0.7620,0.3030,1.000,0.7892,1.1518,2.4261,4.6768,2.2093,4.9261,0.5213,0.4925,1.0000
silver,14,0.29,0.11,8,DW,0.7620,0.3030,1.000,0.4297,0.0000,1.8023,2.7505,2.2093,4.9261,0.0000,0.3659,1.0000
silver,14,0.29,0.11,12,U,1.0000,0.0000,1.000,0.8845,1.4415,2.7505,5.2089,2.2093,4.9261,0.6525,0.5583,1.0000
silver,14,0.29,0.11,12,DW,1.0000,0.0000,1.000,0.5167,0.0000,1.8554,3.6046,2.2093,4.9261,0.0000,0.3766,1.0000
silver,14,0.29,0.11,16,U,1.0000,0.0000,1.000,0.9094,1.7535,2.9624,5.5737,2.2093,4.9261,0.7937,0.6014,1.0000
silver,14,0.29,0.11,16,DW,1.0000,0.0000,1.000,0.5095,0.0000,1.8023,3.6046,2.2093,4.9261,0.0000,0.3659,1.0000
silver,14,0.29,0.11,32,U,1.0000,0.0000,1.000,0.9404,2.2093,4.9317,6.9862,2.2093,4.9261,1.0000,1.0011,1.0000
silver,14,0.29,0.11,32,DW,1.0000,0.0000,1.000,0.5181,0.0000,1.8554,3.6046,2.2093,4.9261,0.0000,0.3766,1.0000
silver,14,0.41,0.23,2,U,0.0232,0.9091,0.500,0.2909,0.0000,0.0000,0.0000,2.2607,4.8368,0.0000,0.0000,1.0000
silver,14,0.41,0.23,2,DW,0.0232,0.9091,0.500,0.2909,0.0000,0.0000,0.0000,2.2607,4.8368,0.0000,0.0000,1.0000
silver,14,0.41,0.23,4,U,0.1130,0.7273,1.000,0.6750,0.0000,1.6200,2.1912,2.2607,4.8368,0.0000,0.3349,1.0000
silver,14,0.41,0.23,4,DW,0.1130,0.7273,1.000,0.5056,0.0000,1.1787,1.7329,2.2607,4.8368,0.0000,0.2437,1.0000
silver,14,0.41,0.23,6,U,0.4768,0.4848,1.000,0.7470,0.8785,2.1515,4.0728,2.2607,4.8368,0.3886,0.4448,1.0000
silver,14,0.41,0.23,6,DW,0.4768,0.4848,1.000,0.4472,0.0000,1.7569,3.6744,2.2607,4.8368,0.0000,0.3632,1.0000
silver,14,0.41,0.23,8,U,0.7183,0.3333,1.000,0.8086,1.3093,2.3722,5.1946,2.2607,4.8368,0.5792,0.4905,1.0000
silver,14,0.41,0.23,8,DW,0.7183,0.3333,1.000,0.4685,0.0000,2.0830,3.6744,2.2607,4.8368,0.0000,0.4307,1.0000
silver,14,0.41,0.23,12,U,1.0000,0.0000,1.000,0.8781,1.4354,2.6933,5.4273,2.2607,4.8368,0.6349,0.5568,1.0000
silver,14,0.41,0.23,12,DW,1.0000,0.0000,1.000,0.5426,0.0000,1.9782,3.2401,2.2607,4.8368,0.0000,0.4090,1.0000
silver,14,0.41,0.23,16,U,1.0000,0.0000,1.000,0.8945,1.7329,2.9520,5.5535,2.2607,4.8368,0.7665,0.6103,1.0000
silver,14,0.41,0.23,16,DW,1.0000,0.0000,1.000,0.5470,0.0000,2.0830,3.2401,2.2607,4.8368,0.0000,0.4307,1.0000
silver,14,0.41,0.23,32,U,1.0000,0.0000,1.000,0.9429,2.2059,4.8575,6.9901,2.2607,4.8368,0.9758,1.0043,1.0000
silver,14,0.41,0.23,32,DW,1.0000,0.0000,1.000,0.5404,0.0000,2.0830,3.4447,2.2607,4.8368,0.0000,0.4307,1.0000
silver,14,0.05,0.47,2,U,0.0324,0.8529,0.500,0.3723,0.0000,0.0000,0.0000,2.2112,4.8679,0.0000,0.0000,1.0000
silver,14,0.05,0.47,2,DW,0.0324,0.8529,0.583,0.2381,0.0000,0.0000,0.0000,2.2112,4.8679,0.0000,0.0000,1.0000
silver,14,0.05,0.47,4,U,0.2006,0.6765,1.000,0.5720,0.0000,1.8879,2.4235,2.2112,4.8679,0.0000,0.3878,1.0000
silver,14,0.05,0.47,4,DW,0.2006,0.6765,1.000,0.4406,0.0000,1.3162,2.4235,2.2112,4.8679,0.0000,0.2704,1.0000
silver,14,0.05,0.47,6,U,0.4645,0.5000,1.000,0.7656,1.1027,2.1634,4.2275,2.2112,4.8679,0.4987,0.4444,1.0000
silver,14,0.05,0.47,6,DW,0.4645,0.5000,1.000,0.4280,0.0000,1.6560,2.5113,2.2112,4.8679,0.0000,0.3402,1.0000
silver,14,0.05,0.47,8,U,0.5910,0.4118,1.000,0.8113,1.1370,2.4015,4.7246,2.2112,4.8679,0.5142,0.4933,1.0000
silver,14,0.05,0.47,8,DW,0.5910,0.4118,1.000,0.4434,0.0000,1.6560,2.9830,2.2112,4.8679,0.0000,0.3402,1.0000
silver,14,0.05,0.47,12,U,0.9568,0.0588,1.000,0.8796,1.3162,2.7579,5.2314,2.2112,4.8679,0.5952,0.5665,1.0000
silver,14,0.05,0.47,12,DW,0.9568,0.0588,1.000,0.4987,0.0000,1.7393,3.1718,2.2112,4.8679,0.0000,0.3573,1.0000
silver,14,0.05,0.47,16,U,1.0000,0.0000,1.000,0.9056,1.6560,3.1057,5.5915,2.2112,4.8679,0.7489,0.6380,1.0000
silver,14,0.05,0.47,16,DW,1.0000,0.0000,1.000,0.5334,0.0000,1.7695,3.1718,2.2112,4.8679,0.0000,0.3635,1.0000
silver,14,0.05,0.47,32,U,1.0000,0.0000,1.000,0.9418,2.2112,4.7386,6.6293,2.2112,4.8679,1.0000,0.9734,1.0000
silver,14,0.05,0.47,32,DW,1.0000,0.0000,1.000,0.5519,0.0000,1.7393,3.1718,2.2112,4.8679,0.0000,0.3573,1.0000
silver,14,0.19,0.31,2,U,0.0419,0.8056,0.667,0.2987,0.0000,0.0000,0.0000,2.2121,4.8802,0.0000,0.0000,1.0000
silver,14,0.19,0.31,2,DW,0.0419,0.8056,0.833,0.2760,0.0000,0.0000,0.0000,2.2121,4.8802,0.0000,0.0000,1.0000
silver,14,0.19,0.31,4,U,0.1405,0.6389,1.000,0.5745,0.0000,1.8792,3.7462,2.2121,4.8802,0.0000,0.3851,1.0000
silver,14,0.19,0.31,4,DW,0.1405,0.6389,1.000,0.4584,0.0000,1.7844,3.7462,2.2121,4.8802,0.0000,0.3656,1.0000
silver,14,0.19,0.31,6,U,0.5456,0.4167,1.000,0.7522,0.8880,2.1101,3.7462,2.2121,4.8802,0.4014,0.4324,1.0000
silver,14,0.19,0.31,6,DW,0.5456,0.4167,1.000,0.4418,0.0000,1.7844,3.7462,2.2121,4.8802,0.0000,0.3656,1.0000
silver,14,0.19,0.31,8,U,0.7145,0.3056,1.000,0.7900,1.1088,2.2177,5.2544,2.2121,4.8802,0.5013,0.4544,1.0000
silver,14,0.19,0.31,8,DW,0.7145,0.3056,1.000,0.4816,0.0000,1.8792,2.7679,2.2121,4.8802,0.0000,0.3851,1.0000
silver,14,0.19,0.31,12,U,0.8999,0.0833,1.000,0.8658,1.3282,2.6689,5.2544,2.2121,4.8802,0.6004,0.5469,1.0000
silver,14,0.19,0.31,12,DW,0.8999,0.0833,1.000,0.5450,0.0000,1.8792,3.7462,2.2121,4.8802,0.0000,0.3851,1.0000
silver,14,0.19,0.31,16,U,1.0000,0.0000,1.000,0.8838,1.6562,3.0274,6.3093,2.2121,4.8802,0.7487,0.6203,1.0000
silver,14,0.19,0.31,16,DW,1.0000,0.0000,1.000,0.5575,0.0000,1.8792,3.7462,2.2121,4.8802,0.0000,0.3851,1.0000
silver,14,0.19,0.31,32,U,1.0000,0.0000,1.000,0.9395,2.2176,4.7510,7.3483,2.2121,4.8802,1.0025,0.9735,1.0000
silver,14,0.19,0.31,32,DW,1.0000,0.0000,1.000,0.5642,0.0000,1.7844,3.7751,2.2121,4.8802,0.0000,0.3656,1.0000
silver,14,0.37,0.09,2,U,0.0488,0.7500,0.917,0.2386,0.0000,0.0000,0.0000,2.2094,4.9507,0.0000,0.0000,1.0000
silver,14,0.37,0.09,2,DW,0.0488,0.7500,0.833,0.3324,0.0000,0.0000,0.0000,2.2094,4.9507,0.0000,0.0000,1.0000
silver,14,0.37,0.09,4,U,0.2165,0.6111,1.000,0.5691,0.0000,1.8891,2.4261,2.2094,4.9507,0.0000,0.3816,1.0000
silver,14,0.37,0.09,4,DW,0.2165,0.6111,1.000,0.4104,0.0000,1.8007,2.0278,2.2094,4.9507,0.0000,0.3637,1.0000
silver,14,0.37,0.09,6,U,0.5625,0.4167,1.000,0.7334,0.8839,2.2120,3.9961,2.2094,4.9507,0.4000,0.4468,1.0000
silver,14,0.37,0.09,6,DW,0.5625,0.4167,1.000,0.4063,0.0000,1.8007,2.6060,2.2094,4.9507,0.0000,0.3637,1.0000
silver,14,0.37,0.09,8,U,0.5991,0.3889,1.000,0.7782,1.1067,2.4261,5.2582,2.2094,4.9507,0.5009,0.4901,1.0000
silver,14,0.37,0.09,8,DW,0.5991,0.3889,1.000,0.4201,0.0000,1.8007,2.9808,2.2094,4.9507,0.0000,0.3637,1.0000
silver,14,0.37,0.09,12,U,1.0000,0.0000,1.000,0.8654,1.1459,2.7004,5.6250,2.2094,4.9507,0.5186,0.5455,1.0000
silver,14,0.37,0.09,12,DW,1.0000,0.0000,1.000,0.5297,0.0000,1.8921,3.3964,2.2094,4.9507,0.0000,0.3822,1.0000
silver,14,0.37,0.09,16,U,1.0000,0.0000,1.000,0.8950,1.6730,2.9885,5.9219,2.2094,4.9507,0.7572,0.6037,1.0000
silver,14,0.37,0.09,16,DW,1.0000,0.0000,1.000,0.5297,0.0000,1.8921,3.7792,2.2094,4.9507,0.0000,0.3822,1.0000
silver,14,0.37,0.09,32,U,1.0000,0.0000,1.000,0.9396,2.2094,4.7755,7.0045,2.2094,4.9507,1.0000,0.9646,1.0000
silver,14,0.37,0.09,32,DW,1.0000,0.0000,1.000,0.5165,0.0000,1.8921,3.3964,2.2094,4.9507,0.0000,0.3822,1.0000
silver,16,0.13,0.37,2,U,0.0296,0.8108,0.750,0.1873,0.0000,0.0000,0.0000,2.1557,4.9679,0.0000,0.0000,1.0000
silver,16,0.13,0.37,2,DW,0.0296,0.8108,0.917,0.2727,0.0000,0.0000,0.0000,2.1557,4.9679,0.0000,0.0000,1.0000
silver,16,0.13,0.37,4,U,0.2249,0.6486,1.000,0.5802,0.0000,1.3143,1.8253,2.1557,4.9679,0.0000,0.2646,1.0000
silver,16,0.13,0.37,4,DW,0.2249,0.6486,1.000,0.4455,0.0000,1.1375,1.8253,2.1557,4.9679,0.0000,0.2290,1.0000
silver,16,0.13,0.37,6,U,0.4409,0.4865,1.000,0.7376,0.0000,1.7331,2.7091,2.1557,4.9679,0.0000,0.3489,1.0000
silver,16,0.13,0.37,6,DW,0.4409,0.4865,1.000,0.5159,0.0000,1.4332,2.3690,2.1557,4.9679,0.0000,0.2885,1.0000
silver,16,0.13,0.37,8,U,0.6084,0.3784,1.000,0.7935,0.6572,1.9661,3.6507,2.1557,4.9679,0.3049,0.3958,1.0000
silver,16,0.13,0.37,8,DW,0.6084,0.3784,1.000,0.5527,0.0000,1.6037,3.3532,2.1557,4.9679,0.0000,0.3228,1.0000
silver,16,0.13,0.37,12,U,0.8073,0.2432,1.000,0.8565,0.8718,2.2489,5.4049,2.1557,4.9679,0.4044,0.4527,1.0000
silver,16,0.13,0.37,12,DW,0.8073,0.2432,1.000,0.5523,0.0000,1.6037,3.3532,2.1557,4.9679,0.0000,0.3228,1.0000
silver,16,0.13,0.37,16,U,0.8530,0.2162,1.000,0.8912,1.1375,2.4854,5.4044,2.1557,4.9679,0.5277,0.5003,1.0000
silver,16,0.13,0.37,16,DW,0.8530,0.2162,1.000,0.5698,0.0000,1.6037,3.2003,2.1557,4.9679,0.0000,0.3228,1.0000
silver,16,0.13,0.37,32,U,1.0000,0.0000,1.000,0.9427,1.7331,3.0836,6.5475,2.1557,4.9679,0.8040,0.6207,1.0000
silver,16,0.13,0.37,32,DW,1.0000,0.0000,1.000,0.6313,0.0000,1.6037,3.3532,2.1557,4.9679,0.0000,0.3228,1.0000
silver,16,0.29,0.11,2,U,0.0090,0.8919,0.167,0.3273,0.0000,0.0000,0.0000,2.1300,5.0986,0.0000,0.0000,1.0000
silver,16,0.29,0.11,2,DW,0.0090,0.8919,0.167,0.3273,0.0000,0.0000,0.0000,2.1300,5.0986,0.0000,0.0000,1.0000
silver,16,0.29,0.11,4,U,0.1443,0.6486,1.000,0.5872,0.0000,1.6656,2.4296,2.1300,5.0986,0.0000,0.3267,1.0000
silver,16,0.29,0.11,4,DW,0.1443,0.6486,1.000,0.5551,0.0000,1.6656,1.8859,2.1300,5.0986,0.0000,0.3267,1.0000
silver,16,0.29,0.11,6,U,0.4014,0.5135,1.000,0.7192,0.6459,1.7218,3.3316,2.1300,5.0986,0.3032,0.3377,1.0000
silver,16,0.29,0.11,6,DW,0.4014,0.5135,1.000,0.4811,0.0000,1.5656,2.1903,2.1300,5.0986,0.0000,0.3071,1.0000
silver,16,0.29,0.11,8,U,0.6577,0.3514,1.000,0.7893,0.6459,1.9934,3.7248,2.1300,5.0986,0.3032,0.3910,1.0000
silver,16,0.29,0.11,8,DW,0.6577,0.3514,1.000,0.5315,0.0000,1.6656,2.7517,2.1300,5.0986,0.0000,0.3267,1.0000
silver,16,0.29,0.11,12,U,0.7634,0.2703,1.000,0.8660,0.8844,2.1903,4.5911,2.1300,5.0986,0.4152,0.4296,1.0000
silver,16,0.29,0.11,12,DW,0.7634,0.2703,1.000,0.5542,0.0000,1.6656,2.7517,2.1300,5.0986,0.0000,0.3267,1.0000
silver,16,0.29,0.11,16,U,0.7634,0.2703,1.000,0.9026,1.1383,2.3956,4.7114,2.1300,5.0986,0.5344,0.4699,1.0000
silver,16,0.29,0.11,16,DW,0.7634,0.2703,1.000,0.5500,0.0000,1.6656,2.7517,2.1300,5.0986,0.0000,0.3267,1.0000
silver,16,0.29,0.11,32,U,1.0000,0.0000,1.000,0.9434,1.8348,3.1077,6.0057,2.1300,5.0986,0.8614,0.6095,1.0000
silver,16,0.29,0.11,32,DW,1.0000,0.0000,1.000,0.6137,0.0000,1.5796,2.7517,2.1300,5.0986,0.0000,0.3098,1.0000
silver,16,0.41,0.23,2,U,0.0332,0.8108,0.750,0.2875,0.0000,0.0000,0.0000,2.2085,4.8837,0.0000,0.0000,1.0000
silver,16,0.41,0.23,2,DW,0.0332,0.8108,0.917,0.3120,0.0000,0.0000,0.0000,2.2085,4.8837,0.0000,0.0000,1.0000
silver,16,0.41,0.23,4,U,0.0565,0.7297,1.000,0.6176,0.0000,0.0000,0.0000,2.2085,4.8837,0.0000,0.0000,1.0000
silver,16,0.41,0.23,4,DW,0.0565,0.7297,1.000,0.5786,0.0000,0.0000,0.0000,2.2085,4.8837,0.0000,0.0000,1.0000
silver,16,0.41,0.23,6,U,0.3934,0.5135,1.000,0.7318,0.0000,1.6156,2.7215,2.2085,4.8837,0.0000,0.3308,1.0000
silver,16,0.41,0.23,6,DW,0.3934,0.5135,1.000,0.5210,0.0000,1.1460,2.3863,2.2085,4.8837,0.0000,0.2347,1.0000
silver,16,0.41,0.23,8,U,0.6461,0.3514,1.000,0.7938,0.6542,1.8741,4.0682,2.2085,4.8837,0.2962,0.3838,1.0000
silver,16,0.41,0.23,8,DW,0.6461,0.3514,1.000,0.5525,0.0000,1.5757,3.3485,2.2085,4.8837,0.0000,0.3226,1.0000
silver,16,0.41,0.23,12,U,0.7688,0.2703,1.000,0.8673,0.8781,2.1900,4.6568,2.2085,4.8837,0.3976,0.4484,1.0000
silver,16,0.41,0.23,12,DW,0.7688,0.2703,1.000,0.5512,0.0000,1.6156,3.3485,2.2085,4.8837,0.0000,0.3308,1.0000
silver,16,0.41,0.23,16,U,0.7688,0.2703,1.000,0.8939,1.1460,2.3863,5.2007,2.2085,4.8837,0.5189,0.4886,1.0000
silver,16,0.41,0.23,16,DW,0.7688,0.2703,1.000,0.5603,0.0000,1.6156,3.3485,2.2085,4.8837,0.0000,0.3308,1.0000
silver,16,0.41,0.23,32,U,1.0000,0.0000,1.000,0.9500,1.7430,3.0944,6.0302,2.2085,4.8837,0.7892,0.6336,1.0000
silver,16,0.41,0.23,32,DW,1.0000,0.0000,1.000,0.6199,0.0000,1.6156,3.3485,2.2085,4.8837,0.0000,0.3308,1.0000
silver,16,0.05,0.47,2,U,0.0355,0.7838,0.917,0.2867,0.0000,0.0000,0.0000,2.1912,5.1116,0.0000,0.0000,1.0000
silver,16,0.05,0.47,2,DW,0.0355,0.7838,0.833,0.1981,0.0000,0.0000,0.0000,2.1912,5.1116,0.0000,0.0000,1.0000
silver,16,0.05,0.47,4,U,0.0984,0.7027,1.000,0.5640,0.0000,1.4388,2.0945,2.1912,5.1116,0.0000,0.2815,1.0000
silver,16,0.05,0.47,4,DW,0.0984,0.7027,1.000,0.4907,0.0000,1.0944,1.9647,2.1912,5.1116,0.0000,0.2141,1.0000
silver,16,0.05,0.47,6,U,0.2996,0.5676,1.000,0.7077,0.0000,1.7588,3.6983,2.1912,5.1116,0.0000,0.3441,1.0000
silver,16,0.05,0.47,6,DW,0.2996,0.5676,1.000,0.5189,0.0000,1.3171,3.0919,2.1912,5.1116,0.0000,0.2577,1.0000
silver,16,0.05,0.47,8,U,0.5000,0.4595,1.000,0.8054,0.8756,1.9697,3.9294,2.1912,5.1116,0.3996,0.3853,1.0000
silver,16,0.05,0.47,8,DW,0.5000,0.4595,1.000,0.5140,0.0000,1.6317,3.0919,2.1912,5.1116,0.0000,0.3192,1.0000
silver,16,0.05,0.47,12,U,0.6503,0.3514,1.000,0.8697,1.0944,2.2724,4.5448,2.1912,5.1116,0.4995,0.4446,1.0000
silver,16,0.05,0.47,12,DW,0.6503,0.3514,1.000,0.5598,0.0000,1.6317,3.3568,2.1912,5.1116,0.0000,0.3192,1.0000
silver,16,0.05,0.47,16,U,0.6894,0.3243,1.000,0.9003,1.3132,2.4820,5.2001,2.1912,5.1116,0.5993,0.4856,1.0000
silver,16,0.05,0.47,16,DW,0.6894,0.3243,1.000,0.5643,0.0000,1.6317,3.0919,2.1912,5.1116,0.0000,0.3192,1.0000
silver,16,0.05,0.47,32,U,1.0000,0.0000,1.000,0.9474,1.7588,3.2199,5.8409,2.1912,5.1116,0.8027,0.6299,1.0000
silver,16,0.05,0.47,32,DW,1.0000,0.0000,1.000,0.6372,0.0000,1.6317,3.3568,2.1912,5.1116,0.0000,0.3192,1.0000
silver,16,0.19,0.31,2,U,0.0341,0.8108,1.000,0.3469,0.0000,0.0000,0.0000,2.1824,5.0123,0.0000,0.0000,1.0000
silver,16,0.19,0.31,2,DW,0.0341,0.8108,0.833,0.2321,0.0000,0.0000,0.0000,2.1824,5.0123,0.0000,0.0000,1.0000
silver,16,0.19,0.31,4,U,0.0565,0.7297,1.000,0.6046,0.0000,0.0000,0.0000,2.1824,5.0123,0.0000,0.0000,1.0000
silver,16,0.19,0.31,4,DW,0.0565,0.7297,1.000,0.6133,0.0000,0.0000,0.0000,2.1824,5.0123,0.0000,0.0000,1.0000
silver,16,0.19,0.31,6,U,0.1729,0.6216,1.000,0.7207,0.0000,1.7387,2.7388,2.1824,5.0123,0.0000,0.3469,1.0000
silver,16,0.19,0.31,6,DW,0.1729,0.6216,1.000,0.6340,0.0000,1.3365,2.1930,2.1824,5.0123,0.0000,0.2666,1.0000
silver,16,0.19,0.31,8,U,0.3253,0.5135,1.000,0.7819,0.0000,1.8627,3.4476,2.1824,5.0123,0.0000,0.3716,1.0000
silver,16,0.19,0.31,8,DW,0.3253,0.5135,1.000,0.6098,0.0000,1.4315,2.1930,2.1824,5.0123,0.0000,0.2856,1.0000
silver,16,0.19,0.31,12,U,0.6344,0.3514,1.000,0.8730,1.0965,2.1773,5.1096,2.1824,5.0123,0.5024,0.4344,1.0000
silver,16,0.19,0.31,12,DW,0.6344,0.3514,1.000,0.5588,0.0000,1.6406,2.7439,2.1824,5.0123,0.0000,0.3273,1.0000
silver,16,0.19,0.31,16,U,0.6720,0.3243,1.000,0.9097,1.3365,2.4023,5.1096,2.1824,5.0123,0.6124,0.4793,1.0000
silver,16,0.19,0.31,16,DW,0.6720,0.3243,1.000,0.5808,0.0000,1.6406,2.7388,2.1824,5.0123,0.0000,0.3273,1.0000
silver,16,0.19,0.31,32,U,1.0000,0.0000,1.000,0.9437,1.7715,3.1887,6.5837,2.1824,5.0123,0.8117,0.6362,1.0000
silver,16,0.19,0.31,32,DW,1.0000,0.0000,1.000,0.6331,0.0000,1.6406,3.0428,2.1824,5.0123,0.0000,0.3273,1.0000
silver,16,0.37,0.09,2,U,0.0224,0.8378,0.583,0.3927,0.0000,0.0000,0.0000,2.2129,5.0102,0.0000,0.0000,1.0000
silver,16,0.37,0.09,2,DW,0.0224,0.8378,0.750,0.3018,0.0000,0.0000,0.0000,2.2129,5.0102,0.0000,0.0000,1.0000
silver,16,0.37,0.09,4,U,0.0627,0.7027,1.000,0.5481,0.0000,0.0000,0.0000,2.2129,5.0102,0.0000,0.0000,1.0000
silver,16,0.37,0.09,4,DW,0.0627,0.7027,1.000,0.5909,0.0000,0.0000,0.0000,2.2129,5.0102,0.0000,0.0000,1.0000
silver,16,0.37,0.09,6,U,0.3486,0.5135,1.000,0.7205,0.0000,1.6347,2.7359,2.2129,5.0102,0.0000,0.3263,1.0000
silver,16,0.37,0.09,6,DW,0.3486,0.5135,1.000,0.5702,0.0000,1.3377,2.3865,2.2129,5.0102,0.0000,0.2670,1.0000
silver,16,0.37,0.09,8,U,0.5403,0.4054,1.000,0.8030,0.0000,1.9593,3.7613,2.2129,5.0102,0.0000,0.3911,1.0000
silver,16,0.37,0.09,8,DW,0.5403,0.4054,1.000,0.5652,0.0000,1.5800,2.4785,2.2129,5.0102,0.0000,0.3154,1.0000
silver,16,0.37,0.09,12,U,0.6891,0.3243,1.000,0.8672,1.0969,2.1868,5.1034,2.2129,5.0102,0.4957,0.4365,1.0000
silver,16,0.37,0.09,12,DW,0.6891,0.3243,1.000,0.5721,0.0000,1.6347,2.9072,2.2129,5.0102,0.0000,0.3263,1.0000
silver,16,0.37,0.09,16,U,0.7661,0.2703,1.000,0.9061,1.3286,2.4714,5.4611,2.2129,5.0102,0.6004,0.4933,1.0000
silver,16,0.37,0.09,16,DW,0.7661,0.2703,1.000,0.5822,0.0000,1.6347,2.9072,2.2129,5.0102,0.0000,0.3263,1.0000
silver,16,0.37,0.09,32,U,1.0000,0.0000,1.000,0.9457,1.8515,3.1945,6.0942,2.2129,5.0102,0.8367,0.6376,1.0000
silver,16,0.37,0.09,32,DW,1.0000,0.0000,1.000,0.6395,0.0000,1.6347,3.3831,2.2129,5.0102,0.0000,0.3263,1.0000
silver,18,0.13,0.37,2,U,0.0248,0.8421,0.917,0.2511,0.0000,0.0000,0.0000,2.1933,4.8994,0.0000,0.0000,1.0000
silver,18,0.13,0.37,2,DW,0.0248,0.8421,1.000,0.2792,0.0000,0.0000,0.0000,2.1933,4.8994,0.0000,0.0000,1.0000
silver,18,0.13,0.37,4,U,0.0478,0.7368,1.000,0.6487,0.0000,0.0000,0.0000,2.1933,4.8994,0.0000,0.0000,1.0000
silver,18,0.13,0.37,4,DW,0.0478,0.7368,1.000,0.6543,0.0000,0.0000,0.0000,2.1933,4.8994,0.0000,0.0000,1.0000
silver,18,0.13,0.37,6,U,0.2130,0.6316,1.000,0.7396,0.0000,1.3230,2.0772,2.1933,4.8994,0.0000,0.2700,1.0000
silver,18,0.13,0.37,6,DW,0.2130,0.6316,1.000,0.5946,0.0000,0.8747,1.5942,2.1933,4.8994,0.0000,0.1785,1.0000
silver,18,0.13,0.37,8,U,0.3257,0.5526,1.000,0.7959,0.0000,1.5942,2.6916,2.1933,4.8994,0.0000,0.3254,1.0000
silver,18,0.13,0.37,8,DW,0.3257,0.5526,1.000,0.6166,0.0000,1.0966,1.8184,2.1933,4.8994,0.0000,0.2238,1.0000
silver,18,0.13,0.37,12,U,0.5457,0.3947,1.000,0.8647,0.0000,1.8702,3.5612,2.1933,4.8994,0.0000,0.3817,1.0000
silver,18,0.13,0.37,12,DW,0.5457,0.3947,1.000,0.6611,0.0000,1.1557,3.3063,2.1933,4.8994,0.0000,0.2359,1.0000
silver,18,0.13,0.37,16,U,0.7245,0.2895,1.000,0.8995,0.8747,2.0717,5.0567,2.1933,4.8994,0.3988,0.4228,1.0000
silver,18,0.13,0.37,16,DW,0.7245,0.2895,1.000,0.6450,0.0000,1.1557,2.7115,2.1933,4.8994,0.0000,0.2359,1.0000
silver,18,0.13,0.37,32,U,0.9198,0.1053,1.000,0.9483,1.4494,2.6916,5.7735,2.1933,4.8994,0.6608,0.5494,1.0000
silver,18,0.13,0.37,32,DW,0.9198,0.1053,1.000,0.6734,0.0000,1.1557,3.3063,2.1933,4.8994,0.0000,0.2359,1.0000
silver,18,0.29,0.11,2,U,0.0332,0.7317,1.000,0.3126,0.0000,0.0000,0.0000,2.1778,4.7225,0.0000,0.0000,1.0000
silver,18,0.29,0.11,2,DW,0.0332,0.7317,1.000,0.2871,0.0000,0.0000,0.0000,2.1778,4.7225,0.0000,0.0000,1.0000
silver,18,0.29,0.11,4,U,0.0623,0.6341,1.000,0.5217,0.0000,0.0000,0.0000,2.1778,4.7225,0.0000,0.0000,1.0000
silver,18,0.29,0.11,4,DW,0.0623,0.6341,1.000,0.5556,0.0000,0.0000,0.0000,2.1778,4.7225,0.0000,0.0000,1.0000
silver,18,0.29,0.11,6,U,0.1315,0.5854,1.000,0.6838,0.0000,1.3031,2.2716,2.1778,4.7225,0.0000,0.2759,1.0000
silver,18,0.29,0.11,6,DW,0.1315,0.5854,1.000,0.6424,0.0000,0.0000,1.8607,2.1778,4.7225,0.0000,0.0000,1.0000
silver,18,0.29,0.11,8,U,0.2276,0.5366,1.000,0.7642,0.0000,1.6316,2.5073,2.1778,4.7225,0.0000,0.3455,1.0000
silver,18,0.29,0.11,8,DW,0.2276,0.5366,1.000,0.6826,0.0000,1.1317,2.2131,2.1778,4.7225,0.0000,0.2396,1.0000
silver,18,0.29,0.11,12,U,0.6153,0.3415,1.000,0.8509,0.6516,1.9038,3.8039,2.1778,4.7225,0.2992,0.4031,1.0000
silver,18,0.29,0.11,12,DW,0.6153,0.3415,1.000,0.6289,0.0000,1.3031,3.0748,2.1778,4.7225,0.0000,0.2759,1.0000
silver,18,0.29,0.11,16,U,0.7200,0.2683,1.000,0.8962,0.8944,2.0882,4.5464,2.1778,4.7225,0.4107,0.4422,1.0000
silver,18,0.29,0.11,16,DW,0.7200,0.2683,1.000,0.6195,0.0000,1.3031,3.2633,2.1778,4.7225,0.0000,0.2759,1.0000
silver,18,0.29,0.11,32,U,0.9604,0.0488,1.000,0.9522,1.3031,2.6588,5.4557,2.1778,4.7225,0.5984,0.5630,1.0000
silver,18,0.29,0.11,32,DW,0.9604,0.0488,1.000,0.6813,0.0000,1.3031,3.0748,2.1778,4.7225,0.0000,0.2759,1.0000
silver,18,0.41,0.23,2,U,0.0248,0.8462,1.000,0.2684,0.0000,0.0000,0.0000,2.1996,4.9728,0.0000,0.0000,1.0000
silver,18,0.41,0.23,2,DW,0.0248,0.8462,0.917,0.3160,0.0000,0.0000,0.0000,2.1996,4.9728,0.0000,0.0000,1.0000
silver,18,0.41,0.23,4,U,0.0478,0.7179,1.000,0.6409,0.0000,0.0000,0.0000,2.1996,4.9728,0.0000,0.0000,1.0000
silver,18,0.41,0.23,4,DW,0.0478,0.7179,1.000,0.6285,0.0000,0.0000,0.0000,2.1996,4.9728,0.0000,0.0000,1.0000
silver,18,0.41,0.23,6,U,0.1061,0.6410,1.000,0.7242,0.0000,1.3081,2.1996,2.1996,4.9728,0.0000,0.2631,1.0000
silver,18,0.41,0.23,6,DW,0.1061,0.6410,1.000,0.6813,0.0000,0.8842,1.8326,2.1996,4.9728,0.0000,0.1778,1.0000
silver,18,0.41,0.23,8,U,0.3272,0.5128,1.000,0.7821,0.0000,1.6052,2.7230,2.1996,4.9728,0.0000,0.3228,1.0000
silver,18,0.41,0.23,8,DW,0.3272,0.5128,1.000,0.6483,0.0000,1.3081,2.3882,2.1996,4.9728,0.0000,0.2631,1.0000
silver,18,0.41,0.23,12,U,0.6704,0.3333,1.000,0.8642,0.6541,1.9622,4.0544,2.1996,4.9728,0.2974,0.3946,1.0000
silver,18,0.41,0.23,12,DW,0.6704,0.3333,1.000,0.6464,0.0000,1.4406,2.3882,2.1996,4.9728,0.0000,0.2897,1.0000
silver,18,0.41,0.23,16,U,0.7954,0.2564,1.000,0.8931,0.8842,2.1001,4.5076,2.1996,4.9728,0.4020,0.4223,1.0000
silver,18,0.41,0.23,16,DW,0.7954,0.2564,1.000,0.6612,0.0000,1.4406,2.7617,2.1996,4.9728,0.0000,0.2897,1.0000
silver,18,0.41,0.23,32,U,0.9593,0.0513,1.000,0.9478,1.3081,2.6849,6.1915,2.1996,4.9728,0.5947,0.5399,1.0000
silver,18,0.41,0.23,32,DW,0.9593,0.0513,1.000,0.6953,0.0000,1.3081,2.3882,2.1996,4.9728,0.0000,0.2631,1.0000
silver,18,0.05,0.47,2,U,0.0035,0.9474,0.167,0.5455,0.0000,0.0000,0.0000,2.2061,4.9728,0.0000,0.0000,1.0000
silver,18,0.05,0.47,2,DW,0.0035,0.9474,0.167,0.3636,0.0000,0.0000,0.0000,2.2061,4.9728,0.0000,0.0000,1.0000
silver,18,0.05,0.47,4,U,0.0448,0.7632,1.000,0.6045,0.0000,0.0000,0.0000,2.2061,4.9728,0.0000,0.0000,1.0000
silver,18,0.05,0.47,4,DW,0.0448,0.7632,1.000,0.5490,0.0000,0.0000,0.0000,2.2061,4.9728,0.0000,0.0000,1.0000
silver,18,0.05,0.47,6,U,0.2081,0.6053,1.000,0.7235,0.0000,1.4406,2.7093,2.2061,4.9728,0.0000,0.2897,1.0000
silver,18,0.05,0.47,6,DW,0.2081,0.6053,1.000,0.6227,0.0000,1.1488,1.8278,2.2061,4.9728,0.0000,0.2310,1.0000
silver,18,0.05,0.47,8,U,0.3494,0.5000,1.000,0.7981,0.0000,1.6080,3.6599,2.2061,4.9728,0.0000,0.3234,1.0000
silver,18,0.05,0.47,8,DW,0.3494,0.5000,1.000,0.6645,0.0000,1.1488,1.8588,2.2061,4.9728,0.0000,0.2310,1.0000
silver,18,0.05,0.47,12,U,0.6564,0.3421,1.000,0.8789,0.6581,1.8588,3.8854,2.2061,4.9728,0.2983,0.3738,1.0000
silver,18,0.05,0.47,12,DW,0.6564,0.3421,1.000,0.6580,0.0000,1.1488,2.5285,2.2061,4.9728,0.0000,0.2310,1.0000
silver,18,0.05,0.47,16,U,0.7715,0.2632,1.000,0.8944,0.6581,2.0780,4.5140,2.2061,4.9728,0.2983,0.4179,1.0000
silver,18,0.05,0.47,16,DW,0.7715,0.2632,1.000,0.6770,0.0000,1.3163,3.3574,2.2061,4.9728,0.0000,0.2647,1.0000
silver,18,0.05,0.47,32,U,1.0000,0.0000,1.000,0.9544,1.0902,2.6906,5.4288,2.2061,4.9728,0.4942,0.5411,1.0000
silver,18,0.05,0.47,32,DW,1.0000,0.0000,1.000,0.7258,0.0000,1.1488,3.3574,2.2061,4.9728,0.0000,0.2310,1.0000
silver,18,0.19,0.31,2,U,0.0134,0.8718,0.333,0.2372,0.0000,0.0000,0.0000,2.1785,4.9837,0.0000,0.0000,1.0000
silver,18,0.19,0.31,2,DW,0.0134,0.8718,0.333,0.1897,0.0000,0.0000,0.0000,2.1785,4.9837,0.0000,0.0000,1.0000
silver,18,0.19,0.31,4,U,0.0697,0.6667,1.000,0.6386,0.0000,0.0000,0.0000,2.1785,4.9837,0.0000,0.0000,1.0000
silver,18,0.19,0.31,4,DW,0.0697,0.6667,1.000,0.6303,0.0000,0.0000,0.0000,2.1785,4.9837,0.0000,0.0000,1.0000
silver,18,0.19,0.31,6,U,0.0732,0.6410,1.000,0.7468,0.0000,0.0000,0.0000,2.1785,4.9837,0.0000,0.0000,1.0000
silver,18,0.19,0.31,6,DW,0.0732,0.6410,1.000,0.7193,0.0000,0.0000,0.0000,2.1785,4.9837,0.0000,0.0000,1.0000
silver,18,0.19,0.31,8,U,0.1511,0.5897,1.000,0.8017,0.0000,1.4428,2.0882,2.1785,4.9837,0.0000,0.2895,1.0000
silver,18,0.19,0.31,8,DW,0.1511,0.5897,1.000,0.6993,0.0000,0.6740,1.6005,2.1785,4.9837,0.0000,0.1352,1.0000
silver,18,0.19,0.31,12,U,0.4561,0.4359,1.000,0.8750,0.6740,1.8161,3.7578,2.1785,4.9837,0.3094,0.3644,1.0000
silver,18,0.19,0.31,12,DW,0.4561,0.4359,1.000,0.6482,0.0000,1.1597,2.3469,2.1785,4.9837,0.0000,0.2327,1.0000
silver,18,0.19,0.31,16,U,0.6450,0.3333,1.000,0.9034,0.8583,2.0716,4.6696,2.1785,4.9837,0.3940,0.4157,1.0000
silver,18,0.19,0.31,16,DW,0.6450,0.3333,1.000,0.6540,0.0000,1.3413,2.3469,2.1785,4.9837,0.0000,0.2691,1.0000
silver,18,0.19,0.31,32,U,0.9605,0.0513,1.000,0.9529,1.1597,2.7032,6.2264,2.1785,4.9837,0.5323,0.5424,1.0000
silver,18,0.19,0.31,32,DW,0.9605,0.0513,1.000,0.6930,0.0000,1.3413,3.6321,2.1785,4.9837,0.0000,0.2691,1.0000
silver,18,0.37,0.09,2,U,0.0075,0.8750,0.167,0.2517,0.0000,0.0000,0.0000,2.1737,4.9274,0.0000,0.0000,1.0000
silver,18,0.37,0.09,2,DW,0.0075,0.8750,0.167,0.3147,0.0000,0.0000,0.0000,2.1737,4.9274,0.0000,0.0000,1.0000
silver,18,0.37,0.09,4,U,0.0499,0.7000,1.000,0.5603,0.0000,0.0000,0.0000,2.1737,4.9274,0.0000,0.0000,1.0000
silver,18,0.37,0.09,4,DW,0.0499,0.7000,1.000,0.5761,0.0000,0.0000,0.0000,2.1737,4.9274,0.0000,0.0000,1.0000
silver,18,0.37,0.09,6,U,0.0592,0.6750,1.000,0.7415,0.0000,0.0000,0.0000,2.1737,4.9274,0.0000,0.0000,1.0000
silver,18,0.37,0.09,6,DW,0.0592,0.6750,1.000,0.7282,0.0000,0.0000,0.0000,2.1737,4.9274,0.0000,0.0000,1.0000
silver,18,0.37,0.09,8,U,0.2793,0.5250,1.000,0.7724,0.0000,1.6193,2.7290,2.1737,4.9274,0.0000,0.3286,1.0000
silver,18,0.37,0.09,8,DW,0.2793,0.5250,1.000,0.6445,0.0000,0.8583,1.7782,2.1737,4.9274,0.0000,0.1742,1.0000
silver,18,0.37,0.09,12,U,0.6243,0.3500,1.000,0.8550,0.6740,1.8327,4.4541,2.1737,4.9274,0.3101,0.3719,1.0000
silver,18,0.37,0.09,12,DW,0.6243,0.3500,1.000,0.6678,0.0000,1.1597,3.2600,2.1737,4.9274,0.0000,0.2354,1.0000
silver,18,0.37,0.09,16,U,0.7276,0.2750,1.000,0.8957,0.8583,2.1070,5.2438,2.1737,4.9274,0.3949,0.4276,1.0000
silver,18,0.37,0.09,16,DW,0.7276,0.2750,1.000,0.6582,0.0000,1.2051,3.2600,2.1737,4.9274,0.0000,0.2446,1.0000
silver,18,0.37,0.09,32,U,1.0000,0.0000,1.000,0.9495,1.0913,2.6827,5.4559,2.1737,4.9274,0.5021,0.5444,1.0000
silver,18,0.37,0.09,32,DW,1.0000,0.0000,1.000,0.7138,0.0000,1.1597,2.9652,2.1737,4.9274,0.0000,0.2354,1.0000
golden,18,0.13,0.37,2,U,0.2558,0.4878,1.000,0.3283,0.9572,2.1463,3.3475,1.3888,3.3112,0.6892,0.6482,1.0000
golden,18,0.13,0.37,2,DW,0.2558,0.4878,1.000,0.1370,0.8896,1.5712,2.2197,1.3888,3.3112,0.6406,0.4745,1.0000
golden,18,0.13,0.37,4,U,0.7780,0.1220,1.000,0.5708,0.8873,2.2197,3.8811,1.3888,3.3112,0.6389,0.6704,1.0000
golden,18,0.13,0.37,4,DW,0.7780,0.1220,1.000,0.3510,0.6944,1.8037,2.7560,1.3888,3.3112,0.5000,0.5447,1.0000
golden,18,0.13,0.37,6,U,0.9236,0.0244,1.000,0.6727,0.9852,2.6028,5.5751,1.3888,3.3112,0.7094,0.7860,1.0000
golden,18,0.13,0.37,6,DW,0.9236,0.0244,1.000,0.4208,0.6944,1.8881,3.0548,1.3888,3.3112,0.5000,0.5702,1.0000
golden,18,0.13,0.37,8,U,0.9378,0.0122,1.000,0.7676,1.1382,3.1768,5.5751,1.3888,3.3112,0.8196,0.9594,1.0000
golden,18,0.13,0.37,8,DW,0.9378,0.0122,1.000,0.3917,0.6944,1.9126,3.7496,1.3888,3.3112,0.5000,0.5776,1.0000
golden,18,0.13,0.37,12,U,0.9378,0.0122,1.000,0.7748,1.3584,3.3112,5.5751,1.3888,3.3112,0.9781,1.0000,1.0000
golden,18,0.13,0.37,12,DW,0.9378,0.0122,1.000,0.4210,0.6944,1.9843,3.7496,1.3888,3.3112,0.5000,0.5993,1.0000
golden,18,0.13,0.37,16,U,0.9378,0.0122,1.000,0.7652,1.4224,3.3963,5.5751,1.3888,3.3112,1.0242,1.0257,1.0000
golden,18,0.13,0.37,16,DW,0.9378,0.0122,1.000,0.3967,0.6944,1.9057,3.7496,1.3888,3.3112,0.5000,0.5755,1.0000
golden,18,0.13,0.37,32,U,0.9378,0.0122,1.000,0.7896,1.4893,3.3963,5.5751,1.3888,3.3112,1.0724,1.0257,1.0000
golden,18,0.13,0.37,32,DW,0.9378,0.0122,1.000,0.4153,0.6944,1.9057,3.7496,1.3888,3.3112,0.5000,0.5755,1.0000
golden,18,0.29,0.11,2,U,0.2740,0.5432,1.000,0.3040,0.8852,1.9606,2.7734,1.4564,3.4098,0.6078,0.5750,1.0000
golden,18,0.29,0.11,2,DW,0.2740,0.5432,1.000,0.2339,0.8852,1.8451,2.4555,1.4564,3.4098,0.6078,0.5411,1.0000
golden,18,0.29,0.11,4,U,0.7696,0.1358,1.000,0.6275,0.9833,2.3582,3.8794,1.4564,3.4098,0.6751,0.6916,1.0000
golden,18,0.29,0.11,4,DW,0.7696,0.1358,1.000,0.3676,0.7740,2.1426,3.3355,1.4564,3.4098,0.5315,0.6284,1.0000
golden,18,0.29,0.11,6,U,0.9127,0.0370,1.000,0.6960,1.1058,2.6065,4.7464,1.4564,3.4098,0.7592,0.7644,1.0000
golden,18,0.29,0.11,6,DW,0.9127,0.0370,1.000,0.4281,0.7740,2.1426,3.4146,1.4564,3.4098,0.5315,0.6284,1.0000
golden,18,0.29,0.11,8,U,1.0000,0.0000,1.000,0.7615,1.1990,3.0524,4.7464,1.4564,3.4098,0.8233,0.8952,1.0000
golden,18,0.29,0.11,8,DW,1.0000,0.0000,1.000,0.4406,0.7740,2.1426,3.5061,1.4564,3.4098,0.5315,0.6284,1.0000
golden,18,0.29,0.11,12,U,1.0000,0.0000,1.000,0.8093,1.3969,3.3972,4.7464,1.4564,3.4098,0.9591,0.9963,1.0000
golden,18,0.29,0.11,12,DW,1.0000,0.0000,1.000,0.4430,0.7740,2.1426,3.5645,1.4564,3.4098,0.5315,0.6284,1.0000
golden,18,0.29,0.11,16,U,1.0000,0.0000,1.000,0.7993,1.3969,3.4043,4.7464,1.4564,3.4098,0.9591,0.9984,1.0000
golden,18,0.29,0.11,16,DW,1.0000,0.0000,1.000,0.4739,0.7740,2.1426,3.9195,1.4564,3.4098,0.5315,0.6284,1.0000
golden,18,0.29,0.11,32,U,1.0000,0.0000,1.000,0.8220,1.4694,3.4043,4.7464,1.4564,3.4098,1.0089,0.9984,1.0000
golden,18,0.29,0.11,32,DW,1.0000,0.0000,1.000,0.4327,0.7163,2.1426,3.5061,1.4564,3.4098,0.4918,0.6284,1.0000
golden,18,0.41,0.23,2,U,0.2986,0.5062,1.000,0.2286,0.6668,2.4082,3.0624,1.3619,3.5448,0.4896,0.6794,1.0000
golden,18,0.41,0.23,2,DW,0.2986,0.5062,1.000,0.2286,0.6668,2.4082,3.0624,1.3619,3.5448,0.4896,0.6794,1.0000
golden,18,0.41,0.23,4,U,0.7372,0.1481,1.000,0.5962,0.8778,2.4585,5.0676,1.3619,3.5448,0.6445,0.6936,1.0000
golden,18,0.41,0.23,4,DW,0.7372,0.1481,1.000,0.3590,0.6798,2.2130,3.0624,1.3619,3.5448,0.4991,0.6243,1.0000
golden,18,0.41,0.23,6,U,0.8976,0.0247,1.000,0.7266,0.9757,2.6150,5.5995,1.3619,3.5448,0.7164,0.7377,1.0000
golden,18,0.41,0.23,6,DW,0.8976,0.0247,1.000,0.4278,0.6798,2.3967,3.9485,1.3619,3.5448,0.4991,0.6761,1.0000
golden,18,0.41,0.23,8,U,0.8976,0.0247,1.000,0.7672,1.1385,3.0779,5.5995,1.3619,3.5448,0.8360,0.8683,1.0000
golden,18,0.41,0.23,8,DW,0.8976,0.0247,1.000,0.4411,0.6798,2.3967,3.9485,1.3619,3.5448,0.4991,0.6761,1.0000
golden,18,0.41,0.23,12,U,0.9608,0.0123,1.000,0.7951,1.3118,3.3704,5.5995,1.3619,3.5448,0.9633,0.9508,1.0000
golden,18,0.41,0.23,12,DW,0.9608,0.0123,1.000,0.4555,0.6690,2.3049,3.9485,1.3619,3.5448,0.4912,0.6502,1.0000
golden,18,0.41,0.23,16,U,0.9608,0.0123,1.000,0.8070,1.3633,3.3928,5.5995,1.3619,3.5448,1.0011,0.9571,1.0000
golden,18,0.41,0.23,16,DW,0.9608,0.0123,1.000,0.4710,0.6690,2.3049,3.9485,1.3619,3.5448,0.4912,0.6502,1.0000
golden,18,0.41,0.23,32,U,1.0000,0.0000,1.000,0.8326,1.4065,3.3928,5.5995,1.3619,3.5448,1.0327,0.9571,1.0000
golden,18,0.41,0.23,32,DW,1.0000,0.0000,1.000,0.4632,0.6668,2.3259,3.9485,1.3619,3.5448,0.4896,0.6562,1.0000
golden,18,0.05,0.47,2,U,0.3583,0.4353,1.000,0.2171,0.8271,2.1548,3.7283,1.5498,3.4647,0.5337,0.6219,1.0000
golden,18,0.05,0.47,2,DW,0.3583,0.4353,1.000,0.1977,0.7759,2.1548,2.9783,1.5498,3.4647,0.5006,0.6219,1.0000
golden,18,0.05,0.47,4,U,0.8087,0.0824,1.000,0.5918,0.9548,2.3746,4.1939,1.5498,3.4647,0.6161,0.6854,1.0000
golden,18,0.05,0.47,4,DW,0.8087,0.0824,1.000,0.3425,0.6632,2.1548,3.6049,1.5498,3.4647,0.4279,0.6219,1.0000
golden,18,0.05,0.47,6,U,0.9270,0.0235,1.000,0.6817,1.0960,2.6081,4.1939,1.5498,3.4647,0.7072,0.7528,1.0000
golden,18,0.05,0.47,6,DW,0.9270,0.0235,1.000,0.4005,0.6632,2.1548,3.6651,1.5498,3.4647,0.4279,0.6219,1.0000
golden,18,0.05,0.47,8,U,1.0000,0.0000,1.000,0.7439,1.1973,2.9783,4.1939,1.5498,3.4647,0.7726,0.8596,1.0000
golden,18,0.05,0.47,8,DW,1.0000,0.0000,1.000,0.4093,0.6625,2.1548,3.7678,1.5498,3.4647,0.4275,0.6219,1.0000
golden,18,0.05,0.47,12,U,1.0000,0.0000,1.000,0.7628,1.4085,3.4234,4.2431,1.5498,3.4647,0.9088,0.9881,1.0000
golden,18,0.05,0.47,12,DW,1.0000,0.0000,1.000,0.3798,0.6625,2.1548,3.5212,1.5498,3.4647,0.4275,0.6219,1.0000
golden,18,0.05,0.47,16,U,1.0000,0.0000,1.000,0.8035,1.4087,3.4167,4.1971,1.5498,3.4647,0.9089,0.9862,1.0000
golden,18,0.05,0.47,16,DW,1.0000,0.0000,1.000,0.3907,0.6625,2.1548,3.7678,1.5498,3.4647,0.4275,0.6219,1.0000
golden,18,0.05,0.47,32,U,1.0000,0.0000,1.000,0.7945,1.4928,3.4227,4.2431,1.5498,3.4647,0.9632,0.9879,1.0000
golden,18,0.05,0.47,32,DW,1.0000,0.0000,1.000,0.3938,0.6625,2.1548,3.7678,1.5498,3.4647,0.4275,0.6219,1.0000
golden,18,0.19,0.31,2,U,0.2310,0.5679,1.000,0.3005,0.8196,2.5181,2.9895,1.3943,3.2808,0.5879,0.7675,1.0000
golden,18,0.19,0.31,2,DW,0.2310,0.5679,1.000,0.2484,0.7711,2.5181,2.9895,1.3943,3.2808,0.5530,0.7675,1.0000
golden,18,0.19,0.31,4,U,0.6843,0.1728,1.000,0.5893,0.8946,2.4270,4.1830,1.3943,3.2808,0.6416,0.7397,1.0000
golden,18,0.19,0.31,4,DW,0.6843,0.1728,1.000,0.4096,0.7167,2.1993,2.9895,1.3943,3.2808,0.5140,0.6703,1.0000
golden,18,0.19,0.31,6,U,0.8730,0.0370,1.000,0.6771,1.0595,2.6852,5.1187,1.3943,3.2808,0.7599,0.8184,1.0000
golden,18,0.19,0.31,6,DW,0.8730,0.0370,1.000,0.4419,0.6827,2.1993,3.1209,1.3943,3.2808,0.4897,0.6703,1.0000
golden,18,0.19,0.31,8,U,0.9559,0.0123,1.000,0.7368,1.1301,2.9895,5.1187,1.3943,3.2808,0.8105,0.9112,1.0000
golden,18,0.19,0.31,8,DW,0.9559,0.0123,1.000,0.4257,0.6713,2.1548,3.3374,1.3943,3.2808,0.4815,0.6568,1.0000
golden,18,0.19,0.31,12,U,0.9559,0.0123,1.000,0.7840,1.3225,3.3374,5.1187,1.3943,3.2808,0.9485,1.0172,1.0000
golden,18,0.19,0.31,12,DW,0.9559,0.0123,1.000,0.4440,0.6713,2.1993,3.3374,1.3943,3.2808,0.4815,0.6703,1.0000
golden,18,0.19,0.31,16,U,0.9559,0.0123,1.000,0.7853,1.3681,3.3374,5.1187,1.3943,3.2808,0.9812,1.0172,1.0000
golden,18,0.19,0.31,16,DW,0.9559,0.0123,1.000,0.4341,0.6713,2.1993,3.3374,1.3943,3.2808,0.4815,0.6703,1.0000
golden,18,0.19,0.31,32,U,1.0000,0.0000,1.000,0.8041,1.3813,3.2888,5.1187,1.3943,3.2808,0.9907,1.0024,1.0000
golden,18,0.19,0.31,32,DW,1.0000,0.0000,1.000,0.4384,0.6713,2.1993,3.3374,1.3943,3.2808,0.4815,0.6703,1.0000
golden,18,0.37,0.09,2,U,0.1996,0.6076,1.000,0.3110,1.0829,2.2660,3.0677,1.4468,3.3734,0.7485,0.6717,1.0000
golden,18,0.37,0.09,2,DW,0.1996,0.6076,1.000,0.2815,1.0459,2.2660,3.0677,1.4468,3.3734,0.7229,0.6717,1.0000
golden,18,0.37,0.09,4,U,0.5394,0.2658,1.000,0.6021,1.1114,2.4919,4.2005,1.4468,3.3734,0.7681,0.7387,1.0000
golden,18,0.37,0.09,4,DW,0.5394,0.2658,1.000,0.4321,0.9813,2.2095,3.3836,1.4468,3.3734,0.6782,0.6550,1.0000
golden,18,0.37,0.09,6,U,0.7548,0.1139,1.000,0.6636,1.1012,2.6181,4.2005,1.4468,3.3734,0.7611,0.7761,1.0000
golden,18,0.37,0.09,6,DW,0.7548,0.1139,1.000,0.4480,0.8759,2.2095,3.3836,1.4468,3.3734,0.6054,0.6550,1.0000
golden,18,0.37,0.09,8,U,0.8056,0.0759,1.000,0.7538,1.3039,3.0677,4.2005,1.4468,3.3734,0.9012,0.9094,1.0000
golden,18,0.37,0.09,8,DW,0.8056,0.0759,1.000,0.4514,0.8759,2.1981,3.4263,1.4468,3.3734,0.6054,0.6516,1.0000
golden,18,0.37,0.09,12,U,0.9422,0.0127,1.000,0.7966,1.3976,3.4263,4.2224,1.4468,3.3734,0.9660,1.0157,1.0000
golden,18,0.37,0.09,12,DW,0.9422,0.0127,1.000,0.4966,0.8053,2.2095,3.6295,1.4468,3.3734,0.5566,0.6550,1.0000
golden,18,0.37,0.09,16,U,1.0000,0.0000,1.000,0.8233,1.3348,3.4263,4.2224,1.4468,3.3734,0.9226,1.0157,1.0000
golden,18,0.37,0.09,16,DW,1.0000,0.0000,1.000,0.4821,0.7659,2.2095,3.6295,1.4468,3.3734,0.5294,0.6550,1.0000
golden,18,0.37,0.09,32,U,1.0000,0.0000,1.000,0.8121,1.4468,3.4396,4.2224,1.4468,3.3734,1.0000,1.0196,1.0000
golden,18,0.37,0.09,32,DW,1.0000,0.0000,1.000,0.4767,0.7659,2.2095,3.4263,1.4468,3.3734,0.5294,0.6550,1.0000
golden,20,0.13,0.37,2,U,0.1223,0.6667,1.000,0.3378,0.8128,1.7786,2.6298,1.4344,3.4282,0.5667,0.5188,1.0000
golden,20,0.13,0.37,2,DW,0.1223,0.6667,0.917,0.2513,0.6681,1.6652,2.6298,1.4344,3.4282,0.4658,0.4857,1.0000
golden,20,0.13,0.37,4,U,0.4881,0.3333,1.000,0.5930,0.6927,1.8591,3.0648,1.4344,3.4282,0.4829,0.5423,1.0000
golden,20,0.13,0.37,4,DW,0.4881,0.3333,1.000,0.3586,0.5590,1.3853,2.6298,1.4344,3.4282,0.3897,0.4041,1.0000
golden,20,0.13,0.37,6,U,0.8022,0.0889,1.000,0.7426,0.8711,2.2354,4.5548,1.4344,3.4282,0.6073,0.6521,1.0000
golden,20,0.13,0.37,6,DW,0.8022,0.0889,1.000,0.4329,0.5590,1.6452,2.8310,1.4344,3.4282,0.3897,0.4799,1.0000
golden,20,0.13,0.37,8,U,0.8260,0.0667,1.000,0.8142,0.9865,2.4151,5.6105,1.4344,3.4282,0.6878,0.7045,1.0000
golden,20,0.13,0.37,8,DW,0.8260,0.0667,1.000,0.4557,0.5590,1.6652,3.0395,1.4344,3.4282,0.3897,0.4857,1.0000
golden,20,0.13,0.37,12,U,0.8936,0.0222,1.000,0.8499,1.1130,2.6298,5.6105,1.4344,3.4282,0.7759,0.7671,1.0000
golden,20,0.13,0.37,12,DW,0.8936,0.0222,1.000,0.4571,0.3607,1.6843,3.5871,1.4344,3.4282,0.2515,0.4913,1.0000
golden,20,0.13,0.37,16,U,0.9414,0.0111,1.000,0.8615,1.2582,3.2039,5.6105,1.4344,3.4282,0.8772,0.9346,1.0000
golden,20,0.13,0.37,16,DW,0.9414,0.0111,1.000,0.4811,0.3607,1.6652,2.9434,1.4344,3.4282,0.2515,0.4857,1.0000
golden,20,0.13,0.37,32,U,0.9414,0.0111,1.000,0.8816,1.4061,3.4328,5.6105,1.4344,3.4282,0.9803,1.0013,1.0000
golden,20,0.13,0.37,32,DW,0.9414,0.0111,1.000,0.4682,0.3607,1.6627,3.0395,1.4344,3.4282,0.2515,0.4850,1.0000
golden,20,0.29,0.11,2,U,0.1936,0.6022,1.000,0.2718,0.6614,1.3654,2.3948,1.3921,3.3894,0.4751,0.4028,1.0000
golden,20,0.29,0.11,2,DW,0.1936,0.6022,1.000,0.2727,0.5618,1.2627,2.2543,1.3921,3.3894,0.4035,0.3725,1.0000
golden,20,0.29,0.11,4,U,0.7292,0.1505,1.000,0.5962,0.6768,1.8346,4.1728,1.3921,3.3894,0.4862,0.5413,1.0000
golden,20,0.29,0.11,4,DW,0.7292,0.1505,1.000,0.4173,0.5618,1.3037,4.1728,1.3921,3.3894,0.4035,0.3846,1.0000
golden,20,0.29,0.11,6,U,0.9127,0.0323,1.000,0.7154,0.8082,2.1283,4.1728,1.3921,3.3894,0.5806,0.6279,1.0000
golden,20,0.29,0.11,6,DW,0.9127,0.0323,1.000,0.4646,0.5564,1.3227,4.1728,1.3921,3.3894,0.3997,0.3903,1.0000
golden,20,0.29,0.11,8,U,1.0000,0.0000,1.000,0.7791,0.8796,2.3100,4.5143,1.3921,3.3894,0.6318,0.6815,1.0000
golden,20,0.29,0.11,8,DW,1.0000,0.0000,1.000,0.4752,0.3575,1.3536,3.2329,1.3921,3.3894,0.2568,0.3994,1.0000
golden,20,0.29,0.11,12,U,1.0000,0.0000,1.000,0.8219,1.0443,2.5965,5.5685,1.3921,3.3894,0.7502,0.7661,1.0000
golden,20,0.29,0.11,12,DW,1.0000,0.0000,1.000,0.4865,0.3575,1.3536,4.1728,1.3921,3.3894,0.2568,0.3994,1.0000
golden,20,0.29,0.11,16,U,1.0000,0.0000,1.000,0.8560,1.1945,3.2329,5.5685,1.3921,3.3894,0.8581,0.9538,1.0000
golden,20,0.29,0.11,16,DW,1.0000,0.0000,1.000,0.4895,0.3575,1.3536,4.1728,1.3921,3.3894,0.2568,0.3994,1.0000
golden,20,0.29,0.11,32,U,1.0000,0.0000,1.000,0.8702,1.3025,3.3920,5.5685,1.3921,3.3894,0.9357,1.0008,1.0000
golden,20,0.29,0.11,32,DW,1.0000,0.0000,1.000,0.5080,0.3575,1.3595,4.1728,1.3921,3.3894,0.2568,0.4011,1.0000
golden,20,0.41,0.23,2,U,0.1479,0.6237,1.000,0.2979,0.6672,2.4982,2.6026,1.3937,3.3651,0.4787,0.7424,1.0000
golden,20,0.41,0.23,2,DW,0.1479,0.6237,1.000,0.2389,0.6672,2.4277,2.6026,1.3937,3.3651,0.4787,0.7214,1.0000
golden,20,0.41,0.23,4,U,0.5405,0.2581,1.000,0.6080,0.7137,1.9433,3.7582,1.3937,3.3651,0.5121,0.5775,1.0000
golden,20,0.41,0.23,4,DW,0.5405,0.2581,1.000,0.3897,0.5591,1.4302,3.3489,1.3937,3.3651,0.4011,0.4250,1.0000
golden,20,0.41,0.23,6,U,0.7502,0.1075,1.000,0.7292,0.7939,2.2186,5.0861,1.3937,3.3651,0.5697,0.6593,1.0000
golden,20,0.41,0.23,6,DW,0.7502,0.1075,1.000,0.4823,0.5591,1.5278,3.3489,1.3937,3.3651,0.4011,0.4540,1.0000
golden,20,0.41,0.23,8,U,0.8382,0.0538,1.000,0.7915,0.8865,2.4205,5.6189,1.3937,3.3651,0.6361,0.7193,1.0000
golden,20,0.41,0.23,8,DW,0.8382,0.0538,1.000,0.4720,0.5591,1.5547,2.6026,1.3937,3.3651,0.4011,0.4620,1.0000
golden,20,0.41,0.23,12,U,0.8981,0.0215,1.000,0.8499,1.0451,2.6686,5.6189,1.3937,3.3651,0.7499,0.7930,1.0000
golden,20,0.41,0.23,12,DW,0.8981,0.0215,1.000,0.5032,0.5591,1.5346,3.6922,1.3937,3.3651,0.4011,0.4560,1.0000
golden,20,0.41,0.23,16,U,0.8981,0.0215,1.000,0.8494,1.2746,3.3054,5.6189,1.3937,3.3651,0.9145,0.9822,1.0000
golden,20,0.41,0.23,16,DW,0.8981,0.0215,1.000,0.5135,0.5591,1.5346,3.6922,1.3937,3.3651,0.4011,0.4560,1.0000
golden,20,0.41,0.23,32,U,1.0000,0.0000,1.000,0.8706,1.3080,3.3251,5.6189,1.3937,3.3651,0.9386,0.9881,1.0000
golden,20,0.41,0.23,32,DW,1.0000,0.0000,1.000,0.5406,0.3568,1.5346,3.6922,1.3937,3.3651,0.2560,0.4560,1.0000
golden,20,0.05,0.47,2,U,0.1758,0.6421,1.000,0.2496,0.3626,1.2617,2.4148,1.3836,3.4305,0.2621,0.3678,1.0000
golden,20,0.05,0.47,2,DW,0.1758,0.6421,1.000,0.1967,0.3626,1.1923,2.4148,1.3836,3.4305,0.2621,0.3475,1.0000
golden,20,0.05,0.47,4,U,0.6286,0.2211,1.000,0.5921,0.6738,1.7339,3.7927,1.3836,3.4305,0.4870,0.5054,1.0000
golden,20,0.05,0.47,4,DW,0.6286,0.2211,1.000,0.3817,0.3626,1.3836,2.6389,1.3836,3.4305,0.2621,0.4033,1.0000
golden,20,0.05,0.47,6,U,0.8014,0.0947,1.000,0.6962,0.8754,2.1755,4.2495,1.3836,3.4305,0.6327,0.6342,1.0000
golden,20,0.05,0.47,6,DW,0.8014,0.0947,1.000,0.4320,0.3626,1.4094,2.8173,1.3836,3.4305,0.2621,0.4108,1.0000
golden,20,0.05,0.47,8,U,0.9662,0.0211,1.000,0.7672,0.8754,2.3489,4.2495,1.3836,3.4305,0.6327,0.6847,1.0000
golden,20,0.05,0.47,8,DW,0.9662,0.0211,1.000,0.4654,0.3626,1.3836,3.5232,1.3836,3.4305,0.2621,0.4033,1.0000
golden,20,0.05,0.47,12,U,1.0000,0.0000,1.000,0.8226,1.0015,2.5670,4.2495,1.3836,3.4305,0.7238,0.7483,1.0000
golden,20,0.05,0.47,12,DW,1.0000,0.0000,1.000,0.4807,0.3626,1.4315,3.5232,1.3836,3.4305,0.2621,0.4173,1.0000
golden,20,0.05,0.47,16,U,1.0000,0.0000,1.000,0.8454,1.1923,3.0976,4.2495,1.3836,3.4305,0.8617,0.9029,1.0000
golden,20,0.05,0.47,16,DW,1.0000,0.0000,1.000,0.4832,0.3626,1.4315,3.5232,1.3836,3.4305,0.2621,0.4173,1.0000
golden,20,0.05,0.47,32,U,1.0000,0.0000,1.000,0.8776,1.2657,3.4256,4.2799,1.3836,3.4305,0.9148,0.9986,1.0000
golden,20,0.05,0.47,32,DW,1.0000,0.0000,1.000,0.4712,0.3626,1.4094,3.5232,1.3836,3.4305,0.2621,0.4108,1.0000
golden,20,0.19,0.31,2,U,0.1667,0.6129,1.000,0.2792,0.6743,2.2028,2.5208,1.4001,3.4233,0.4816,0.6435,1.0000
golden,20,0.19,0.31,2,DW,0.1667,0.6129,1.000,0.2544,0.6743,2.3047,2.5208,1.4001,3.4233,0.4816,0.6732,1.0000
golden,20,0.19,0.31,4,U,0.5168,0.2903,1.000,0.5873,0.6803,1.9625,3.0927,1.4001,3.4233,0.4859,0.5733,1.0000
golden,20,0.19,0.31,4,DW,0.5168,0.2903,1.000,0.4091,0.3617,1.4409,2.5208,1.4001,3.4233,0.2584,0.4209,1.0000
golden,20,0.19,0.31,6,U,0.7929,0.0860,1.000,0.6938,0.8063,2.3047,4.0051,1.4001,3.4233,0.5759,0.6732,1.0000
golden,20,0.19,0.31,6,DW,0.7929,0.0860,1.000,0.4480,0.5624,1.5088,2.5208,1.4001,3.4233,0.4017,0.4407,1.0000
golden,20,0.19,0.31,8,U,0.8748,0.0323,1.000,0.7822,0.8869,2.4417,5.1206,1.4001,3.4233,0.6335,0.7133,1.0000
golden,20,0.19,0.31,8,DW,0.8748,0.0323,1.000,0.5096,0.5624,1.5104,3.0594,1.4001,3.4233,0.4017,0.4412,1.0000
golden,20,0.19,0.31,12,U,0.9369,0.0108,1.000,0.8496,0.9869,2.6100,5.6592,1.4001,3.4233,0.7049,0.7624,1.0000
golden,20,0.19,0.31,12,DW,0.9369,0.0108,1.000,0.5108,0.3617,1.4409,3.0594,1.4001,3.4233,0.2584,0.4209,1.0000
golden,20,0.19,0.31,16,U,1.0000,0.0000,1.000,0.8523,1.1153,3.1965,5.6592,1.4001,3.4233,0.7966,0.9337,1.0000
golden,20,0.19,0.31,16,DW,1.0000,0.0000,1.000,0.5157,0.3617,1.4409,3.0594,1.4001,3.4233,0.2584,0.4209,1.0000
golden,20,0.19,0.31,32,U,1.0000,0.0000,1.000,0.8745,1.2521,3.3439,5.6592,1.4001,3.4233,0.8943,0.9768,1.0000
golden,20,0.19,0.31,32,DW,1.0000,0.0000,1.000,0.5436,0.3617,1.4720,3.0594,1.4001,3.4233,0.2584,0.4300,1.0000
golden,20,0.37,0.09,2,U,0.1100,0.7111,1.000,0.2359,0.6735,1.5922,2.2638,1.3598,3.4902,0.4953,0.4562,1.0000
golden,20,0.37,0.09,2,DW,0.1100,0.7111,1.000,0.2187,0.6735,1.4753,2.2638,1.3598,3.4902,0.4953,0.4227,1.0000
golden,20,0.37,0.09,4,U,0.5639,0.2667,1.000,0.6260,0.6735,1.7447,3.6579,1.3598,3.4902,0.4953,0.4999,1.0000
golden,20,0.37,0.09,4,DW,0.5639,0.2667,1.000,0.4454,0.3651,1.4366,2.6464,1.3598,3.4902,0.2685,0.4116,1.0000
golden,20,0.37,0.09,6,U,0.7701,0.1111,1.000,0.7183,0.7775,2.1603,4.2347,1.3598,3.4902,0.5717,0.6189,1.0000
golden,20,0.37,0.09,6,DW,0.7701,0.1111,1.000,0.4854,0.3651,1.4366,2.6464,1.3598,3.4902,0.2685,0.4116,1.0000
golden,20,0.37,0.09,8,U,0.8979,0.0444,1.000,0.7821,0.8755,2.2747,4.2347,1.3598,3.4902,0.6439,0.6517,1.0000
golden,20,0.37,0.09,8,DW,0.8979,0.0444,1.000,0.5241,0.3651,1.4366,3.4153,1.3598,3.4902,0.2685,0.4116,1.0000
golden,20,0.37,0.09,12,U,0.9316,0.0222,1.000,0.8279,0.9810,2.4392,4.2347,1.3598,3.4902,0.7214,0.6989,1.0000
golden,20,0.37,0.09,12,DW,0.9316,0.0222,1.000,0.5339,0.3651,1.4849,3.4153,1.3598,3.4902,0.2685,0.4254,1.0000
golden,20,0.37,0.09,16,U,0.9465,0.0111,1.000,0.8715,1.1125,2.9341,4.2347,1.3598,3.4902,0.8181,0.8407,1.0000
golden,20,0.37,0.09,16,DW,0.9465,0.0111,1.000,0.5271,0.3651,1.4849,3.4456,1.3598,3.4902,0.2685,0.4254,1.0000
golden,20,0.37,0.09,32,U,1.0000,0.0000,1.000,0.8838,1.2517,3.4153,4.2765,1.3598,3.4902,0.9205,0.9785,1.0000
golden,20,0.37,0.09,32,DW,1.0000,0.0000,1.000,0.5264,0.3651,1.4753,3.4456,1.3598,3.4902,0.2685,0.4227,1.0000
golden,22,0.13,0.37,2,U,0.0639,0.7959,1.000,0.2737,0.3638,1.6636,2.2298,1.3751,3.4197,0.2646,0.4865,1.0000
golden,22,0.13,0.37,2,DW,0.0639,0.7959,0.917,0.2277,0.3638,1.6636,2.2298,1.3751,3.4197,0.2646,0.4865,1.0000
golden,22,0.13,0.37,4,U,0.4548,0.3061,1.000,0.5816,0.5572,1.4262,2.6118,1.3751,3.4197,0.4052,0.4171,1.0000
golden,22,0.13,0.37,4,DW,0.4548,0.3061,1.000,0.4480,0.3638,1.3590,2.4006,1.3751,3.4197,0.2646,0.3974,1.0000
golden,22,0.13,0.37,6,U,0.6968,0.1531,1.000,0.7315,0.6654,1.7037,3.7367,1.3751,3.4197,0.4839,0.4982,1.0000
golden,22,0.13,0.37,6,DW,0.6968,0.1531,1.000,0.4905,0.0000,1.2547,2.4006,1.3751,3.4197,0.0000,0.3669,1.0000
golden,22,0.13,0.37,8,U,0.8530,0.0510,1.000,0.7941,0.7276,2.1071,4.1956,1.3751,3.4197,0.5291,0.6162,1.0000
golden,22,0.13,0.37,8,DW,0.8530,0.0510,1.000,0.5380,0.0000,1.2243,2.8156,1.3751,3.4197,0.0000,0.3580,1.0000
golden,22,0.13,0.37,12,U,0.8952,0.0204,1.000,0.8685,0.8895,2.3474,5.5971,1.3751,3.4197,0.6468,0.6864,1.0000
golden,22,0.13,0.37,12,DW,0.8952,0.0204,1.000,0.5465,0.0000,1.2980,2.8156,1.3751,3.4197,0.0000,0.3796,1.0000
golden,22,0.13,0.37,16,U,0.8952,0.0204,1.000,0.8891,1.0496,2.4570,5.5971,1.3751,3.4197,0.7633,0.7185,1.0000
golden,22,0.13,0.37,16,DW,0.8952,0.0204,1.000,0.5562,0.0000,1.3590,2.8156,1.3751,3.4197,0.0000,0.3974,1.0000
golden,22,0.13,0.37,32,U,0.9446,0.0102,1.000,0.9097,1.3730,3.4197,5.5971,1.3751,3.4197,0.9985,1.0000,1.0000
golden,22,0.13,0.37,32,DW,0.9446,0.0102,1.000,0.5623,0.0000,1.2243,2.9249,1.3751,3.4197,0.0000,0.3580,1.0000
golden,22,0.29,0.11,2,U,0.1178,0.6635,1.000,0.3084,0.6660,1.4307,2.2356,1.3840,3.3784,0.4812,0.4235,1.0000
golden,22,0.29,0.11,2,DW,0.1178,0.6635,1.000,0.2280,0.6660,1.2261,2.2356,1.3840,3.3784,0.4812,0.3629,1.0000
golden,22,0.29,0.11,4,U,0.5033,0.2885,1.000,0.6199,0.6660,1.3715,2.9994,1.3840,3.3784,0.4812,0.4060,1.0000
golden,22,0.29,0.11,4,DW,0.5033,0.2885,1.000,0.4404,0.3623,1.1750,2.4073,1.3840,3.3784,0.2617,0.3478,1.0000
golden,22,0.29,0.11,6,U,0.7689,0.1154,1.000,0.7363,0.6660,1.5960,3.0706,1.3840,3.3784,0.4812,0.4724,1.0000
golden,22,0.29,0.11,6,DW,0.7689,0.1154,1.000,0.4979,0.3623,1.1750,2.4073,1.3840,3.3784,0.2617,0.3478,1.0000
golden,22,0.29,0.11,8,U,0.8893,0.0288,1.000,0.7961,0.7245,2.0740,4.2025,1.3840,3.3784,0.5235,0.6139,1.0000
golden,22,0.29,0.11,8,DW,0.8893,0.0288,1.000,0.5324,0.3623,1.1750,2.4073,1.3840,3.3784,0.2617,0.3478,1.0000
golden,22,0.29,0.11,12,U,1.0000,0.0000,1.000,0.8587,0.8162,2.2356,5.6055,1.3840,3.3784,0.5897,0.6617,1.0000
golden,22,0.29,0.11,12,DW,1.0000,0.0000,1.000,0.5572,0.0000,1.1750,3.2647,1.3840,3.3784,0.0000,0.3478,1.0000
golden,22,0.29,0.11,16,U,1.0000,0.0000,1.000,0.8793,0.8929,2.4141,5.6055,1.3840,3.3784,0.6452,0.7146,1.0000
golden,22,0.29,0.11,16,DW,1.0000,0.0000,1.000,0.5712,0.0000,1.1750,3.2647,1.3840,3.3784,0.0000,0.3478,1.0000
golden,22,0.29,0.11,32,U,1.0000,0.0000,1.000,0.9084,1.2889,3.3804,5.6055,1.3840,3.3784,0.9313,1.0006,1.0000
golden,22,0.29,0.11,32,DW,1.0000,0.0000,1.000,0.5563,0.0000,1.1750,3.2647,1.3840,3.3784,0.0000,0.3478,1.0000
golden,22,0.41,0.23,2,U,0.0544,0.7938,1.000,0.3074,0.5602,1.7673,2.5040,1.3695,3.3503,0.4090,0.5275,1.0000
golden,22,0.41,0.23,2,DW,0.0544,0.7938,0.917,0.2165,0.3630,1.7673,2.5040,1.3695,3.3503,0.2650,0.5275,1.0000
golden,22,0.41,0.23,4,U,0.3469,0.4433,1.000,0.6024,0.6709,1.5902,2.7221,1.3695,3.3503,0.4899,0.4746,1.0000
golden,22,0.41,0.23,4,DW,0.3469,0.4433,1.000,0.4372,0.3630,1.4187,2.5040,1.3695,3.3503,0.2650,0.4235,1.0000
golden,22,0.41,0.23,6,U,0.7087,0.1856,1.000,0.7336,0.6709,1.6807,3.6464,1.3695,3.3503,0.4899,0.5016,1.0000
golden,22,0.41,0.23,6,DW,0.7087,0.1856,1.000,0.5206,0.3630,1.2225,2.5219,1.3695,3.3503,0.2650,0.3649,1.0000
golden,22,0.41,0.23,8,U,0.8434,0.0619,1.000,0.8087,0.7759,2.1536,4.2890,1.3695,3.3503,0.5665,0.6428,1.0000
golden,22,0.41,0.23,8,DW,0.8434,0.0619,1.000,0.5251,0.3630,1.3447,2.6347,1.3695,3.3503,0.2650,0.4014,1.0000
golden,22,0.41,0.23,12,U,0.8990,0.0206,1.000,0.8742,0.8880,2.4168,5.6350,1.3695,3.3503,0.6484,0.7214,1.0000
golden,22,0.41,0.23,12,DW,0.8990,0.0206,1.000,0.5500,0.3630,1.3545,2.6347,1.3695,3.3503,0.2650,0.4043,1.0000
golden,22,0.41,0.23,16,U,0.9553,0.0103,1.000,0.8870,0.9813,2.4783,5.6350,1.3695,3.3503,0.7165,0.7397,1.0000
golden,22,0.41,0.23,16,DW,0.9553,0.0103,1.000,0.5698,0.0000,1.3545,2.8020,1.3695,3.3503,0.0000,0.4043,1.0000
golden,22,0.41,0.23,32,U,0.9553,0.0103,1.000,0.9262,1.3235,3.3735,5.6350,1.3695,3.3503,0.9664,1.0069,1.0000
golden,22,0.41,0.23,32,DW,0.9553,0.0103,1.000,0.5634,0.0000,1.3447,2.6791,1.3695,3.3503,0.0000,0.4014,1.0000
golden,22,0.05,0.47,2,U,0.0702,0.7327,0.833,0.3381,0.3623,1.6693,2.3931,1.3768,3.3767,0.2631,0.4943,1.0000
golden,22,0.05,0.47,2,DW,0.0702,0.7327,1.000,0.2617,0.3623,1.6693,2.3931,1.3768,3.3767,0.2631,0.4943,1.0000
golden,22,0.05,0.47,4,U,0.3220,0.4356,1.000,0.5929,0.3623,1.3768,2.3931,1.3768,3.3767,0.2631,0.4077,1.0000
golden,22,0.05,0.47,4,DW,0.3220,0.4356,1.000,0.4484,0.3623,1.2511,2.3931,1.3768,3.3767,0.2631,0.3705,1.0000
golden,22,0.05,0.47,6,U,0.6603,0.1881,1.000,0.7173,0.6659,1.6595,3.7624,1.3768,3.3767,0.4837,0.4915,1.0000
golden,22,0.05,0.47,6,DW,0.6603,0.1881,1.000,0.5366,0.0000,1.3004,3.3945,1.3768,3.3767,0.0000,0.3851,1.0000
golden,22,0.05,0.47,8,U,0.8249,0.0792,1.000,0.7793,0.6869,2.1040,4.2190,1.3768,3.3767,0.4989,0.6231,1.0000
golden,22,0.05,0.47,8,DW,0.8249,0.0792,1.000,0.5342,0.0000,1.3481,3.3945,1.3768,3.3767,0.0000,0.3992,1.0000
golden,22,0.05,0.47,12,U,1.0000,0.0000,1.000,0.8542,0.8147,2.3420,5.6288,1.3768,3.3767,0.5918,0.6936,1.0000
golden,22,0.05,0.47,12,DW,1.0000,0.0000,1.000,0.5813,0.0000,1.3670,3.3945,1.3768,3.3767,0.0000,0.4048,1.0000
golden,22,0.05,0.47,16,U,1.0000,0.0000,1.000,0.8835,0.9150,2.4150,5.6288,1.3768,3.3767,0.6646,0.7152,1.0000
golden,22,0.05,0.47,16,DW,1.0000,0.0000,1.000,0.5865,0.0000,1.3670,3.3945,1.3768,3.3767,0.0000,0.4048,1.0000
golden,22,0.05,0.47,32,U,1.0000,0.0000,1.000,0.9131,1.2511,3.4094,5.6288,1.3768,3.3767,0.9087,1.0097,1.0000
golden,22,0.05,0.47,32,DW,1.0000,0.0000,1.000,0.5758,0.0000,1.3670,3.3945,1.3768,3.3767,0.0000,0.4048,1.0000
golden,22,0.19,0.31,2,U,0.0529,0.8021,1.000,0.2761,0.5602,2.4409,2.5195,1.3474,3.3515,0.4158,0.7283,1.0000
golden,22,0.19,0.31,2,DW,0.0529,0.8021,0.833,0.1448,0.3605,2.4409,2.5195,1.3474,3.3515,0.2676,0.7283,1.0000
golden,22,0.19,0.31,4,U,0.2134,0.5417,1.000,0.6366,0.6737,1.7879,2.8751,1.3474,3.3515,0.5000,0.5335,1.0000
golden,22,0.19,0.31,4,DW,0.2134,0.5417,1.000,0.4259,0.3605,1.6068,2.6249,1.3474,3.3515,0.2676,0.4794,1.0000
golden,22,0.19,0.31,6,U,0.6064,0.2500,1.000,0.7259,0.6737,1.6467,3.0902,1.3474,3.3515,0.5000,0.4913,1.0000
golden,22,0.19,0.31,6,DW,0.6064,0.2500,1.000,0.5189,0.0000,1.3627,2.6249,1.3474,3.3515,0.0000,0.4066,1.0000
golden,22,0.19,0.31,8,U,0.8270,0.0625,1.000,0.8013,0.7210,2.0896,3.9063,1.3474,3.3515,0.5351,0.6235,1.0000
golden,22,0.19,0.31,8,DW,0.8270,0.0625,1.000,0.5592,0.0000,1.4019,2.9844,1.3474,3.3515,0.0000,0.4183,1.0000
golden,22,0.19,0.31,12,U,0.8636,0.0312,1.000,0.8665,0.8863,2.4141,5.1247,1.3474,3.3515,0.6578,0.7203,1.0000
golden,22,0.19,0.31,12,DW,0.8636,0.0312,1.000,0.5652,0.0000,1.4019,3.0538,1.3474,3.3515,0.0000,0.4183,1.0000
golden,22,0.19,0.31,16,U,0.8956,0.0208,1.000,0.8883,0.9846,2.4709,5.6624,1.3474,3.3515,0.7307,0.7373,1.0000
golden,22,0.19,0.31,16,DW,0.8956,0.0208,1.000,0.5754,0.0000,1.4019,3.0538,1.3474,3.3515,0.0000,0.4183,1.0000
golden,22,0.19,0.31,32,U,0.8956,0.0208,1.000,0.9090,1.3774,3.4014,5.6624,1.3474,3.3515,1.0223,1.0149,1.0000
golden,22,0.19,0.31,32,DW,0.8956,0.0208,1.000,0.5525,0.0000,1.4019,3.0538,1.3474,3.3515,0.0000,0.4183,1.0000
golden,22,0.37,0.09,2,U,0.0732,0.7087,1.000,0.2135,0.3602,1.6679,2.4253,1.3775,3.4099,0.2615,0.4891,1.0000
golden,22,0.37,0.09,2,DW,0.0732,0.7087,1.000,0.2330,0.3602,1.6679,2.4253,1.3775,3.4099,0.2615,0.4891,1.0000
golden,22,0.37,0.09,4,U,0.3464,0.4175,1.000,0.6196,0.5592,1.4940,2.4253,1.3775,3.4099,0.4060,0.4381,1.0000
golden,22,0.37,0.09,4,DW,0.3464,0.4175,1.000,0.4552,0.3602,1.3696,2.4253,1.3775,3.4099,0.2615,0.4017,1.0000
golden,22,0.37,0.09,6,U,0.7196,0.1456,1.000,0.7348,0.6652,1.6679,3.0679,1.3775,3.4099,0.4829,0.4891,1.0000
golden,22,0.37,0.09,6,DW,0.7196,0.1456,1.000,0.5143,0.0000,1.2226,3.0679,1.3775,3.4099,0.0000,0.3585,1.0000
golden,22,0.37,0.09,8,U,0.8333,0.0680,1.000,0.7825,0.6884,2.1021,4.7814,1.3775,3.4099,0.4997,0.6165,1.0000
golden,22,0.37,0.09,8,DW,0.8333,0.0680,1.000,0.5536,0.0000,1.2868,3.3935,1.3775,3.4099,0.0000,0.3774,1.0000
golden,22,0.37,0.09,12,U,0.9471,0.0097,1.000,0.8530,0.8869,2.3360,5.6363,1.3775,3.4099,0.6439,0.6851,1.0000
golden,22,0.37,0.09,12,DW,0.9471,0.0097,1.000,0.5597,0.0000,1.3588,3.4030,1.3775,3.4099,0.0000,0.3985,1.0000
golden,22,0.37,0.09,16,U,0.9471,0.0097,1.000,0.8800,0.9573,2.4253,5.6363,1.3775,3.4099,0.6949,0.7112,1.0000
golden,22,0.37,0.09,16,DW,0.9471,0.0097,1.000,0.5839,0.0000,1.3696,3.5614,1.3775,3.4099,0.0000,0.4017,1.0000
golden,22,0.37,0.09,32,U,0.9471,0.0097,1.000,0.9043,1.3095,3.3790,5.6363,1.3775,3.4099,0.9506,0.9909,1.0000
golden,22,0.37,0.09,32,DW,0.9471,0.0097,1.000,0.5827,0.0000,1.3618,3.5614,1.3775,3.4099,0.0000,0.3994,1.0000
platinum,20,0.13,0.37,2,U,0.1829,0.5281,1.000,0.2244,0.8299,1.8471,3.4753,1.8892,4.7977,0.4393,0.3850,1.0000
platinum,20,0.13,0.37,2,DW,0.1829,0.5281,1.000,0.2095,0.8008,1.6789,3.4753,1.8892,4.7977,0.4239,0.3499,1.0000
platinum,20,0.13,0.37,4,U,0.6235,0.1910,1.000,0.5807,0.8367,1.9367,3.4753,1.8892,4.7977,0.4429,0.4037,1.0000
platinum,20,0.13,0.37,4,DW,0.6235,0.1910,1.000,0.3738,0.6263,1.4911,3.4753,1.8892,4.7977,0.3315,0.3108,1.0000
platinum,20,0.13,0.37,6,U,0.8747,0.0674,1.000,0.6954,0.9742,2.1130,3.5225,1.8892,4.7977,0.5157,0.4404,1.0000
platinum,20,0.13,0.37,6,DW,0.8747,0.0674,1.000,0.4130,0.6263,1.6193,3.4753,1.8892,4.7977,0.3315,0.3375,1.0000
platinum,20,0.13,0.37,8,U,1.0000,0.0000,1.000,0.7647,1.1097,2.6538,5.4732,1.8892,4.7977,0.5874,0.5532,1.0000
platinum,20,0.13,0.37,8,DW,1.0000,0.0000,1.000,0.4406,0.6263,1.6789,4.4754,1.8892,4.7977,0.3315,0.3499,1.0000
platinum,20,0.13,0.37,12,U,1.0000,0.0000,1.000,0.8065,1.3236,3.5225,6.1482,1.8892,4.7977,0.7006,0.7342,1.0000
platinum,20,0.13,0.37,12,DW,1.0000,0.0000,1.000,0.4717,0.6263,1.6789,4.4754,1.8892,4.7977,0.3315,0.3499,1.0000
platinum,20,0.13,0.37,16,U,1.0000,0.0000,1.000,0.8176,1.3964,4.5327,6.1707,1.8892,4.7977,0.7391,0.9448,1.0000
platinum,20,0.13,0.37,16,DW,1.0000,0.0000,1.000,0.4416,0.6263,1.6789,4.4754,1.8892,4.7977,0.3315,0.3499,1.0000
platinum,20,0.13,0.37,32,U,1.0000,0.0000,1.000,0.8377,1.8038,4.6521,6.1707,1.8892,4.7977,0.9548,0.9697,1.0000
platinum,20,0.13,0.37,32,DW,1.0000,0.0000,1.000,0.4385,0.6171,1.6789,4.4754,1.8892,4.7977,0.3267,0.3499,1.0000
platinum,20,0.29,0.11,2,U,0.1993,0.5562,1.000,0.2675,0.8301,1.6326,3.4496,1.8904,4.8059,0.4391,0.3397,1.0000
platinum,20,0.29,0.11,2,DW,0.1993,0.5562,1.000,0.2508,0.8301,1.5961,3.4496,1.8904,4.8059,0.4391,0.3321,1.0000
platinum,20,0.29,0.11,4,U,0.5479,0.2426,1.000,0.5853,0.8867,2.0074,3.4496,1.8904,4.8059,0.4690,0.4177,1.0000
platinum,20,0.29,0.11,4,DW,0.5479,0.2426,1.000,0.3641,0.7438,1.5540,3.4496,1.8904,4.8059,0.3935,0.3233,1.0000
platinum,20,0.29,0.11,6,U,0.8001,0.0828,1.000,0.7157,1.0435,2.1946,4.9740,1.8904,4.8059,0.5520,0.4566,1.0000
platinum,20,0.29,0.11,6,DW,0.8001,0.0828,1.000,0.4020,0.7438,1.5961,3.4496,1.8904,4.8059,0.3935,0.3321,1.0000
platinum,20,0.29,0.11,8,U,0.9326,0.0178,1.000,0.7706,1.1574,2.5019,5.2982,1.8904,4.8059,0.6122,0.5206,1.0000
platinum,20,0.29,0.11,8,DW,0.9326,0.0178,1.000,0.4633,0.6324,1.6326,3.4496,1.8904,4.8059,0.3345,0.3397,1.0000
platinum,20,0.29,0.11,12,U,0.9765,0.0059,1.000,0.8172,1.3593,3.4501,5.9357,1.8904,4.8059,0.7190,0.7179,1.0000
platinum,20,0.29,0.11,12,DW,0.9765,0.0059,1.000,0.4603,0.6324,1.6333,3.4496,1.8904,4.8059,0.3345,0.3399,1.0000
platinum,20,0.29,0.11,16,U,1.0000,0.0000,1.000,0.8382,1.4093,4.5932,6.1609,1.8904,4.8059,0.7455,0.9557,1.0000
platinum,20,0.29,0.11,16,DW,1.0000,0.0000,1.000,0.4727,0.6324,1.6326,3.4496,1.8904,4.8059,0.3345,0.3397,1.0000
platinum,20,0.29,0.11,32,U,1.0000,0.0000,1.000,0.8603,1.7880,4.6922,6.1609,1.8904,4.8059,0.9458,0.9763,1.0000
platinum,20,0.29,0.11,32,DW,1.0000,0.0000,1.000,0.4803,0.6324,1.6326,3.4496,1.8904,4.8059,0.3345,0.3397,1.0000
platinum,20,0.41,0.23,2,U,0.2130,0.4972,1.000,0.2078,0.8278,2.2417,2.4015,1.9534,4.7383,0.4238,0.4731,1.0000
platinum,20,0.41,0.23,2,DW,0.2130,0.4972,1.000,0.1886,0.8278,2.2417,2.4015,1.9534,4.7383,0.4238,0.4731,1.0000
platinum,20,0.41,0.23,4,U,0.5447,0.1788,1.000,0.5771,1.0290,2.0885,2.9882,1.9534,4.7383,0.5268,0.4408,1.0000
platinum,20,0.41,0.23,4,DW,0.5447,0.1788,1.000,0.3624,0.8198,1.9361,2.6151,1.9534,4.7383,0.4197,0.4086,1.0000
platinum,20,0.41,0.23,6,U,0.9075,0.0279,1.000,0.6765,1.1541,2.2783,4.8081,1.9534,4.7383,0.5908,0.4808,1.0000
platinum,20,0.41,0.23,6,DW,0.9075,0.0279,1.000,0.3965,0.7390,1.8754,3.0409,1.9534,4.7383,0.3783,0.3958,1.0000
platinum,20,0.41,0.23,8,U,0.9897,0.0056,1.000,0.7620,1.2075,2.5421,5.0295,1.9534,4.7383,0.6181,0.5365,1.0000
platinum,20,0.41,0.23,8,DW,0.9897,0.0056,1.000,0.4091,0.6218,1.8692,2.9882,1.9534,4.7383,0.3183,0.3945,1.0000
platinum,20,0.41,0.23,12,U,1.0000,0.0000,1.000,0.8129,1.3857,3.3905,5.4113,1.9534,4.7383,0.7094,0.7156,1.0000
platinum,20,0.41,0.23,12,DW,1.0000,0.0000,1.000,0.4026,0.6218,1.8939,2.9882,1.9534,4.7383,0.3183,0.3997,1.0000
platinum,20,0.41,0.23,16,U,1.0000,0.0000,1.000,0.8041,1.4589,4.3998,6.0840,1.9534,4.7383,0.7468,0.9286,1.0000
platinum,20,0.41,0.23,16,DW,1.0000,0.0000,1.000,0.3940,0.6218,1.8998,3.4123,1.9534,4.7383,0.3183,0.4009,1.0000
platinum,20,0.41,0.23,32,U,1.0000,0.0000,1.000,0.8397,1.9290,4.5476,6.0840,1.9534,4.7383,0.9875,0.9597,1.0000
platinum,20,0.41,0.23,32,DW,1.0000,0.0000,1.000,0.4248,0.6218,1.8939,3.4123,1.9534,4.7383,0.3183,0.3997,1.0000
platinum,20,0.05,0.47,2,U,0.1713,0.5808,1.000,0.2846,0.6265,1.9654,3.4606,1.8796,4.8000,0.3333,0.4095,1.0000
platinum,20,0.05,0.47,2,DW,0.1713,0.5808,1.000,0.1949,0.6210,1.8486,3.4606,1.8796,4.8000,0.3304,0.3851,1.0000
platinum,20,0.05,0.47,4,U,0.6098,0.1737,1.000,0.6117,0.8310,1.9795,3.4606,1.8796,4.8000,0.4421,0.4124,1.0000
platinum,20,0.05,0.47,4,DW,0.6098,0.1737,1.000,0.3680,0.6210,1.4587,3.4606,1.8796,4.8000,0.3304,0.3039,1.0000
platinum,20,0.05,0.47,6,U,0.8679,0.0419,1.000,0.7021,0.9694,2.2364,3.6027,1.8796,4.8000,0.5158,0.4659,1.0000
platinum,20,0.05,0.47,6,DW,0.8679,0.0419,1.000,0.4092,0.6210,1.5779,3.4606,1.8796,4.8000,0.3304,0.3287,1.0000
platinum,20,0.05,0.47,8,U,0.9548,0.0120,1.000,0.7591,1.0867,2.6645,5.4179,1.8796,4.8000,0.5782,0.5551,1.0000
platinum,20,0.05,0.47,8,DW,0.9548,0.0120,1.000,0.4235,0.6210,1.6132,3.4606,1.8796,4.8000,0.3304,0.3361,1.0000
platinum,20,0.05,0.47,12,U,0.9753,0.0060,1.000,0.8151,1.2698,3.7324,6.1415,1.8796,4.8000,0.6756,0.7776,1.0000
platinum,20,0.05,0.47,12,DW,0.9753,0.0060,1.000,0.4406,0.6210,1.6132,3.4606,1.8796,4.8000,0.3304,0.3361,1.0000
platinum,20,0.05,0.47,16,U,0.9753,0.0060,1.000,0.8279,1.3619,4.2039,6.1415,1.8796,4.8000,0.7246,0.8758,1.0000
platinum,20,0.05,0.47,16,DW,0.9753,0.0060,1.000,0.4504,0.6210,1.6153,4.4464,1.8796,4.8000,0.3304,0.3365,1.0000
platinum,20,0.05,0.47,32,U,1.0000,0.0000,1.000,0.8515,1.7443,4.6007,6.1415,1.8796,4.8000,0.9280,0.9585,1.0000
platinum,20,0.05,0.47,32,DW,1.0000,0.0000,1.000,0.4346,0.6210,1.6153,4.2343,1.8796,4.8000,0.3304,0.3365,1.0000
platinum,20,0.19,0.31,2,U,0.1947,0.5235,1.000,0.2601,0.8350,1.9551,3.4343,1.9684,4.8283,0.4242,0.4049,1.0000
platinum,20,0.19,0.31,2,DW,0.1947,0.5235,1.000,0.2273,0.8350,1.9551,3.4343,1.9684,4.8283,0.4242,0.4049,1.0000
platinum,20,0.19,0.31,4,U,0.6491,0.1706,1.000,0.5889,0.9661,1.9944,3.4343,1.9684,4.8283,0.4908,0.4131,1.0000
platinum,20,0.19,0.31,4,DW,0.6491,0.1706,1.000,0.3837,0.8068,1.6242,3.4343,1.9684,4.8283,0.4099,0.3364,1.0000
platinum,20,0.19,0.31,6,U,0.9467,0.0412,1.000,0.7101,1.0381,2.2359,3.7021,1.9684,4.8283,0.5274,0.4631,1.0000
platinum,20,0.19,0.31,6,DW,0.9467,0.0412,1.000,0.4411,0.7961,1.6680,3.4343,1.9684,4.8283,0.4044,0.3455,1.0000
platinum,20,0.19,0.31,8,U,1.0000,0.0000,1.000,0.7703,1.2000,2.5782,5.1012,1.9684,4.8283,0.6096,0.5340,1.0000
platinum,20,0.19,0.31,8,DW,1.0000,0.0000,1.000,0.4586,0.7961,1.6974,3.4343,1.9684,4.8283,0.4044,0.3515,1.0000
platinum,20,0.19,0.31,12,U,1.0000,0.0000,1.000,0.8250,1.3579,3.3212,5.6452,1.9684,4.8283,0.6898,0.6879,1.0000
platinum,20,0.19,0.31,12,DW,1.0000,0.0000,1.000,0.4501,0.7961,1.6974,3.4343,1.9684,4.8283,0.4044,0.3515,1.0000
platinum,20,0.19,0.31,16,U,1.0000,0.0000,1.000,0.8346,1.4897,4.5197,6.1462,1.9684,4.8283,0.7568,0.9361,1.0000
platinum,20,0.19,0.31,16,DW,1.0000,0.0000,1.000,0.4546,0.7961,1.6974,3.4343,1.9684,4.8283,0.4044,0.3515,1.0000
platinum,20,0.19,0.31,32,U,1.0000,0.0000,1.000,0.8681,1.9178,4.7226,6.1462,1.9684,4.8283,0.9743,0.9781,1.0000
platinum,20,0.19,0.31,32,DW,1.0000,0.0000,1.000,0.4544,0.7961,1.6974,4.4294,1.9684,4.8283,0.4044,0.3515,1.0000
platinum,20,0.37,0.09,2,U,0.2432,0.5202,1.000,0.2972,0.6867,2.0806,2.5884,1.9346,4.8054,0.3550,0.4330,1.0000
platinum,20,0.37,0.09,2,DW,0.2432,0.5202,1.000,0.2322,0.6290,2.0806,2.5884,1.9346,4.8054,0.3251,0.4330,1.0000
platinum,20,0.37,0.09,4,U,0.5457,0.2370,1.000,0.5829,0.8955,2.0806,2.8582,1.9346,4.8054,0.4629,0.4330,1.0000
platinum,20,0.37,0.09,4,DW,0.5457,0.2370,1.000,0.4055,0.7444,1.7183,2.5884,1.9346,4.8054,0.3848,0.3576,1.0000
platinum,20,0.37,0.09,6,U,0.8482,0.0636,1.000,0.7059,1.0423,2.3279,3.7800,1.9346,4.8054,0.5388,0.4844,1.0000
platinum,20,0.37,0.09,6,DW,0.8482,0.0636,1.000,0.4529,0.7444,1.7523,3.0444,1.9346,4.8054,0.3848,0.3647,1.0000
platinum,20,0.37,0.09,8,U,0.9915,0.0058,1.000,0.7909,1.1804,2.6377,5.4757,1.9346,4.8054,0.6101,0.5489,1.0000
platinum,20,0.37,0.09,8,DW,0.9915,0.0058,1.000,0.4534,0.6290,1.8107,3.2836,1.9346,4.8054,0.3251,0.3768,1.0000
platinum,20,0.37,0.09,12,U,1.0000,0.0000,1.000,0.8214,1.3542,3.5024,6.4207,1.9346,4.8054,0.7000,0.7289,1.0000
platinum,20,0.37,0.09,12,DW,1.0000,0.0000,1.000,0.4756,0.6290,1.8107,4.4596,1.9346,4.8054,0.3251,0.3768,1.0000
platinum,20,0.37,0.09,16,U,1.0000,0.0000,1.000,0.8331,1.4462,4.4404,6.4207,1.9346,4.8054,0.7476,0.9241,1.0000
platinum,20,0.37,0.09,16,DW,1.0000,0.0000,1.000,0.4643,0.6290,1.8107,3.2442,1.9346,4.8054,0.3251,0.3768,1.0000
platinum,20,0.37,0.09,32,U,1.0000,0.0000,1.000,0.8473,1.8935,4.6984,6.4207,1.9346,4.8054,0.9788,0.9777,1.0000
platinum,20,0.37,0.09,32,DW,1.0000,0.0000,1.000,0.4523,0.6290,1.8118,3.2836,1.9346,4.8054,0.3251,0.3770,1.0000
