substrate,seed,linger_n,n_walkers,mean_start_depth,mean_disturb_depth,mean_descend_depth,mean_linger_end_depth,mean_ascend_depth,mean_residue_after_disturb,mean_residue_after_descend,mean_residue_linger_start,mean_residue_linger_end,mean_residue_after_ascend,median_residue_after_ascend,std_residue_after_ascend,mean_phys_dist_final,frac_near_return_2,frac_near_return_3
AB_N30,0,0,5000,0.48347304752451753,0.4786196027850927,0.6074361226517387,0.6074361226517387,0.2718426734321343,1.038194060916014,0.9255252139164837,0.9255252139164837,0.9255252139164837,1.2496566751081113,1.2544294036877324,0.5393278945147894,12.113835156653149,0.0266,0.039
AB_N30,0,5,5000,0.48347304752451753,0.47996697300220487,0.607889559297497,0.6115153281830884,0.26145988325876884,1.03854920615786,0.9228681350046373,0.9228681350046373,0.9197873374068087,1.25832831618278,1.2661083603991878,0.5434113690506429,12.141060229954793,0.023,0.0526
AB_N30,0,10,5000,0.48347304752451753,0.48234024780549206,0.6072310012911682,0.6076176433531509,0.2687507206113377,1.02682970294165,0.9215356728825549,0.9215356728825549,0.9250911824240696,1.2596497611134048,1.2938694648663294,0.5392346183614292,12.20756050402187,0.0314,0.0468
AB_N30,0,20,5000,0.48347304752451753,0.47869395809559867,0.6140885715485485,0.6053647506929589,0.26505712477484883,1.0257146528799095,0.9157970618056095,0.9157970618056095,0.9240172727822035,1.2610359275880596,1.2938694648848021,0.541110372614418,12.400140989915872,0.0254,0.038
AB_N30,0,40,5000,0.48347304752451753,0.48382456256345246,0.6076027752382885,0.6082347638568161,0.26060862195676227,1.0310368956792262,0.9299553671919263,0.9299553671919263,0.9136845530834827,1.2510434440708298,1.2720779386443197,0.5397427078379481,12.524488766608254,0.0254,0.0368
AB_N30,0,80,5000,0.48347304752451753,0.4809157567659613,0.6104889824560934,0.6068052082186791,0.26837671066508123,1.0306447566386312,0.917507771631275,0.917507771631275,0.9239180359709939,1.2544436777350427,1.2938694648663294,0.5357076946954349,12.608444916227397,0.0302,0.0422
AB_N30,0,160,5000,0.48347304752451753,0.48129250134322554,0.6077324754381007,0.6066229150489305,0.2643405728154075,1.03031622738769,0.9231352143326969,0.9231352143326969,0.9231176961352004,1.2569327504349783,1.2816274418313796,0.5484922570898633,13.294810411508317,0.0268,0.0402
AB_N30,1,0,5000,0.4851435131785208,0.48406982467843973,0.6098424019319818,0.6098424019319818,0.2635083198327305,1.0306206699650968,0.9193935402056311,0.9193935402056311,0.9193935402056311,1.2623152293036917,1.2938694649342404,0.5439170817701549,12.023466114520728,0.0314,0.0474
AB_N30,1,5,5000,0.4851435131785208,0.47816855682180065,0.6132232640926534,0.6030675333189854,0.26388829416648857,1.0286910817256976,0.9217124947807901,0.9217124947807901,0.9228163875650541,1.2597873549750642,1.2661083603991878,0.5364885657260248,12.133467198195865,0.0214,0.0492
AB_N30,1,10,5000,0.4851435131785208,0.47484378198612276,0.6100140528527502,0.6093091224663454,0.271458241807517,1.0288964254932427,0.9282917665406161,0.9282917665406161,0.920261730550013,1.2390203305106533,1.2278338449306727,0.5431471944061678,12.328081766625225,0.026,0.039
AB_N30,1,20,5000,0.4851435131785208,0.4748938784295505,0.608037634307435,0.6097882809306848,0.27022095927163764,1.0343022478092945,0.9216133040931085,0.9216133040931085,0.9219953913735186,1.2627437383185334,1.270672644540903,0.5386638706227712,12.301757513082324,0.0306,0.0424
AB_N30,1,40,5000,0.4851435131785208,0.48413588782155104,0.6116120828628455,0.6063023386063767,0.26119060633193364,1.0258321854220551,0.9196412999199077,0.9196412999199077,0.9255053186468581,1.2597627163426315,1.2748823305700463,0.5357789046368406,12.326106469663383,0.0314,0.0442
AB_N30,1,80,5000,0.4851435131785208,0.4841709181558069,0.6050002698346019,0.6095099334462464,0.2608740847946555,1.0287169139453112,0.923137339554177,0.923137339554177,0.9232431397643203,1.267784332424758,1.2938694649342404,0.539217625573435,12.809132875647311,0.0226,0.0352
AB_N30,1,160,5000,0.4851435131785208,0.48362039220112946,0.6077452746892062,0.6070360935721419,0.2637536359839602,1.029813923372014,0.9272305738918858,0.9272305738918858,0.9177621011703675,1.2620671588127725,1.2748823306717063,0.5465024399493283,13.366920844842506,0.0248,0.0382
AB_N30,2,0,5000,0.4844384503936746,0.4826582286276589,0.6088531816116496,0.6088531816116496,0.2650892283141508,1.0181072446550812,0.9247653693312035,0.9247653693312035,0.9247653693312035,1.2664022396936934,1.2938694649342404,0.5405830375124836,12.171981550905109,0.0282,0.041
AB_N30,2,5,5000,0.4844384503936746,0.4835819815801835,0.6069622889645436,0.6073537881603813,0.26707795613885865,1.0249710771192406,0.9285027120192091,0.9285027120192091,0.9253125808993226,1.2590752552690312,1.289148898775919,0.5389663421534769,12.182106489625063,0.0238,0.0492
AB_N30,2,10,5000,0.4844384503936746,0.48427903073902634,0.6070857206169065,0.6114445577055412,0.2688688967729574,1.0280317762506002,0.9247179718499614,0.9247179718499614,0.9204971652938732,1.2590379934532103,1.2748823305642247,0.5432367145084078,12.479264667324106,0.0284,0.0398
AB_N30,2,20,5000,0.4844384503936746,0.48073824940938814,0.6092927929498857,0.6150905967383089,0.26144141213927286,1.0233175220992272,0.9172469387006841,0.9172469387006841,0.9279699298622632,1.256505274336492,1.2938694649342404,0.5420275162279414,12.429783735966799,0.0222,0.0364
AB_N30,2,40,5000,0.4844384503936746,0.48996014585315406,0.6056050316216596,0.6100947014589867,0.2651268456335807,1.0169204914486094,0.9255132068310279,0.9255132068310279,0.9078937039535722,1.2730344545434777,1.2938694648848021,0.5370502521596067,12.519676550499515,0.022,0.0338
AB_N30,2,80,5000,0.4844384503936746,0.4807966134126833,0.6053006872220333,0.6122471580657981,0.2671795633602199,1.035883876747532,0.9211908010720187,0.9211908010720187,0.9156860979581325,1.2570802454274626,1.2681013422497118,0.5450687753662533,12.867096490712376,0.0272,0.0388
AB_N30,2,160,5000,0.4844384503936746,0.4811814550537936,0.6075420530147214,0.6081599894235322,0.26595939884408437,1.0424234321366586,0.9302946190982421,0.9302946190982421,0.9199628119037702,1.259946976837578,1.2816274417740006,0.5393019175787609,13.179467212154215,0.0282,0.0388
AB_N30,3,0,5000,0.4848278244395103,0.48348275996419726,0.6062693441889639,0.6062693441889639,0.2705052861334213,1.032318410143559,0.921887608230631,0.921887608230631,0.921887608230631,1.2461357502769863,1.2544294036877324,0.5405165045922322,12.089921510263611,0.026,0.039
AB_N30,3,5,5000,0.4848278244395103,0.48252977916606543,0.6098814761448882,0.6050994438634361,0.26654338120801874,1.0311229066994982,0.9199258371579359,0.9199258371579359,0.9193961163809549,1.2500178405016074,1.2661083603991878,0.5502572889073231,12.337059535612214,0.0204,0.0452
AB_N30,3,10,5000,0.4848278244395103,0.47809400722775025,0.6078665130096721,0.6081208679091001,0.2588291790676383,1.0360370210774297,0.9219233007763189,0.9219233007763189,0.9148724305853855,1.2559158234875027,1.2544294036877324,0.5387715720297416,12.437477946763629,0.0268,0.0398
AB_N30,3,20,5000,0.4848278244395103,0.48454426827144215,0.6066276013195128,0.6092093341170963,0.26366157994356726,1.0314267091367624,0.9172640661999125,0.9172640661999125,0.9221429737944394,1.257840854498044,1.2938694648663294,0.5446664915867298,12.185131629699265,0.0296,0.0446
AB_N30,3,40,5000,0.4848278244395103,0.47994276954680437,0.6068272986126184,0.6035477351825256,0.2626009149705532,1.038937621134824,0.9271078700983156,0.9271078700983156,0.9227184833566288,1.2510313407358036,1.2544294036877324,0.5388281428454319,12.68047070180879,0.0266,0.041
AB_N30,3,80,5000,0.4848278244395103,0.4805423446857558,0.606520786052941,0.6114925926287471,0.26866676313274956,1.030617184800537,0.929281374810863,0.929281374810863,0.9249391648495415,1.2402136708688916,1.2278338450041495,0.5431425019163021,12.736378268302602,0.0256,0.0374
AB_N30,3,160,5000,0.4848278244395103,0.48523871376747985,0.6178590529002383,0.6124024674369272,0.2645856310838598,1.0302942072005468,0.9118310091305797,0.9118310091305797,0.9155167968915808,1.2518425364872676,1.2544294037555246,0.5420821975414764,13.30375058220132,0.0244,0.0402
AB_N30,4,0,5000,0.48660723294374364,0.4790248847444147,0.6046576937721194,0.6046576937721194,0.26307198029971113,1.0339016059000845,0.9264869883447471,0.9264869883447471,0.9264869883447471,1.2637245770750771,1.2938694648848021,0.5415000514776176,12.131839924116383,0.0294,0.041
AB_N30,4,5,5000,0.48660723294374364,0.47680386773837197,0.6088107499778264,0.60688971350371,0.26708770333041704,1.0279380584258206,0.9112241862454905,0.9112241862454905,0.928949045242433,1.251835451296115,1.2564409109083614,0.537455593766478,12.191525340243153,0.022,0.0502
AB_N30,4,10,5000,0.48660723294374364,0.4764404483552845,0.6045523732692132,0.6111727908908051,0.26633588359484733,1.036947779692823,0.9284079345771895,0.9284079345771895,0.918549297529536,1.2468511542205798,1.2544294036877324,0.5373358904188332,12.395482571509417,0.0292,0.0422
AB_N30,4,20,5000,0.48660723294374364,0.48294673537853494,0.6067318648415938,0.6112512559154094,0.2669586440994122,1.030311287140617,0.9167797717603062,0.9167797717603062,0.9260098953080683,1.254880718764953,1.274882330657432,0.5429067855599988,12.112439125977438,0.0284,0.0418
AB_N30,4,40,5000,0.48660723294374364,0.4844803460626798,0.6098938082200877,0.6055180556565156,0.26388216472196935,1.0277040983752481,0.9090992509738033,0.9090992509738033,0.9183786216020244,1.2674089989887816,1.2938694649961855,0.5397076442012132,12.51910567297616,0.0276,0.039
AB_N30,4,80,5000,0.48660723294374364,0.48250447768380944,0.6093210485470966,0.6052556940801657,0.27096647968911186,1.0259105557708976,0.9140702162949139,0.9140702162949139,0.9164560698346129,1.2515953579665418,1.2544294036877324,0.5384064618392816,12.769686498916487,0.025,0.0362
AB_N30,4,160,5000,0.48660723294374364,0.48199753242581267,0.6061379557089275,0.6112231191547385,0.2644515366646822,1.0312300821481821,0.9141770258573452,0.9141770258573452,0.911011299331697,1.2658280220464881,1.3071289445774712,0.5478023660113008,13.491740517278007,0.0212,0.0316
AB_N30,5,0,5000,0.484271044883144,0.48555477311009665,0.6065578122813862,0.6065578122813862,0.2671376183108814,1.0299319465547734,0.9206042840811606,0.9206042840811606,0.9206042840811606,1.2394500937861384,1.244671246203034,0.541953929324327,12.120101160607767,0.0274,0.0428
AB_N30,5,5,5000,0.484271044883144,0.4796812223488374,0.6121736374893798,0.6072632016144924,0.26653709123008656,1.0268451459245296,0.9170283763521242,0.9170283763521242,0.9121308843724939,1.26895054908614,1.2891488988629005,0.5380890068926448,12.301532888609977,0.0232,0.0494
AB_N30,5,10,5000,0.484271044883144,0.4795607872738028,0.6005272836966944,0.6101772684440042,0.2649634102119654,1.036904072096842,0.9360432106210088,0.9360432106210088,0.9164194371386518,1.2541966132153866,1.2544294036877324,0.5408435218965159,12.28216505005816,0.0264,0.0408
AB_N30,5,20,5000,0.484271044883144,0.48492781614077796,0.6160940130071771,0.6079977417485853,0.26690277000920115,1.0261133902739195,0.9176693851992886,0.9176693851992886,0.9188035328011455,1.2522001523525135,1.2544294036877324,0.5438763476943047,12.23018431422486,0.031,0.0424
AB_N30,5,40,5000,0.484271044883144,0.4771749055644279,0.6047485638863149,0.6102694947613195,0.2619758145641731,1.0345246483340444,0.9149011221518786,0.9149011221518786,0.9185673370741412,1.2623763477109502,1.2938694648663294,0.5458621130207425,12.26986040589071,0.031,0.048
AB_N30,5,80,5000,0.484271044883144,0.4782440952855059,0.6101964482696672,0.6100314889947314,0.26842077600065745,1.0343827504634275,0.9209686656049116,0.9209686656049116,0.9189117129962621,1.247359971689231,1.2446712462303644,0.5400012196618778,12.82193212135064,0.0272,0.0396
AB_N30,5,160,5000,0.484271044883144,0.4811032690097681,0.6071904050316139,0.6128017245788069,0.26684567857620806,1.0367899806756076,0.9208013830223115,0.9208013830223115,0.9214333233680502,1.2508241854263344,1.2544294036877324,0.5390390542631737,13.286227701839909,0.0234,0.0374
AB_N30,6,0,5000,0.4876489914230493,0.47943550327953927,0.6076227589213418,0.6076227589213418,0.2633410518552872,1.0296038298949466,0.9209743618248791,0.9209743618248791,0.9209743618248791,1.2568115627651433,1.2938694648663294,0.5394463092065582,12.14239415293259,0.0286,0.0402
AB_N30,6,5,5000,0.4876489914230493,0.4743288088989455,0.6123293675138786,0.6044035018341115,0.2658039463188352,1.0321164857611809,0.9191943504468276,0.9191943504468276,0.9096047659592059,1.2547346929430758,1.256440910990143,0.543881425322771,12.251280470860031,0.019,0.0464
AB_N30,6,10,5000,0.4876489914230493,0.4784701861909288,0.6081782196175276,0.6110298354079174,0.2644615088813114,1.0265818510623508,0.9265532111038377,0.9265532111038377,0.910836169336598,1.25380906043931,1.2446712462678002,0.5432268702713834,12.313707435423055,0.0304,0.0454
AB_N30,6,20,5000,0.4876489914230493,0.4896244975222107,0.610192127860299,0.6076801281039327,0.2685979500422818,1.0265293222585095,0.9113765055352383,0.9113765055352383,0.9169035031793412,1.2533628712208933,1.2544294036633028,0.5465706610726532,12.333281679953922,0.0254,0.0382
AB_N30,6,40,5000,0.4876489914230493,0.4829115049531034,0.6086083615807746,0.6103945512471625,0.26567061276470777,1.0235548246366988,0.9190105406884271,0.9190105406884271,0.915375373260168,1.2555817121805073,1.2550187559937793,0.5345542222218242,12.616627307136255,0.0234,0.038
AB_N30,6,80,5000,0.4876489914230493,0.48164148464678974,0.6055492475780393,0.6050830844931181,0.2679244479898598,1.0251152202327658,0.9141798079010776,0.9141798079010776,0.9315724605432222,1.2530579351282387,1.2544294036877324,0.5385059620840638,12.670969689349999,0.0282,0.0438
AB_N30,6,160,5000,0.4876489914230493,0.4783856397082269,0.6090590289442124,0.6107584117616472,0.2625164267760684,1.0336101712926655,0.9166228433683107,0.9166228433683107,0.9129444814467074,1.2579882834102938,1.2544294036877324,0.5366584235818442,13.350706277347449,0.022,0.0332
AB_N30,7,0,5000,0.4848165471039016,0.47728130868976115,0.6081045475578862,0.6081045475578862,0.26070069869760254,1.0277190628797777,0.9217237729095717,0.9217237729095717,0.9217237729095717,1.2576358354391324,1.278254886225917,0.5429691423010177,12.19419531164323,0.0282,0.0412
AB_N30,7,5,5000,0.4848165471039016,0.4841404286950312,0.6093827352314442,0.6037098362898673,0.2629139743817864,1.033919986836171,0.9174284683056332,0.9174284683056332,0.9241218349194662,1.2539274953714492,1.266108360434163,0.5393711142447164,12.262035847823372,0.0212,0.049
AB_N30,7,10,5000,0.4848165471039016,0.4829808252905843,0.6079761345868279,0.6076848549221496,0.26825646395183284,1.0270867042798935,0.9207263556878965,0.9207263556878965,0.9227959625588493,1.2439710445373384,1.2446712462001792,0.5318442479064883,12.472464818913958,0.0264,0.038
AB_N30,7,20,5000,0.4848165471039016,0.4804326204145454,0.6097561285147958,0.6086188510720967,0.26963612668881853,1.025309232512186,0.917422563255122,0.917422563255122,0.9208573971233797,1.2395471379022964,1.244671246203034,0.539599540385402,12.288807119784556,0.027,0.042
AB_N30,7,40,5000,0.4848165471039016,0.47935506446207793,0.6073609435833014,0.6075044874522542,0.26773636363625963,1.0363435824296396,0.9308894608667915,0.9308894608667915,0.9326848292825743,1.239370903333558,1.2446712462303644,0.5411014847268789,12.524282608289022,0.0272,0.0406
AB_N30,7,80,5000,0.4848165471039016,0.48253304716809553,0.6093981089496928,0.6126541992797141,0.2674033042918419,1.0246057585366084,0.9089727471625815,0.9089727471625815,0.9155143544535927,1.2583768582946482,1.2938694648848021,0.5402027903892525,12.62669460129611,0.0312,0.0438
AB_N30,7,160,5000,0.4848165471039016,0.4763269994964856,0.6117568903953242,0.608082270824399,0.2695327829091867,1.0359441002489873,0.9229541407709272,0.9229541407709272,0.9293509262455071,1.253241610749779,1.2748823306521795,0.5434432478906224,13.419892941449618,0.0278,0.0372
AB_N30,8,0,5000,0.4853095201629799,0.47921121754097423,0.6069522740547134,0.6069522740547134,0.2653208832263388,1.0368593709245923,0.917264268394644,0.917264268394644,0.917264268394644,1.2469207352778877,1.2544294036877324,0.541202779528012,12.240899001822154,0.0302,0.0426
AB_N30,8,5,5000,0.4853095201629799,0.48567308278642723,0.6074913751531783,0.6083354354895822,0.2683877605274427,1.0353931826875296,0.9203027388118331,0.9203027388118331,0.9297930288848812,1.2450621090513225,1.2426406872,0.5398523187020733,12.267459900286738,0.0176,0.0448
AB_N30,8,10,5000,0.4853095201629799,0.48461345266910894,0.6097205818644943,0.6027464935115959,0.2664312026566417,1.0300038208249978,0.9143719049291456,0.9143719049291456,0.9198980284407436,1.2508675973974808,1.2544294037486858,0.5394861310334561,12.393367261371132,0.0246,0.0384
AB_N30,8,20,5000,0.4853095201629799,0.4813467790577517,0.6065733715609063,0.6098856673106431,0.27078347897307997,1.0268911518083104,0.9261120507321994,0.9261120507321994,0.9216320525542901,1.240755609993891,1.2278338450377757,0.5383214097554099,12.25472148044823,0.0292,0.0402
AB_N30,8,40,5000,0.4853095201629799,0.4842404273089047,0.6061482168942093,0.6080199696425761,0.26788756571099975,1.02190005572782,0.916917075303785,0.916917075303785,0.9154011822211058,1.2442214829211127,1.2417986294568317,0.5364639335229868,12.612918999657337,0.026,0.044
AB_N30,8,80,5000,0.4853095201629799,0.48348881663342674,0.6103281911413609,0.6036111258344783,0.27260073235439647,1.0224073226067656,0.9171848606631946,0.9171848606631946,0.9303387074199759,1.2383491331903873,1.2278338449841697,0.5389459148391096,12.79217558008947,0.0306,0.0424
AB_N30,8,160,5000,0.4853095201629799,0.48252200260485395,0.6086064205470794,0.6038294497674511,0.2609133064749147,1.0372470974470356,0.9152867174617079,0.9152867174617079,0.930735547383198,1.2396135743362378,1.2278338450041495,0.5388682445190351,13.473726595003294,0.0244,0.034
AB_N30,9,0,5000,0.4848494406686599,0.47914922343286565,0.6116848402001822,0.6116848402001822,0.2700337586050881,1.0285794183356851,0.9232945314286255,0.9232945314286255,0.9232945314286255,1.250224489228219,1.2544294036633028,0.5334767833586332,12.220054988162296,0.0272,0.0412
AB_N30,9,5,5000,0.4848494406686599,0.47544008972817536,0.6063577999310416,0.6125413677548659,0.26376930205012866,1.0286108478930605,0.9231630025549435,0.9231630025549435,0.9144929503510987,1.2493238167620988,1.2446695926198523,0.5404727685075718,12.07663291758686,0.022,0.0466
AB_N30,9,10,5000,0.4848494406686599,0.48062039877094537,0.6103407288255347,0.6042497235679328,0.26460978575243116,1.022656861847782,0.9146887166246319,0.9146887166246319,0.9212403616845247,1.2516262883031575,1.2720779386178402,0.5380251667261227,12.253009604237342,0.0264,0.04
AB_N30,9,20,5000,0.4848494406686599,0.4778394978088745,0.6085330690623225,0.6039755549448269,0.26422283303518634,1.0260946120776726,0.9274104636458671,0.9274104636458671,0.9314342289391432,1.247383440141697,1.2544294036877324,0.5389909644080744,12.380682796570262,0.0284,0.043
AB_N30,9,40,5000,0.4848494406686599,0.4838918186860012,0.6071900284827404,0.604363159083909,0.26575913359712694,1.0161436490776803,0.9256370740802122,0.9256370740802122,0.9289230517964258,1.2495534208561638,1.2544294036877324,0.5344671247256735,12.457864505533744,0.0312,0.0448
AB_N30,9,80,5000,0.4848494406686599,0.48931763635470327,0.6096960241299805,0.6071551758926984,0.26266407036806777,1.012112238495408,0.9218459526790611,0.9218459526790611,0.9194681773468907,1.2526631307790972,1.2550187560384316,0.5442302559219401,12.782900559186741,0.0244,0.0368
AB_N30,9,160,5000,0.4848494406686599,0.4783728399161505,0.6105202692313821,0.6053901076116894,0.2578414003315088,1.0228713538237084,0.9254103832219093,0.9254103832219093,0.921862694281672,1.2609202050716082,1.2938694649342404,0.5357591806023895,13.222565390225691,0.0226,0.0344
Penrose_N24,0,0,5000,0.5047870768184987,0.5336244930927541,0.6587189407147811,0.6587189407147811,0.32578820845322165,1.1051348533398535,0.9967608790187281,0.9967608790187281,0.9967608790187281,1.3379689485090782,1.328131026102596,0.5955469433833447,12.226978878647028,0.0306,0.0396
Penrose_N24,0,5,5000,0.5047870768184987,0.5333438460879414,0.6546946179649701,0.653033541811202,0.3235524420151586,1.1088351697938705,0.996030542025324,0.996030542025324,0.9874637299072169,1.333622414795336,1.3372822733573595,0.5874844205556813,12.337935101164568,0.0158,0.0458
Penrose_N24,0,10,5000,0.5047870768184987,0.534903806290825,0.6546038212829431,0.6559933457108468,0.32128142427234624,1.0898982561353114,1.000412384051655,1.000412384051655,0.9978633845851207,1.328249471434423,1.3212688622750766,0.5931284392041382,12.452427445040787,0.0248,0.0346
Penrose_N24,0,20,5000,0.5047870768184987,0.5278696593852957,0.6583942530051423,0.6511850753634506,0.32292600638372826,1.1217769801441166,0.997496654678137,0.997496654678137,1.0027397615187874,1.3420217067863665,1.356814780570466,0.5935091236875449,12.380002626885089,0.026,0.0334
Penrose_N24,0,40,5000,0.5047870768184987,0.5370848672077275,0.6547482927989663,0.6555973114153791,0.3174077809538625,1.093773226166227,1.004788970322402,1.004788970322402,0.9921911371094946,1.3451055839236794,1.364850937264107,0.5902232758782412,12.645504190884822,0.0274,0.0354
Penrose_N24,0,80,5000,0.5047870768184987,0.5344438474599166,0.6564570041918437,0.6507433706098654,0.3237322499141159,1.0866541977688102,0.9940529930722413,0.9940529930722413,0.9890398191039194,1.335180012315253,1.3485911728484021,0.5951452656713245,13.026166088799327,0.0282,0.0346
Penrose_N24,0,160,5000,0.5047870768184987,0.5340208895193126,0.6572677061707122,0.6509580385719228,0.3207692720683624,1.101014490265389,0.9953719873664649,0.9953719873664649,0.999575873444389,1.3389305167717298,1.328131026135584,0.5968123760394669,13.709712285030628,0.0196,0.027
Penrose_N24,1,0,5000,0.507479331187804,0.5379951150771783,0.6585938172170263,0.6585938172170263,0.3216786451306765,1.1013802746156292,0.9905240525318663,0.9905240525318663,0.9905240525318663,1.3254347954572367,1.321268862212941,0.5936924265733127,12.408148845388883,0.0268,0.0372
Penrose_N24,1,5,5000,0.507479331187804,0.529096982022941,0.6581537444111816,0.6533279463285535,0.32107341891641145,1.0882149746806797,0.9959783736462152,0.9959783736462152,0.9808680101985985,1.3335243643044177,1.3372822734398717,0.5857541663609759,12.172306686795283,0.0178,0.0524
Penrose_N24,1,10,5000,0.507479331187804,0.5326824773788067,0.655532574516759,0.654632856280946,0.32129926197906744,1.100936774382321,0.9891107951754992,0.9891107951754992,0.987248676051206,1.3364173799397594,1.3568147805081996,0.5985773446705217,12.453340982073883,0.023,0.0308
Penrose_N24,1,20,5000,0.507479331187804,0.5296660848261988,0.6547163840696563,0.6547941473394362,0.3187463376520399,1.0954646320841093,0.9990968314818103,0.9990968314818103,0.9972323842189813,1.3427233517538897,1.3350418991736468,0.5858187123259004,12.563020610935757,0.0248,0.0332
Penrose_N24,1,40,5000,0.507479331187804,0.5303947521943178,0.6596848989079149,0.6514520648208958,0.3205188900467934,1.112108562436993,0.9741556386134311,0.9741556386134311,0.9875082064557628,1.3458926410553722,1.3568147805981094,0.5925570620998998,12.720446093365934,0.0228,0.0298
Penrose_N24,1,80,5000,0.507479331187804,0.5335756334279637,0.6543231803808068,0.6541216565329985,0.32046366107405483,1.1011798623162297,0.9985790863244276,0.9985790863244276,0.989841133262264,1.346972431110005,1.3568147806242803,0.5953120278157389,13.081118585073217,0.022,0.0296
Penrose_N24,1,160,5000,0.507479331187804,0.5338426087379299,0.6609980536626701,0.6583511435858325,0.32246061547318533,1.0900236595057216,0.9811826217471258,0.9811826217471258,0.9894059151047044,1.332659089769304,1.34450389967876,0.5942502751601092,13.657342001207514,0.0242,0.0306
Penrose_N24,2,0,5000,0.5071335390097255,0.5396465056879537,0.6562652720071854,0.6562652720071854,0.32366115112196203,1.0792776619191273,0.9895192010998981,0.9895192010998981,0.9895192010998981,1.3404918479963375,1.35681478061432,0.5937920356470923,12.229112584800777,0.0304,0.0418
Penrose_N24,2,5,5000,0.5071335390097255,0.5364201087299273,0.6547525071025899,0.6545788064522203,0.321557818021851,1.097271951871337,0.9880147852202324,0.9880147852202324,0.9901450045095543,1.3408779809368971,1.3372822734575365,0.5884166801092259,12.30139164485932,0.018,0.055
Penrose_N24,2,10,5000,0.5071335390097255,0.5314705576282593,0.6522455113186322,0.6584411148612928,0.32264875535650345,1.1080500003237659,0.9984206420510553,0.9984206420510553,0.9860794848119785,1.3260835956643855,1.3212688622421114,0.5903149119160828,12.441730404225359,0.0238,0.0316
Penrose_N24,2,20,5000,0.5071335390097255,0.5398541032213613,0.6601521953494776,0.6575342437247831,0.32567182335811934,1.1023799015443998,0.9801651558070061,0.9801651558070061,0.982805173349314,1.3284941172347295,1.321856221906888,0.5916800876397639,12.53384456863519,0.0318,0.041
Penrose_N24,2,40,5000,0.5071335390097255,0.5354492480108227,0.6550417108655328,0.6529197583366978,0.32110630889103775,1.099527311770057,0.9839524493271221,0.9839524493271221,0.9862135623182403,1.336886892065478,1.318188449182924,0.5906541347761195,12.726554301231966,0.0262,0.0336
Penrose_N24,2,80,5000,0.5071335390097255,0.5335728707109261,0.6534558956984502,0.6562174014422173,0.3226961855018953,1.1049950916288678,0.9965097458338189,0.9965097458338189,0.994854410028665,1.3287348670709402,1.3212688621883628,0.5916975685209368,13.057645462400103,0.022,0.0316
Penrose_N24,2,160,5000,0.5071335390097255,0.5335414965609371,0.6593743541602675,0.654597995233306,0.3159258527757776,1.0959932777579109,0.990696410889155,0.990696410889155,0.9932020166456322,1.3425928483035678,1.3568147805051471,0.588536023086886,13.732781511660447,0.0232,0.03
Penrose_N24,3,0,5000,0.505207710542783,0.5314667927407603,0.6529615810616407,0.6529615810616407,0.3200008359379514,1.0987227908279604,0.9902401570013019,0.9902401570013019,0.9902401570013019,1.3510977999069778,1.3676122270471498,0.5915662040734084,12.228647597934241,0.0282,0.0388
Penrose_N24,3,5,5000,0.505207710542783,0.529267668937271,0.6541631679068585,0.6531509555727789,0.3232571068167128,1.1084922977519054,0.9928741846777426,0.9928741846777426,0.9981090209396325,1.3290656802003704,1.3151008207625872,0.5896979411505353,12.335192376028337,0.0196,0.0524
Penrose_N24,3,10,5000,0.505207710542783,0.5337014522467689,0.6581097864927329,0.6575388176162216,0.3173303427681338,1.098204960025746,0.9911189229096783,0.9911189229096783,0.9866101559500372,1.346481157725822,1.3594522139958052,0.5913837211061046,12.368858401559697,0.026,0.036
Penrose_N24,3,20,5000,0.505207710542783,0.5291808286320389,0.6561092906118985,0.6553914874804263,0.31868186530100473,1.1008139650470403,0.9824282810274595,0.9824282810274595,0.9959891574595342,1.3339574631346391,1.318188449169686,0.6013091847223266,12.63708160334446,0.0246,0.0334
Penrose_N24,3,40,5000,0.505207710542783,0.5364425733901508,0.65994823215839,0.6507078507537581,0.3206048273180156,1.093266075476668,0.9884823095363543,0.9884823095363543,1.0068825618335269,1.3424162777918704,1.3568147805844846,0.5935842175265897,12.715645250324222,0.026,0.0332
Penrose_N24,3,80,5000,0.505207710542783,0.5350871848705568,0.6590783689184175,0.6500617407120639,0.32506977016062816,1.0932854875221538,0.9820784883932171,0.9820784883932171,0.9936337513013516,1.3342673920934451,1.328131026157645,0.5943383818584915,13.115146886167949,0.0234,0.0338
Penrose_N24,3,160,5000,0.505207710542783,0.5332550063437724,0.6575949209494387,0.6585580154709589,0.31947340636397564,1.0950078395405225,0.9842598358107687,0.9842598358107687,0.9782861760703788,1.3294003279719007,1.3212688622347857,0.5967935732891261,13.537283494308248,0.0258,0.032
Penrose_N24,4,0,5000,0.5067123226152201,0.5320171030182903,0.653405375825138,0.653405375825138,0.31992927329375814,1.1050889446525916,0.9970295344076044,0.9970295344076044,0.9970295344076044,1.3427910809126657,1.3281310260983787,0.5929324024765433,12.396675066354693,0.0272,0.0378
Penrose_N24,4,5,5000,0.5067123226152201,0.5344131520899156,0.6559508902170935,0.6559085397633009,0.3181110660709343,1.0940570664434286,0.9895189594506762,0.9895189594506762,0.9786429731999179,1.343633209894765,1.344062682635698,0.5989338180338694,12.406272193333344,0.0196,0.052
Penrose_N24,4,10,5000,0.5067123226152201,0.5314002589431664,0.6521822628509281,0.657536969815942,0.32185772734394075,1.110774008304568,0.9999198611865683,0.9999198611865683,0.9853731550916768,1.3245741196772083,1.318188449194693,0.5917861607632094,12.427434297394653,0.0282,0.0354
Penrose_N24,4,20,5000,0.5067123226152201,0.5320205832382557,0.6556873292830365,0.6556099553609291,0.3235992291332207,1.1038403180883163,0.989376565574772,0.989376565574772,1.0012573279018084,1.3244958999624692,1.318188449194693,0.5955064082965111,12.42084035809395,0.0294,0.0376
Penrose_N24,4,40,5000,0.5067123226152201,0.5367955550577138,0.6545009137644704,0.6540320275216829,0.3197726852992058,1.0961825934311171,0.9957285960365927,0.9957285960365927,0.9977558958211586,1.3370165001819148,1.328131026102596,0.5931821460846621,12.548475510546014,0.023,0.033
Penrose_N24,4,80,5000,0.5067123226152201,0.5345714515437255,0.6554653943606722,0.6531603432182579,0.3237649222318506,1.0944956397295167,0.9924343604342925,0.9924343604342925,0.9940882481681709,1.3464347301300232,1.3568147805172808,0.5982608636286001,13.144848582014879,0.0254,0.034
Penrose_N24,4,160,5000,0.5067123226152201,0.5349998743880547,0.6559291286137764,0.655834671391941,0.3223927457729053,1.0810976060705908,0.992551412040088,0.992551412040088,0.9793464522839606,1.3359469291258192,1.3475241575034413,0.5953296597278673,13.590210373529205,0.0202,0.026
Penrose_N24,5,0,5000,0.5047022586545392,0.5349170777516775,0.6546453366907347,0.6546453366907347,0.31701208789299196,1.1021584997667695,0.9918667258930742,0.9918667258930742,0.9918667258930742,1.3501778664492576,1.3687471730827074,0.5899776291159261,12.350143304599191,0.0272,0.0338
Penrose_N24,5,5,5000,0.5047022586545392,0.5318472342413826,0.6549215838124556,0.6573078145973248,0.324640361246047,1.1042253933674175,0.9907422565548424,0.9907422565548424,0.9883748767987202,1.325269034325266,1.3151008207544768,0.595110382225367,12.35672263565892,0.0164,0.048
Penrose_N24,5,10,5000,0.5047022586545392,0.5316618199970213,0.6538337559003659,0.6557271453681814,0.32016315621897573,1.1159016665646255,0.9918398685430985,0.9918398685430985,0.9970363426997833,1.3352155001434483,1.3281310261406956,0.5886711561235713,12.245658160005368,0.0296,0.0372
Penrose_N24,5,20,5000,0.5047022586545392,0.5342301297899427,0.6649081402288457,0.6541496213949084,0.32496499149435404,1.0886349519130831,0.9942911784818218,0.9942911784818218,0.9919110088916339,1.3385812587556167,1.3470839297318797,0.591568314192009,12.511234628159942,0.0264,0.034
Penrose_N24,5,40,5000,0.5047022586545392,0.5342948828526923,0.6532941686721613,0.6565065968861316,0.3201400241080387,1.0967982719848572,0.9871414279455588,0.9871414279455588,1.0001759441723443,1.3423242487652072,1.3224435814657753,0.5880115339216926,12.618011610369289,0.026,0.0346
Penrose_N24,5,80,5000,0.5047022586545392,0.5328431188233222,0.657234458609245,0.6506802383102083,0.3235753252750262,1.0950234067236582,0.9926129489911174,0.9926129489911174,1.0001285541180593,1.3422368714840236,1.3568147805708595,0.5918746702971862,13.063121803830136,0.0258,0.0338
Penrose_N24,5,160,5000,0.5047022586545392,0.5330549112628749,0.6538006003494895,0.6625003429760087,0.319619994387017,1.0925586827089773,0.9915987334060322,0.9915987334060322,0.979508163674648,1.3370662629997572,1.3212688622162743,0.5931964991655622,13.64569293671095,0.0218,0.0308
Penrose_N24,6,0,5000,0.5090719597386334,0.5320292171511953,0.6538805788544194,0.6538805788544194,0.32007355024154094,1.0976187927756393,0.9899211017755531,0.9899211017755531,0.9899211017755531,1.3433144742247547,1.3568147805145199,0.5889051407792768,12.276762207414173,0.0268,0.035
Penrose_N24,6,5,5000,0.5090719597386334,0.5356721715707147,0.6567888851539169,0.6520826751464,0.32089232940974655,1.0866361432180927,0.9833862961680748,0.9833862961680748,0.9890917541997695,1.332704181515621,1.3151008207488735,0.5930565394833102,12.202073106859276,0.0196,0.0528
Penrose_N24,6,10,5000,0.5090719597386334,0.5338867114156018,0.6543838259258875,0.6565294639231155,0.32071253120157095,1.091169022005429,0.981259034407675,0.981259034407675,0.9789182391157428,1.3457328479745623,1.368747172988824,0.5914882848428593,12.54810592825982,0.0264,0.0334
Penrose_N24,6,20,5000,0.5090719597386334,0.5355687805848587,0.6555089395761816,0.6536281062815084,0.3198312907836057,1.0914928288533525,0.9852850882776304,0.9852850882776304,0.9950022699174431,1.3231165470282829,1.3162796607162703,0.5913569163670591,12.449642798598914,0.031,0.0394
Penrose_N24,6,40,5000,0.5090719597386334,0.5338023811808945,0.6563239132532722,0.6582790164148887,0.3166582917645817,1.093722027366702,0.9837966830358269,0.9837966830358269,0.9787444437616898,1.3443971292787942,1.3568147805316557,0.5911873264419333,12.606384723973889,0.0276,0.0384
Penrose_N24,6,80,5000,0.5090719597386334,0.5303900335082709,0.6546630985426983,0.6554372170700106,0.3205390576652245,1.094168267115579,0.9912886267725071,0.9912886267725071,0.9908724283253992,1.322377827789209,1.318188449226211,0.5862506650459638,12.722291121194473,0.0254,0.0328
Penrose_N24,6,160,5000,0.5090719597386334,0.5299148960446649,0.658117565458598,0.6599561817607547,0.3179845202049909,1.0999354452198848,0.985606727414181,0.985606727414181,0.9942718137205633,1.3439977305366804,1.3568147806111597,0.59388178911608,13.677490025888622,0.0226,0.0276
Penrose_N24,7,0,5000,0.5070409799487666,0.5360104446962829,0.6550225723981816,0.6550225723981816,0.3157139457968967,1.093279588976509,0.9990560390574513,0.9990560390574513,0.9990560390574513,1.3423889625500718,1.3568147805081996,0.590001238982218,12.202929761195612,0.0266,0.0382
Penrose_N24,7,5,5000,0.5070409799487666,0.5357666382520317,0.656884562600227,0.6574387936976446,0.31656878904781904,1.0936847643755028,0.9719951304125357,0.9719951304125357,0.9801782495975393,1.3366706274244966,1.3151008207928598,0.593058347444146,12.345696771924532,0.016,0.0432
Penrose_N24,7,10,5000,0.5070409799487666,0.5323580960401261,0.654113658262976,0.6541359324321122,0.32029649600833465,1.1012655179890247,0.9931869468831485,0.9931869468831485,0.9812571117217022,1.3288520231211078,1.3181884491935603,0.5945779227349351,12.416458998065622,0.0254,0.0366
Penrose_N24,7,20,5000,0.5070409799487666,0.5290798325433647,0.6553822727368349,0.6550719473929089,0.32261341697312124,1.1095162439519972,0.9815310642946877,0.9815310642946877,0.9886950173456447,1.3314206159373638,1.328131026102596,0.5896966822191009,12.286992378466424,0.0314,0.0394
Penrose_N24,7,40,5000,0.5070409799487666,0.5352160432794787,0.6573265633187722,0.6574989663379636,0.32336587941285233,1.0979522058018332,0.9842584226332809,0.9842584226332809,0.9991378307891843,1.3202012384150803,1.3181884491466782,0.5902171963086332,12.860185084876608,0.024,0.0318
Penrose_N24,7,80,5000,0.5070409799487666,0.5308146644422441,0.6582601884034268,0.6602628133241903,0.32103170911057893,1.0922179346174563,0.9995755901748653,0.9995755901748653,0.9828067171743613,1.3373250681229987,1.3568147805098336,0.5953166091303038,13.088675642532474,0.0266,0.0346
Penrose_N24,7,160,5000,0.5070409799487666,0.5352431335499729,0.6587554874139114,0.6602567696261905,0.31951616185408505,1.0945513952033867,0.985275930618732,0.985275930618732,0.9842276430973012,1.3458617825253762,1.3470839297318797,0.5980392627305656,13.540608997670345,0.0238,0.0328
Penrose_N24,8,0,5000,0.5079612959111771,0.5301770639284681,0.6538761576129347,0.6538761576129347,0.32384699239367964,1.1091913080357287,0.983189444141202,0.983189444141202,0.983189444141202,1.3300606620406397,1.3224435815058198,0.5896087590214464,12.189927476632894,0.0274,0.0346
Penrose_N24,8,5,5000,0.5079612959111771,0.5351042158976032,0.6528337119474636,0.6550461561330155,0.3206408415607159,1.1037562055213257,0.98592181670834,0.98592181670834,0.9876757631823301,1.3316696402266766,1.3262379212,0.5884533292711629,12.316588462919292,0.0176,0.0512
Penrose_N24,8,10,5000,0.5079612959111771,0.5310676675401161,0.6570313050373772,0.6536833810232653,0.32212643385209005,1.099339920661932,0.9871261278690121,0.9871261278690121,0.9905356665569536,1.3379109672819902,1.3470839297510349,0.5948658244953621,12.282900751340902,0.0284,0.0396
Penrose_N24,8,20,5000,0.5079612959111771,0.5317096924964984,0.6534627045907939,0.6564440973198858,0.32335402537933267,1.0957068483438777,0.9950295659983827,0.9950295659983827,1.0055088416503057,1.336754479610451,1.344503899627264,0.5946998521564126,12.389209627148613,0.0284,0.0398
Penrose_N24,8,40,5000,0.5079612959111771,0.5349142023036018,0.6594764774480198,0.6562995281227418,0.32885542262250417,1.0936856548979177,0.9763687517479699,0.9763687517479699,0.9755632889520135,1.3344962873044948,1.3281310261304724,0.5914624833151763,12.763284485544412,0.0264,0.035
Penrose_N24,8,80,5000,0.5079612959111771,0.5345318685019034,0.6556395864663639,0.6557996180715041,0.325464644707931,1.101445042508397,0.9884208032672832,0.9884208032672832,0.9859027893690865,1.3362441685545374,1.3445038997473335,0.5931894877249319,12.9953174074488,0.0248,0.036
Penrose_N24,8,160,5000,0.5079612959111771,0.5342078976055045,0.6544931675082806,0.6515195716838028,0.32148559586305364,1.0914504379755832,0.9844962702033213,0.9844962702033213,0.9959954345579004,1.33829771854227,1.3281310260849206,0.5861136857876454,13.74487697553538,0.0212,0.0302
Penrose_N24,9,0,5000,0.5081178327761513,0.5343948050648549,0.6628204851405207,0.6628204851405207,0.32071700421393873,1.1010653327301358,0.9885082982599426,0.9885082982599426,0.9885082982599426,1.3395906709446488,1.3281310261169759,0.588427209006373,12.258768292382362,0.0302,0.0416
Penrose_N24,9,5,5000,0.5081178327761513,0.532806395242179,0.6556266339786486,0.6578803845925633,0.3176291148573643,1.1026678447325724,0.9863371566686631,0.9863371566686631,0.9845956306504524,1.3396036758948773,1.3271844736970122,0.5911460515351036,12.242062211212605,0.0176,0.0528
Penrose_N24,9,10,5000,0.5081178327761513,0.5350888846380455,0.6605935278566518,0.6561116491044472,0.3207136046142945,1.0929519521949087,0.9837315577004336,0.9837315577004336,0.9913368804214678,1.3412236438359952,1.3568147805172808,0.5893828868946386,12.337193029202163,0.0268,0.0358
Penrose_N24,9,20,5000,0.5081178327761513,0.5306256485219408,0.653544873183079,0.6526483428632783,0.3201895474507761,1.0947181946189615,0.9863871206562821,0.9863871206562821,0.9951388707207014,1.3451852409793548,1.3506686094974234,0.5913671050377514,12.565814510781964,0.0236,0.0306
Penrose_N24,9,40,5000,0.5081178327761513,0.5325304229076467,0.6515710829004292,0.6542220383803052,0.3212048914989212,1.095273445321625,0.981396589901538,0.981396589901538,0.9838150213879752,1.3413244020515032,1.3568147805460307,0.5956562717457129,12.629022078000004,0.0302,0.0386
Penrose_N24,9,80,5000,0.5081178327761513,0.533435991229548,0.6560103183418583,0.6525950785653718,0.31684619837443023,1.095911268409606,0.9872964244931284,0.9872964244931284,0.9868095173227264,1.3502841666529042,1.3676122271024003,0.597603805142904,12.871652262315914,0.0262,0.036
Penrose_N24,9,160,5000,0.5081178327761513,0.5359982950680289,0.658666718538666,0.6506917182375388,0.32022756192333063,1.0959341743166118,0.9932009770311684,0.9932009770311684,0.9914365156842913,1.333418574688465,1.3281310260921735,0.5918777499453528,13.602044989178394,0.0216,0.0302
