substrate,seed,linger_n,linger_step,mean_residue,median_residue
AB_N30,0,5,1,0.9205680282499521,0.8994949366
AB_N30,0,5,5,0.9197873374068087,0.899494936692972
AB_N30,0,10,1,0.9169230724347315,0.9262096825945868
AB_N30,0,10,6,0.9203344817541133,0.8870155378501183
AB_N30,0,10,10,0.9250911824240696,0.8870155378801012
AB_N30,0,20,1,0.921509776243078,0.8801154786101751
AB_N30,0,20,6,0.9253653749909936,0.8870155378501183
AB_N30,0,20,11,0.9114490174240516,0.8801154786046341
AB_N30,0,20,16,0.9357179350319017,0.8870155379237616
AB_N30,0,20,20,0.9240172727822035,0.8870155379104931
AB_N30,0,40,1,0.915425598731356,0.8994949365668696
AB_N30,0,40,6,0.9291429118341901,0.8870155379104931
AB_N30,0,40,11,0.9234324953306581,0.8994949366645555
AB_N30,0,40,16,0.9235185018850247,0.8870155379104931
AB_N30,0,40,21,0.9230057207252496,0.8994949366610447
AB_N30,0,40,26,0.9263687690078983,0.8870155379237614
AB_N30,0,40,31,0.9189374565618833,0.8994949366070943
AB_N30,0,40,36,0.9198831863253311,0.8870155378501183
AB_N30,0,40,40,0.9136845530834827,0.8870155378247013
AB_N30,0,80,1,0.915764704313073,0.8801154786046341
AB_N30,0,80,6,0.9229560756425071,0.8870155378501183
AB_N30,0,80,11,0.9270689461223185,0.9262096826260491
AB_N30,0,80,16,0.9276859330867577,0.8870155379100844
AB_N30,0,80,21,0.9194880025805434,0.899494936594129
AB_N30,0,80,26,0.91898553164438,0.8870155379100843
AB_N30,0,80,31,0.9196187363478175,0.9262096826260492
AB_N30,0,80,36,0.9242536270869359,0.8870155379104931
AB_N30,0,80,41,0.9261333898979978,0.9262096826260492
AB_N30,0,80,46,0.9239749927335315,0.8870155378501183
AB_N30,0,80,51,0.9231615995206622,0.9262096826260492
AB_N30,0,80,56,0.9265739983238472,0.8870155379104931
AB_N30,0,80,61,0.9237394560262036,0.9262096826260492
AB_N30,0,80,66,0.9185307712100017,0.8870155379100841
AB_N30,0,80,71,0.9211090646290341,0.926209682610318
AB_N30,0,80,76,0.9181185959941702,0.8870155378501183
AB_N30,0,80,80,0.9239180359709939,0.8870155379100843
AB_N30,0,160,1,0.9198132646734348,0.8926652155589365
AB_N30,0,160,6,0.9254848940521133,0.8870155378501184
AB_N30,0,160,11,0.9197536869489155,0.8994949366610447
AB_N30,0,160,16,0.9218700611487118,0.8870155378501183
AB_N30,0,160,21,0.9181818545935028,0.8858354945630844
AB_N30,0,160,26,0.9247698715643176,0.8870155379104931
AB_N30,0,160,31,0.9169780705210167,0.8994949366822778
AB_N30,0,160,36,0.913202782053929,0.8870155378501183
AB_N30,0,160,41,0.9207737656825451,0.9262096825945869
AB_N30,0,160,46,0.9182716911936856,0.8870155378501183
AB_N30,0,160,51,0.9254465700903016,0.9262096826260492
AB_N30,0,160,56,0.9252437016082913,0.8870155378501183
AB_N30,0,160,61,0.9210160315391688,0.8994949366859439
AB_N30,0,160,66,0.9254255984205072,0.8966830582903401
AB_N30,0,160,71,0.913320955235372,0.8858354945630844
AB_N30,0,160,76,0.9145872294400051,0.8870155378501183
AB_N30,0,160,81,0.9186233722338027,0.8994949366568099
AB_N30,0,160,86,0.9204506793952234,0.8870155378501183
AB_N30,0,160,91,0.922714471372289,0.8994949365668695
AB_N30,0,160,96,0.9190520732333033,0.8870155378501183
AB_N30,0,160,101,0.9340762185647745,0.9262096826326788
AB_N30,0,160,106,0.9159264352181317,0.8870155378501183
AB_N30,0,160,111,0.9187586567994942,0.8994949366610447
AB_N30,0,160,116,0.9274461990696058,0.8870155379104931
AB_N30,0,160,121,0.9193117127696194,0.8994949366035471
AB_N30,0,160,126,0.9245248027114492,0.8870155379104931
AB_N30,0,160,131,0.9182167826731429,0.8829754865459105
AB_N30,0,160,136,0.9231828393688644,0.8870155379102886
AB_N30,0,160,141,0.9205346499501493,0.9262096825945868
AB_N30,0,160,146,0.9153853807489685,0.8870155378501183
AB_N30,0,160,151,0.9250334911871265,0.9262096826260491
AB_N30,0,160,156,0.9181428419213745,0.8870155378501183
AB_N30,0,160,160,0.9231176961352004,0.8870155379104931
AB_N30,1,5,1,0.9280073741076063,0.9262096825945868
AB_N30,1,5,5,0.9228163875650541,0.9262096826260491
AB_N30,1,10,1,0.9234872598920548,0.9262096826393081
AB_N30,1,10,6,0.92099315654816,0.8870155378501183
AB_N30,1,10,10,0.920261730550013,0.8870155378501183
AB_N30,1,20,1,0.9128564611969748,0.8858354944707398
AB_N30,1,20,6,0.9242358658076115,0.8870155378501183
AB_N30,1,20,11,0.9231576416696836,0.9262096826260492
AB_N30,1,20,16,0.9299798700353961,0.8870155379237616
AB_N30,1,20,20,0.9219953913735186,0.8870155379100843
AB_N30,1,40,1,0.9221582935168259,0.8994949367
AB_N30,1,40,6,0.9161463975024406,0.8870155378247014
AB_N30,1,40,11,0.9200006365638145,0.8994949366298348
AB_N30,1,40,16,0.9193365440342297,0.8870155378501183
AB_N30,1,40,21,0.9182650463945778,0.9262096825945868
AB_N30,1,40,26,0.929045398890655,0.8870155379104931
AB_N30,1,40,31,0.9200187383947624,0.8994949366610447
AB_N30,1,40,36,0.9210822849049568,0.8870155379100843
AB_N30,1,40,40,0.9255053186468581,0.8870155379104931
AB_N30,1,80,1,0.9159586697723467,0.8801154786044654
AB_N30,1,80,6,0.922050688307678,0.8870155379104931
AB_N30,1,80,11,0.9247811699504018,0.9262096826260491
AB_N30,1,80,16,0.9189530555750504,0.8870155378501183
AB_N30,1,80,21,0.9170175295019133,0.8858354944816461
AB_N30,1,80,26,0.9150203314335744,0.8870155378247013
AB_N30,1,80,31,0.9253093787577346,0.9262096826260492
AB_N30,1,80,36,0.9184008211034322,0.8870155378501183
AB_N30,1,80,41,0.9213933615681567,0.9262096825945868
AB_N30,1,80,46,0.9163224460048089,0.8870155378501183
AB_N30,1,80,51,0.9254515908330352,0.9262096826260492
AB_N30,1,80,56,0.9257379245068968,0.8870155379100843
AB_N30,1,80,61,0.9252811406013421,0.9262096826260492
AB_N30,1,80,66,0.9150699732808113,0.8870155378501183
AB_N30,1,80,71,0.9137655134127574,0.8801154785380763
AB_N30,1,80,76,0.9223270964658461,0.8870155378501183
AB_N30,1,80,80,0.9232431397643203,0.8870155378501183
AB_N30,1,160,1,0.9180538275814825,0.9145203479718598
AB_N30,1,160,6,0.9173221285526386,0.8870155378501183
AB_N30,1,160,11,0.914813705657109,0.8801154786101751
AB_N30,1,160,16,0.9234698063277701,0.8870155378501183
AB_N30,1,160,21,0.9242171168880646,0.9262096825945869
AB_N30,1,160,26,0.9220008384574685,0.8870155378501183
AB_N30,1,160,31,0.9301290969935111,0.9262096826260493
AB_N30,1,160,36,0.9184513837513907,0.8870155378501183
AB_N30,1,160,41,0.9196233572799272,0.9262096825945867
AB_N30,1,160,46,0.9214819082891045,0.8870155379100843
AB_N30,1,160,51,0.9267229178840047,0.9262096825945868
AB_N30,1,160,56,0.9231897613312238,0.8870155379237614
AB_N30,1,160,61,0.9265699899370303,0.9262096825945869
AB_N30,1,160,66,0.9196929521489745,0.8870155379100843
AB_N30,1,160,71,0.9132465870096985,0.8801154786046341
AB_N30,1,160,76,0.9223474544802015,0.8870155379100841
AB_N30,1,160,81,0.9276218240721621,0.9262096826260492
AB_N30,1,160,86,0.9260918163007693,0.8870155379104931
AB_N30,1,160,91,0.9303979527431812,0.9262096826260492
AB_N30,1,160,96,0.9216900298260899,0.8870155379100843
AB_N30,1,160,101,0.9167457028127955,0.8994949366070942
AB_N30,1,160,106,0.9249777334407258,0.8918492981070508
AB_N30,1,160,111,0.9308276373141503,0.9262096826260492
AB_N30,1,160,116,0.9163952833058798,0.8870155378501183
AB_N30,1,160,121,0.9370324366850764,0.9262096826260493
AB_N30,1,160,126,0.9211279091436813,0.8870155378501183
AB_N30,1,160,131,0.9299671739185418,0.9262096826260492
AB_N30,1,160,136,0.9204544738366736,0.8870155378501183
AB_N30,1,160,141,0.9225645925425233,0.9262096826260492
AB_N30,1,160,146,0.9231680334779933,0.8870155378501183
AB_N30,1,160,151,0.9196630247932135,0.9262096826260492
AB_N30,1,160,156,0.9095744397469291,0.8870155378501183
AB_N30,1,160,160,0.9177621011703675,0.8870155378501183
AB_N30,2,5,1,0.9237131982705893,0.9022937115064944
AB_N30,2,5,5,0.9253125808993226,0.8994949366752496
AB_N30,2,10,1,0.9228853744604095,0.9156510844664072
AB_N30,2,10,6,0.920355612166155,0.8870155378501183
AB_N30,2,10,10,0.9204971652938732,0.8870155379100843
AB_N30,2,20,1,0.9247933480359899,0.9262096826260492
AB_N30,2,20,6,0.9150135269554052,0.8870155378247013
AB_N30,2,20,11,0.9234591624967796,0.9262096826260493
AB_N30,2,20,16,0.9208296174101841,0.8870155378501183
AB_N30,2,20,20,0.9279699298622632,0.8870155379237616
AB_N30,2,40,1,0.9131275593961498,0.8801154786101751
AB_N30,2,40,6,0.9184166641279049,0.8870155379100844
AB_N30,2,40,11,0.9176360281493311,0.899494936594129
AB_N30,2,40,16,0.91572708701776,0.8870155378501183
AB_N30,2,40,21,0.9213685412141589,0.9262096826260492
AB_N30,2,40,26,0.9212362694009544,0.8870155379104931
AB_N30,2,40,31,0.9214175508444535,0.9262096826260492
AB_N30,2,40,36,0.9164452088993316,0.8870155378501183
AB_N30,2,40,40,0.9078937039535722,0.8870155378501183
AB_N30,2,80,1,0.9167026469975265,0.8994949365793556
AB_N30,2,80,6,0.9263260773455185,0.8870155379104931
AB_N30,2,80,11,0.923968680336596,0.9262096826260492
AB_N30,2,80,16,0.9185644266572351,0.8870155378501183
AB_N30,2,80,21,0.9288019831395972,0.9262096826260492
AB_N30,2,80,26,0.9212386047775328,0.8870155379102888
AB_N30,2,80,31,0.9247597634297872,0.9262096825945868
AB_N30,2,80,36,0.9258264558277184,0.8870155379104931
AB_N30,2,80,41,0.9252925133553497,0.9262096826260492
AB_N30,2,80,46,0.9191990807440303,0.8870155379100843
AB_N30,2,80,51,0.9205263974949947,0.8994949366645555
AB_N30,2,80,56,0.9203784725371995,0.8870155379100843
AB_N30,2,80,61,0.9318429653130079,0.9262096826260492
AB_N30,2,80,66,0.9275401538371841,0.8870155379104931
AB_N30,2,80,71,0.9168917474874303,0.9262096825945869
AB_N30,2,80,76,0.916313935141544,0.8870155378247013
AB_N30,2,80,80,0.9156860979581325,0.8870155378501183
AB_N30,2,160,1,0.923264750278839,0.9262096826260492
AB_N30,2,160,6,0.9169129309088581,0.8870155379100843
AB_N30,2,160,11,0.9256314656212319,0.9262096826260493
AB_N30,2,160,16,0.9144946248811026,0.8870155378501183
AB_N30,2,160,21,0.9332244241797116,0.9262096826708508
AB_N30,2,160,26,0.9266921491384986,0.8870155379104931
AB_N30,2,160,31,0.9301475298716306,0.9262096826393083
AB_N30,2,160,36,0.9216850919365537,0.8870155378501183
AB_N30,2,160,41,0.9295976174365751,0.9262096826393084
AB_N30,2,160,46,0.9169514578809093,0.8870155379104931
AB_N30,2,160,51,0.9269035652692557,0.9262096826260492
AB_N30,2,160,56,0.9243266232639739,0.8870155379104931
AB_N30,2,160,61,0.9244413459476535,0.9262096825945869
AB_N30,2,160,66,0.911287991292054,0.8870155378501183
AB_N30,2,160,71,0.9260756500182737,0.9262096826260492
AB_N30,2,160,76,0.921567131056124,0.8870155379237614
AB_N30,2,160,81,0.9192799970241238,0.9262096825945869
AB_N30,2,160,86,0.9196519230677365,0.8870155379104931
AB_N30,2,160,91,0.9172819945871139,0.8994949366298348
AB_N30,2,160,96,0.928475012565902,0.8966830583286085
AB_N30,2,160,101,0.9201315552661868,0.9262096826260492
AB_N30,2,160,106,0.9152967958329135,0.8870155379104931
AB_N30,2,160,111,0.9217922597426339,0.9262096826260491
AB_N30,2,160,116,0.9230835521560744,0.8870155379104931
AB_N30,2,160,121,0.9242542090364148,0.9262096826260492
AB_N30,2,160,126,0.9154389965337537,0.8870155379100843
AB_N30,2,160,131,0.9297407525210161,0.9262096826393083
AB_N30,2,160,136,0.9261914468414765,0.8966830582903402
AB_N30,2,160,141,0.9124602879038047,0.8858354944816462
AB_N30,2,160,146,0.9232479293949447,0.8870155379237614
AB_N30,2,160,151,0.917408271212209,0.8994949366070943
AB_N30,2,160,156,0.9241039532257157,0.8966830582903401
AB_N30,2,160,160,0.9199628119037702,0.8870155379104931
AB_N30,3,5,1,0.9198198552948014,0.8994949366822778
AB_N30,3,5,5,0.9193961163809549,0.9262096825945869
AB_N30,3,10,1,0.925726578189419,0.9262096826260492
AB_N30,3,10,6,0.9219278540878775,0.8870155378501183
AB_N30,3,10,10,0.9148724305853855,0.8870155378501183
AB_N30,3,20,1,0.9208490344970567,0.9262096825945869
AB_N30,3,20,6,0.9354474671031914,0.8870155379237616
AB_N30,3,20,11,0.9202583861112799,0.9262096825945868
AB_N30,3,20,16,0.9104487129852478,0.8870155378501183
AB_N30,3,20,20,0.9221429737944394,0.8870155378501183
AB_N30,3,40,1,0.9206863175885497,0.9262096825945868
AB_N30,3,40,6,0.9282402683583904,0.8870155379100843
AB_N30,3,40,11,0.9216684667753092,0.9262096826260492
AB_N30,3,40,16,0.9207724384937827,0.8870155379100843
AB_N30,3,40,21,0.9155484805892827,0.89949493665681
AB_N30,3,40,26,0.9100781642265651,0.8870155378247013
AB_N30,3,40,31,0.9268453041653731,0.9262096826260492
AB_N30,3,40,36,0.9206171967792618,0.8870155379100843
AB_N30,3,40,40,0.9227184833566288,0.8870155379104931
AB_N30,3,80,1,0.9292890083854547,0.9262096826260492
AB_N30,3,80,6,0.9289888234248785,0.8870155379104931
AB_N30,3,80,11,0.9252898234373901,0.9262096826260492
AB_N30,3,80,16,0.9256080632842925,0.8870155379100844
AB_N30,3,80,21,0.9164904318882191,0.8994949366070943
AB_N30,3,80,26,0.9276246638539338,0.8870155379104931
AB_N30,3,80,31,0.9148831366495626,0.8994949365668695
AB_N30,3,80,36,0.926915371235284,0.8870155379237616
AB_N30,3,80,41,0.9204531698652796,0.9262096826260492
AB_N30,3,80,46,0.9266885392415954,0.8870155379237616
AB_N30,3,80,51,0.9247722504025178,0.9262096826260492
AB_N30,3,80,56,0.9328674066860222,0.8966830582903402
AB_N30,3,80,61,0.9129137195173971,0.880115478610175
AB_N30,3,80,66,0.927367791087375,0.8870155379237616
AB_N30,3,80,71,0.9216704837204477,0.9262096826260491
AB_N30,3,80,76,0.9242580365545993,0.8870155378501183
AB_N30,3,80,80,0.9249391648495415,0.8870155378501183
AB_N30,3,160,1,0.9305756182606517,0.9262096826260492
AB_N30,3,160,6,0.9140062441596505,0.8870155378501183
AB_N30,3,160,11,0.9303058649394504,0.9262096826260492
AB_N30,3,160,16,0.9189088910327391,0.8870155378501183
AB_N30,3,160,21,0.9323077936285061,0.9262096826260492
AB_N30,3,160,26,0.9118743157483845,0.8870155378501183
AB_N30,3,160,31,0.92055993935184,0.9022937114878234
AB_N30,3,160,36,0.9174198764089809,0.8870155378501183
AB_N30,3,160,41,0.9321011959639866,0.9262096826260492
AB_N30,3,160,46,0.9160030686596771,0.8870155379104931
AB_N30,3,160,51,0.9210193532209101,0.9262096826260492
AB_N30,3,160,56,0.925762126108181,0.8870155379237616
AB_N30,3,160,61,0.9236636748909972,0.926209682610318
AB_N30,3,160,66,0.9206394257381335,0.8870155379100843
AB_N30,3,160,71,0.9152992241566129,0.8994949366070943
AB_N30,3,160,76,0.9314586785141787,0.8870155379104931
AB_N30,3,160,81,0.9220574224449373,0.8994949366070943
AB_N30,3,160,86,0.9336313425044899,0.8966830583094745
AB_N30,3,160,91,0.9146802022347205,0.8801154786101751
AB_N30,3,160,96,0.9190955114655338,0.8870155378501183
AB_N30,3,160,101,0.9251329389412752,0.9262096826260492
AB_N30,3,160,106,0.9247602720950625,0.8870155379237616
AB_N30,3,160,111,0.908553295353937,0.8858354945751654
AB_N30,3,160,116,0.9232597153906842,0.8870155379104931
AB_N30,3,160,121,0.9187224448398938,0.8994949366645555
AB_N30,3,160,126,0.9130709798652268,0.8870155379104931
AB_N30,3,160,131,0.9210805949390602,0.8994949365793554
AB_N30,3,160,136,0.9231039403553055,0.8870155379104931
AB_N30,3,160,141,0.9136697999609223,0.8801154786101751
AB_N30,3,160,146,0.919968184307437,0.8870155378501183
AB_N30,3,160,151,0.9374321797355395,0.9262096826260493
AB_N30,3,160,156,0.9236112003428621,0.8870155379171273
AB_N30,3,160,160,0.9155167968915808,0.8870155378501183
AB_N30,4,5,1,0.9225306578913365,0.9262096826393083
AB_N30,4,5,5,0.928949045242433,0.9262096826393083
AB_N30,4,10,1,0.9161510847548747,0.8994949365718581
AB_N30,4,10,6,0.9120424344822317,0.8870155378307757
AB_N30,4,10,10,0.918549297529536,0.8870155378501183
AB_N30,4,20,1,0.9188195668379121,0.8994949366035472
AB_N30,4,20,6,0.9188199104767154,0.8870155378501183
AB_N30,4,20,11,0.9177747984141843,0.8994949366035472
AB_N30,4,20,16,0.9204427055632497,0.8870155379100843
AB_N30,4,20,20,0.9260098953080683,0.8870155379104931
AB_N30,4,40,1,0.9220892861656815,0.9262096826260492
AB_N30,4,40,6,0.91794785689535,0.8870155378501183
AB_N30,4,40,11,0.9169232702960965,0.8994949365818646
AB_N30,4,40,16,0.9269578018585777,0.8870155379237614
AB_N30,4,40,21,0.9122920501774789,0.8801154786101751
AB_N30,4,40,26,0.925711515482211,0.8870155379100843
AB_N30,4,40,31,0.9166930163643409,0.8994949365668695
AB_N30,4,40,36,0.9185210828801245,0.8870155378501183
AB_N30,4,40,40,0.9183786216020244,0.8870155379100843
AB_N30,4,80,1,0.9272131933171922,0.9262096826260492
AB_N30,4,80,6,0.9116861201884411,0.8870155378501183
AB_N30,4,80,11,0.9167634788796531,0.9262096825945868
AB_N30,4,80,16,0.9185341536407403,0.8870155378501183
AB_N30,4,80,21,0.9264129190168157,0.8994949366525754
AB_N30,4,80,26,0.9258048359311964,0.8870155379104931
AB_N30,4,80,31,0.9146674716888088,0.8801154786101751
AB_N30,4,80,36,0.9169576763523885,0.8870155378501183
AB_N30,4,80,41,0.9184740065559196,0.9262096826260492
AB_N30,4,80,46,0.9163298474185351,0.8870155378501183
AB_N30,4,80,51,0.9300681994065526,0.9262096826393083
AB_N30,4,80,56,0.921939499242595,0.8870155378501183
AB_N30,4,80,61,0.919698744125326,0.9262096826260492
AB_N30,4,80,66,0.9183011965486805,0.8870155378501183
AB_N30,4,80,71,0.9185663508090943,0.9262096826260492
AB_N30,4,80,76,0.9172483019732462,0.8870155378801012
AB_N30,4,80,80,0.9164560698346129,0.8870155378501183
AB_N30,4,160,1,0.9147353399917018,0.9262096825945868
AB_N30,4,160,6,0.9292590096625436,0.8966830583827281
AB_N30,4,160,11,0.9145940955940481,0.9262096825945868
AB_N30,4,160,16,0.9186185569992166,0.8870155378501183
AB_N30,4,160,21,0.9081314020498296,0.8858354944707401
AB_N30,4,160,26,0.9133275861220278,0.8870155379104931
AB_N30,4,160,31,0.9135165720219449,0.8994949365818646
AB_N30,4,160,36,0.9219295801521356,0.8870155379104931
AB_N30,4,160,41,0.9077624319093546,0.880115478610175
AB_N30,4,160,46,0.924730939174436,0.8870155379237614
AB_N30,4,160,51,0.9156071023380915,0.8915188114618036
AB_N30,4,160,56,0.9206854527180148,0.8870155379104931
AB_N30,4,160,61,0.9121267885685703,0.8801154785380763
AB_N30,4,160,66,0.918249760382402,0.8870155379104931
AB_N30,4,160,71,0.9196961952146099,0.8994949366525754
AB_N30,4,160,76,0.9204574044026558,0.8870155379104931
AB_N30,4,160,81,0.9211287411071153,0.9262096825945868
AB_N30,4,160,86,0.9296096474616717,0.8966830582903402
AB_N30,4,160,91,0.9134990511605658,0.9262096825945869
AB_N30,4,160,96,0.9225481414891492,0.8870155378501183
AB_N30,4,160,101,0.9203445023237702,0.9262096825945867
AB_N30,4,160,106,0.9237112836068034,0.8870155379100843
AB_N30,4,160,111,0.9043380285007464,0.8801154786046341
AB_N30,4,160,116,0.9227193908469082,0.8870155379104931
AB_N30,4,160,121,0.9079391878367365,0.8801154786101751
AB_N30,4,160,126,0.921866061778489,0.8870155378501183
AB_N30,4,160,131,0.9204149706277385,0.9262096826260491
AB_N30,4,160,136,0.9187814277796872,0.8870155378501183
AB_N30,4,160,141,0.9213604565974077,0.8994949366645555
AB_N30,4,160,146,0.9173261203290877,0.8870155378501183
AB_N30,4,160,151,0.9158315511070066,0.8994949366
AB_N30,4,160,156,0.9241891695699729,0.8870155378501183
AB_N30,4,160,160,0.911011299331697,0.8870155378247013
AB_N30,5,5,1,0.9137635243753308,0.9128523096295711
AB_N30,5,5,5,0.9121308843724939,0.9262096825945868
AB_N30,5,10,1,0.9131165390666821,0.8801154786101751
AB_N30,5,10,6,0.9275717416283294,0.8870155379104931
AB_N30,5,10,10,0.9164194371386518,0.8870155379100841
AB_N30,5,20,1,0.9292488434171542,0.9262096826260492
AB_N30,5,20,6,0.9240564340715101,0.8870155378501183
AB_N30,5,20,11,0.9273432716617456,0.9262096826393083
AB_N30,5,20,16,0.9166787799255693,0.8870155378501183
AB_N30,5,20,20,0.9188035328011455,0.8870155378501183
AB_N30,5,40,1,0.9235469758480668,0.9262096826260492
AB_N30,5,40,6,0.9153504512907316,0.8870155378501183
AB_N30,5,40,11,0.9222242752658072,0.9262096825945869
AB_N30,5,40,16,0.931303197663296,0.8918492981070509
AB_N30,5,40,21,0.9236945907534672,0.9262096825945868
AB_N30,5,40,26,0.9251783803626203,0.8870155379104931
AB_N30,5,40,31,0.9128899677138165,0.8801154786046342
AB_N30,5,40,36,0.9274343315368857,0.8870155379237616
AB_N30,5,40,40,0.9185673370741412,0.8870155379104931
AB_N30,5,80,1,0.9263383860942644,0.9262096826260492
AB_N30,5,80,6,0.9188442014527298,0.8870155378501183
AB_N30,5,80,11,0.9220665705126301,0.8994949366070943
AB_N30,5,80,16,0.9322453643846671,0.8966830582903402
AB_N30,5,80,21,0.9147736884891183,0.880115478610175
AB_N30,5,80,26,0.9199572987778664,0.8870155378501183
AB_N30,5,80,31,0.9269846306879698,0.9262096826260492
AB_N30,5,80,36,0.916825042708989,0.8870155379100841
AB_N30,5,80,41,0.924793479422741,0.9262096826260492
AB_N30,5,80,46,0.9162849080129228,0.8870155378501183
AB_N30,5,80,51,0.9203574026132992,0.8994949366628001
AB_N30,5,80,56,0.9099266605981454,0.8870155378501183
AB_N30,5,80,61,0.925883560745883,0.9262096826260492
AB_N30,5,80,66,0.9199772921304593,0.8870155378501183
AB_N30,5,80,71,0.9221524627138408,0.9262096825945869
AB_N30,5,80,76,0.9222324791320407,0.8870155378501183
AB_N30,5,80,80,0.9189117129962621,0.8870155378501183
AB_N30,5,160,1,0.9290758265516451,0.9262096826260493
AB_N30,5,160,6,0.920700309546341,0.8870155378501183
AB_N30,5,160,11,0.9124238076843371,0.9117215731759036
AB_N30,5,160,16,0.9194195554449339,0.8870155378501183
AB_N30,5,160,21,0.9185682746994147,0.9262096826260492
AB_N30,5,160,26,0.927471687719554,0.8870155379100844
AB_N30,5,160,31,0.925583155101553,0.9262096826260492
AB_N30,5,160,36,0.9171221635756632,0.8870155378501183
AB_N30,5,160,41,0.9246621988527546,0.9262096826393083
AB_N30,5,160,46,0.9313619740016075,0.8870155379104931
AB_N30,5,160,51,0.9178695055853681,0.9262096826260492
AB_N30,5,160,56,0.9275315078909585,0.8870155378801012
AB_N30,5,160,61,0.9212035705854225,0.9262096826260492
AB_N30,5,160,66,0.9318840111868978,0.8966830582903402
AB_N30,5,160,71,0.9182417667025476,0.899494936522896
AB_N30,5,160,76,0.9202207664515422,0.8870155379100841
AB_N30,5,160,81,0.9205694059759834,0.9262096826260491
AB_N30,5,160,86,0.9273356085040386,0.8870155379100843
AB_N30,5,160,91,0.9269037375205437,0.9262096826260492
AB_N30,5,160,96,0.9170673528816736,0.8870155378501183
AB_N30,5,160,101,0.9271525154404607,0.9262096826260491
AB_N30,5,160,106,0.9204913871964719,0.8870155379104931
AB_N30,5,160,111,0.9280683166477327,0.9156510844421448
AB_N30,5,160,116,0.9185590726691873,0.8870155378501183
AB_N30,5,160,121,0.9292015765555681,0.9262096826260493
AB_N30,5,160,126,0.9171381834170726,0.887015537910493
AB_N30,5,160,131,0.9259037862859586,0.9262096826260492
AB_N30,5,160,136,0.9171567684511401,0.8870155378501183
AB_N30,5,160,141,0.9277835992876324,0.9262096826260492
AB_N30,5,160,146,0.9190774763803286,0.8870155378501183
AB_N30,5,160,151,0.9290486963205782,0.9262096826260492
AB_N30,5,160,156,0.9199557885537457,0.8870155379100843
AB_N30,5,160,160,0.9214333233680502,0.8966830582903401
AB_N30,6,5,1,0.9144593538840032,0.8801154786101751
AB_N30,6,5,5,0.9096047659592059,0.8801154785380763
AB_N30,6,10,1,0.9063328823449832,0.8801154785380763
AB_N30,6,10,6,0.9202359297989937,0.8870155378501183
AB_N30,6,10,10,0.910836169336598,0.8870155378501183
AB_N30,6,20,1,0.9219724730127593,0.9262096826260492
AB_N30,6,20,6,0.9221229632109196,0.8870155379100843
AB_N30,6,20,11,0.9209059631133412,0.9262096826260492
AB_N30,6,20,16,0.9216191812221859,0.8870155379104931
AB_N30,6,20,20,0.9169035031793412,0.8870155379100843
AB_N30,6,40,1,0.9235557508486807,0.9262096825945868
AB_N30,6,40,6,0.9323272240742221,0.8870155379237616
AB_N30,6,40,11,0.916358755543864,0.8801154786101751
AB_N30,6,40,16,0.9279851429360039,0.8966830582903401
AB_N30,6,40,21,0.9116079530793577,0.8994949365668696
AB_N30,6,40,26,0.919409663871078,0.8870155378501184
AB_N30,6,40,31,0.9189377578530579,0.8858354945751653
AB_N30,6,40,36,0.9175434655677566,0.8870155378501183
AB_N30,6,40,40,0.915375373260168,0.8870155378501183
AB_N30,6,80,1,0.9132757118192262,0.8994949366628
AB_N30,6,80,6,0.9157356141472461,0.8870155378501183
AB_N30,6,80,11,0.9173489242403906,0.8994949366070943
AB_N30,6,80,16,0.920411736386557,0.8870155379104931
AB_N30,6,80,21,0.9189556622115944,0.9262096825945868
AB_N30,6,80,26,0.9240137496695218,0.8870155379100843
AB_N30,6,80,31,0.9050042822240303,0.8801154786046342
AB_N30,6,80,36,0.9268967870020286,0.8870155379104931
AB_N30,6,80,41,0.9211506697650049,0.8994949366
AB_N30,6,80,46,0.9219416863610299,0.8870155379104931
AB_N30,6,80,51,0.9115799726034435,0.8801154786101751
AB_N30,6,80,56,0.9165137779857785,0.8870155378501183
AB_N30,6,80,61,0.9057208784880953,0.8801154785380763
AB_N30,6,80,66,0.9283665314690493,0.8870155379237616
AB_N30,6,80,71,0.9133909004318721,0.8858354944780744
AB_N30,6,80,76,0.9246028333595608,0.8870155379104931
AB_N30,6,80,80,0.9315724605432222,0.8870155379237616
AB_N30,6,160,1,0.9181740065431202,0.8994949366645555
AB_N30,6,160,6,0.9166941591745337,0.8870155378501183
AB_N30,6,160,11,0.9151084516410812,0.8994949366525753
AB_N30,6,160,16,0.9192518725830254,0.8870155378501183
AB_N30,6,160,21,0.9142844960768347,0.8994949366610447
AB_N30,6,160,26,0.92483637839238,0.8870155379104931
AB_N30,6,160,31,0.9158453312230153,0.8994949365668696
AB_N30,6,160,36,0.9120270616563743,0.8870155378501183
AB_N30,6,160,41,0.9072365338543968,0.8994949365668694
AB_N30,6,160,46,0.9108402896286775,0.8870155378247013
AB_N30,6,160,51,0.9271390845585266,0.9262096826260492
AB_N30,6,160,56,0.9198130447745427,0.8870155378801012
AB_N30,6,160,61,0.9130293838568534,0.8994949365882579
AB_N30,6,160,66,0.9156914728323132,0.8870155378501183
AB_N30,6,160,71,0.9204434011868863,0.8994949366
AB_N30,6,160,76,0.9162655634233821,0.8870155378501183
AB_N30,6,160,81,0.9098274837340309,0.8801154786046341
AB_N30,6,160,86,0.9259596965743491,0.8870155379104931
AB_N30,6,160,91,0.9149174229229782,0.8801154786101751
AB_N30,6,160,96,0.9130815202605707,0.8870155378501183
AB_N30,6,160,101,0.9131179697535164,0.8994949365818646
AB_N30,6,160,106,0.918204064205,0.8870155378501183
AB_N30,6,160,111,0.9226013888042275,0.8994949366610447
AB_N30,6,160,116,0.9159374642351735,0.8870155378501183
AB_N30,6,160,121,0.920022187988756,0.9262096825945868
AB_N30,6,160,126,0.9200928696699253,0.8870155379104931
AB_N30,6,160,131,0.9169578452197439,0.8994949365768464
AB_N30,6,160,136,0.9104108300902488,0.8870155378501183
AB_N30,6,160,141,0.9249670213479644,0.9262096825945869
AB_N30,6,160,146,0.920685426547641,0.8870155379104931
AB_N30,6,160,151,0.9153937778288247,0.8994949365768464
AB_N30,6,160,156,0.9200348019329293,0.8870155378501183
AB_N30,6,160,160,0.9129444814467074,0.8870155378501183
AB_N30,7,5,1,0.931708284720191,0.9262096826260493
AB_N30,7,5,5,0.9241218349194662,0.9262096826260492
AB_N30,7,10,1,0.9226076956855978,0.9262096825945868
AB_N30,7,10,6,0.9245613826037566,0.8870155378501183
AB_N30,7,10,10,0.9227959625588493,0.8870155379100841
AB_N30,7,20,1,0.9236388461848244,0.9262096825945868
AB_N30,7,20,6,0.9187160690765862,0.8870155378501183
AB_N30,7,20,11,0.9167434041827488,0.9262096826260492
AB_N30,7,20,16,0.9260459271117303,0.8870155378501183
AB_N30,7,20,20,0.9208573971233797,0.8870155378501183
AB_N30,7,40,1,0.9177848359128923,0.8994949365743672
AB_N30,7,40,6,0.9212640123646088,0.8870155379100843
AB_N30,7,40,11,0.9258726759376475,0.9262096826260492
AB_N30,7,40,16,0.9098556579147258,0.8870155378501183
AB_N30,7,40,21,0.9317975995680517,0.9262096826260493
AB_N30,7,40,26,0.916476201839159,0.8870155378501183
AB_N30,7,40,31,0.9251793571527541,0.9262096825945869
AB_N30,7,40,36,0.917145225559915,0.8870155378501183
AB_N30,7,40,40,0.9326848292825743,0.8870155379104931
AB_N30,7,80,1,0.92813926980648,0.9262096826260492
AB_N30,7,80,6,0.9215816119446003,0.8870155379104931
AB_N30,7,80,11,0.9150177498599996,0.8994949366070943
AB_N30,7,80,16,0.9127929831884579,0.8870155378501183
AB_N30,7,80,21,0.9175057253050362,0.8994949365668695
AB_N30,7,80,26,0.9164052869458116,0.8870155379100841
AB_N30,7,80,31,0.9253459293956221,0.8994949366
AB_N30,7,80,36,0.9166325696120599,0.8870155378501183
AB_N30,7,80,41,0.9182743921252139,0.8994949366
AB_N30,7,80,46,0.9165790868334898,0.8870155378501183
AB_N30,7,80,51,0.922005822416769,0.9262096826260492
AB_N30,7,80,56,0.9222286300356449,0.8870155378501183
AB_N30,7,80,61,0.9126924636606707,0.8801154786101751
AB_N30,7,80,66,0.9201621388651198,0.8870155379100843
AB_N30,7,80,71,0.9207894694173702,0.9262096826260491
AB_N30,7,80,76,0.9161368212149027,0.8870155378501183
AB_N30,7,80,80,0.9155143544535927,0.8870155378501183
AB_N30,7,160,1,0.9239006157444817,0.9262096826260492
AB_N30,7,160,6,0.9124809372660245,0.8870155378501183
AB_N30,7,160,11,0.9201259235986406,0.9128523096472934
AB_N30,7,160,16,0.923794978689452,0.8870155378501183
AB_N30,7,160,21,0.9328440279856434,0.9262096826393083
AB_N30,7,160,26,0.9132983963680268,0.8870155378501183
AB_N30,7,160,31,0.927256508515132,0.9262096825945869
AB_N30,7,160,36,0.9160801661308582,0.8870155378501182
AB_N30,7,160,41,0.9187220325861845,0.9262096825945869
AB_N30,7,160,46,0.9210474654280213,0.8870155379171273
AB_N30,7,160,51,0.9159643178386363,0.9262096825945867
AB_N30,7,160,56,0.9215774560604885,0.8870155378501183
AB_N30,7,160,61,0.9212165736197756,0.9262096825945869
AB_N30,7,160,66,0.9234793621705126,0.8870155379104931
AB_N30,7,160,71,0.9159413075646881,0.899494936594129
AB_N30,7,160,76,0.9211692348087581,0.8870155379102888
AB_N30,7,160,81,0.9231147168541601,0.9262096826260492
AB_N30,7,160,86,0.9219179366775024,0.8870155379104931
AB_N30,7,160,91,0.9282855713913591,0.9262096826260493
AB_N30,7,160,96,0.9188331264703922,0.8870155378501183
AB_N30,7,160,101,0.9173260326058397,0.8994949366340694
AB_N30,7,160,106,0.9261489070685824,0.8870155379237614
AB_N30,7,160,111,0.9219503333639659,0.9262096825945868
AB_N30,7,160,116,0.911072072601731,0.8870155378501183
AB_N30,7,160,121,0.9176905770702121,0.9250789461666642
AB_N30,7,160,126,0.9269921057202977,0.8870155379104931
AB_N30,7,160,131,0.912423797795724,0.8858354945304601
AB_N30,7,160,136,0.9151546342288212,0.8870155378501183
AB_N30,7,160,141,0.9206324670519161,0.9156510844351964
AB_N30,7,160,146,0.9219972461903148,0.8870155379171273
AB_N30,7,160,151,0.9216348338644573,0.9262096825945869
AB_N30,7,160,156,0.9266999595440044,0.8870155379237616
AB_N30,7,160,160,0.9293509262455071,0.8966830583827281
AB_N30,8,5,1,0.9181449883041969,0.8994949366
AB_N30,8,5,5,0.9297930288848812,0.9262096826260493
AB_N30,8,10,1,0.9249908532455058,0.9262096825945869
AB_N30,8,10,6,0.9344128849421038,0.8870155379104931
AB_N30,8,10,10,0.9198980284407436,0.8870155378501183
AB_N30,8,20,1,0.9166597012305687,0.8994949366628001
AB_N30,8,20,6,0.9257810758279704,0.8870155379104931
AB_N30,8,20,11,0.9178804084356674,0.9262096825945868
AB_N30,8,20,16,0.9289646516080425,0.8870155379104931
AB_N30,8,20,20,0.9216320525542901,0.8870155379102886
AB_N30,8,40,1,0.915064939922679,0.9262096825945869
AB_N30,8,40,6,0.92112162367637,0.8870155379237616
AB_N30,8,40,11,0.9192668862895927,0.9262096826260492
AB_N30,8,40,16,0.9235731341050628,0.8870155379100843
AB_N30,8,40,21,0.9217444662161095,0.899494936594129
AB_N30,8,40,26,0.9211854526211352,0.8870155378501183
AB_N30,8,40,31,0.9171742625331611,0.8994949366070943
AB_N30,8,40,36,0.9170706371328222,0.8870155379100841
AB_N30,8,40,40,0.9154011822211058,0.8870155378501183
AB_N30,8,80,1,0.9218085493768283,0.9262096825945868
AB_N30,8,80,6,0.9196414645145654,0.8870155379104931
AB_N30,8,80,11,0.9154317678813021,0.8801154786046341
AB_N30,8,80,16,0.9202508875511052,0.8870155378501183
AB_N30,8,80,21,0.9176524646493417,0.9156510844421448
AB_N30,8,80,26,0.919403352047937,0.8870155379100841
AB_N30,8,80,31,0.9237090600788913,0.9262096826260492
AB_N30,8,80,36,0.9316216854038372,0.8870155379237616
AB_N30,8,80,41,0.9148064416480636,0.8858354945751654
AB_N30,8,80,46,0.9260976601972787,0.8870155379237616
AB_N30,8,80,51,0.9191619465421264,0.8994949366
AB_N30,8,80,56,0.9296520390108508,0.8870155379104931
AB_N30,8,80,61,0.9136090022868099,0.8801154786101751
AB_N30,8,80,66,0.9227990086445245,0.8870155379104931
AB_N30,8,80,71,0.9225231981765084,0.8994949366610447
AB_N30,8,80,76,0.9197778739314421,0.8870155379104931
AB_N30,8,80,80,0.9303387074199759,0.8870155379237616
AB_N30,8,160,1,0.9297834652622041,0.9262096826260492
AB_N30,8,160,6,0.9174461984996125,0.8870155378501183
AB_N30,8,160,11,0.9321988901609045,0.9262096826260492
AB_N30,8,160,16,0.9147176677440868,0.8870155378247013
AB_N30,8,160,21,0.9214098455224968,0.8994949366939207
AB_N30,8,160,26,0.9076689726407525,0.8870155378247013
AB_N30,8,160,31,0.9298978183814037,0.9262096826260492
AB_N30,8,160,36,0.9177389159785787,0.8870155379104931
AB_N30,8,160,41,0.9190933536958852,0.8994949366610447
AB_N30,8,160,46,0.9190652243682612,0.8870155379100843
AB_N30,8,160,51,0.9176249911300783,0.9050924862288914
AB_N30,8,160,56,0.913680428698851,0.8870155378501183
AB_N30,8,160,61,0.9148013568155847,0.8801154786101751
AB_N30,8,160,66,0.9208309328943407,0.8870155378501183
AB_N30,8,160,71,0.9131557860271045,0.8801154786101751
AB_N30,8,160,76,0.9235445260915938,0.8870155378501183
AB_N30,8,160,81,0.9199834843662137,0.8994949365448828
AB_N30,8,160,86,0.9234414525600472,0.8870155378501183
AB_N30,8,160,91,0.9162742794051073,0.8858354944780745
AB_N30,8,160,96,0.9135734411161415,0.8870155378501183
AB_N30,8,160,101,0.9301466934628939,0.9262096826260493
AB_N30,8,160,106,0.915128389238598,0.8870155378501183
AB_N30,8,160,111,0.9366860067230376,0.9262096826840296
AB_N30,8,160,116,0.9030318735914028,0.8870155378247013
AB_N30,8,160,121,0.9276520480191324,0.9262096826260492
AB_N30,8,160,126,0.9107543988145131,0.8870155378247014
AB_N30,8,160,131,0.9268170990872512,0.9262096826260493
AB_N30,8,160,136,0.9188005056172635,0.8870155379104931
AB_N30,8,160,141,0.9187752292428552,0.9262096825945868
AB_N30,8,160,146,0.9246124299086262,0.8870155379237616
AB_N30,8,160,151,0.916198259451559,0.9262096826260492
AB_N30,8,160,156,0.9213142130229293,0.8870155379104931
AB_N30,8,160,160,0.930735547383198,0.8870155379237616
AB_N30,9,5,1,0.9159448725834758,0.9262096825945868
AB_N30,9,5,5,0.9144929503510987,0.8994949366070943
AB_N30,9,10,1,0.918738052930853,0.9262096825945867
AB_N30,9,10,6,0.9144484385289051,0.8870155378501183
AB_N30,9,10,10,0.9212403616845247,0.8870155378501183
AB_N30,9,20,1,0.9152229536333556,0.8994949365668695
AB_N30,9,20,6,0.926258897854698,0.8870155379104931
AB_N30,9,20,11,0.9099924628061217,0.8801154785380763
AB_N30,9,20,16,0.9221135937491938,0.8870155379100843
AB_N30,9,20,20,0.9314342289391432,0.8870155379104931
AB_N30,9,40,1,0.9205362348706291,0.9262096825945867
AB_N30,9,40,6,0.9203318108079186,0.8870155378501183
AB_N30,9,40,11,0.9276451466548877,0.9262096826260492
AB_N30,9,40,16,0.9250924699039756,0.8870155379104931
AB_N30,9,40,21,0.9142364226619633,0.9262096825945868
AB_N30,9,40,26,0.9111926954990515,0.8870155378501183
AB_N30,9,40,31,0.9184834065141895,0.9262096826260491
AB_N30,9,40,36,0.9159673139659666,0.8870155378307757
AB_N30,9,40,40,0.9289230517964258,0.8870155379237616
AB_N30,9,80,1,0.9250920436577728,0.9262096826260493
AB_N30,9,80,6,0.9307586901277378,0.8870155379104931
AB_N30,9,80,11,0.9236249119431008,0.9262096826260492
AB_N30,9,80,16,0.9181905661406152,0.8870155378501183
AB_N30,9,80,21,0.9275043458302118,0.9262096826260492
AB_N30,9,80,26,0.9126804009346561,0.8870155378501183
AB_N30,9,80,31,0.9170443610151787,0.8994949365850613
AB_N30,9,80,36,0.9167141842783105,0.8870155378501183
AB_N30,9,80,41,0.9215893154032038,0.926209682610318
AB_N30,9,80,46,0.9164356266631049,0.8870155378501183
AB_N30,9,80,51,0.904797998064405,0.8858354945630844
AB_N30,9,80,56,0.9294089494378204,0.8870155379237616
AB_N30,9,80,61,0.9122532191640883,0.8801154786101751
AB_N30,9,80,66,0.9224157845449225,0.8870155379104931
AB_N30,9,80,71,0.917826333931115,0.8801154786101751
AB_N30,9,80,76,0.914830976543004,0.8870155378501183
AB_N30,9,80,80,0.9194681773468907,0.8870155378501183
AB_N30,9,160,1,0.9171284970744004,0.8994949366
AB_N30,9,160,6,0.9325498245756966,0.8870155379237614
AB_N30,9,160,11,0.9164709138746128,0.9250789461772072
AB_N30,9,160,16,0.9222735934541675,0.8870155378501183
AB_N30,9,160,21,0.9219295125948967,0.9262096825945867
AB_N30,9,160,26,0.9240266511548685,0.8870155379100844
AB_N30,9,160,31,0.9189519729496356,0.8994949365909324
AB_N30,9,160,36,0.9153281653987481,0.8870155378501183
AB_N30,9,160,41,0.9101698982609283,0.8858354945751653
AB_N30,9,160,46,0.9199382062047654,0.8870155378501183
AB_N30,9,160,51,0.9234199325616224,0.9262096826260492
AB_N30,9,160,56,0.9213700378917158,0.8870155378501183
AB_N30,9,160,61,0.9300575561694846,0.9262096826260491
AB_N30,9,160,66,0.9134637065755231,0.8870155378501183
AB_N30,9,160,71,0.924212303349188,0.9262096825945868
AB_N30,9,160,76,0.9221693602505813,0.8870155379100843
AB_N30,9,160,81,0.925060812366959,0.9262096826260492
AB_N30,9,160,86,0.9226281390736578,0.8870155378501183
AB_N30,9,160,91,0.9265294140218466,0.9262096826260492
AB_N30,9,160,96,0.9182076721156989,0.8870155378307757
AB_N30,9,160,101,0.925365874344849,0.9262096825945868
AB_N30,9,160,106,0.9246108027491263,0.8870155378501183
AB_N30,9,160,111,0.9169588675265532,0.8994949365850613
AB_N30,9,160,116,0.9170649270377896,0.8870155378501183
AB_N30,9,160,121,0.9191692125029607,0.9262096825945868
AB_N30,9,160,126,0.9210070119142374,0.8870155379100843
AB_N30,9,160,131,0.915349629570935,0.8955068739847085
AB_N30,9,160,136,0.919967865204669,0.8870155379104931
AB_N30,9,160,141,0.9168172806852792,0.8801154786101751
AB_N30,9,160,146,0.9249698513799809,0.8870155379100843
AB_N30,9,160,151,0.9212733820997048,0.8994949366
AB_N30,9,160,156,0.9241307566111507,0.8870155379237614
AB_N30,9,160,160,0.921862694281672,0.8870155379100841
Penrose_N24,0,5,1,0.9834850563061198,0.9512124145715253
Penrose_N24,0,5,5,0.9874637299072169,0.9759111273908572
Penrose_N24,0,10,1,0.983736338667569,0.9538501224936036
Penrose_N24,0,10,6,0.9873353915508982,0.9649436732006356
Penrose_N24,0,10,10,0.9978633845851207,0.9649436732006356
Penrose_N24,0,20,1,1.0009462820400465,0.98420717644392
Penrose_N24,0,20,6,0.9939841537991863,0.9649436731935165
Penrose_N24,0,20,11,0.989474193063299,0.9759111274887515
Penrose_N24,0,20,16,0.9899061244828751,0.9649436731935166
Penrose_N24,0,20,20,1.0027397615187874,0.9649436732286069
Penrose_N24,0,40,1,0.995486662664305,0.9759111274870326
Penrose_N24,0,40,6,0.9813087822507137,0.9538501226054643
Penrose_N24,0,40,11,0.9991978823338664,0.9759111275011363
Penrose_N24,0,40,16,0.984997848685148,0.9597219883878902
Penrose_N24,0,40,21,0.9973842635111098,0.9759111275011362
Penrose_N24,0,40,26,0.9925157683132767,0.9649436732006356
Penrose_N24,0,40,31,1.0018936015320097,0.9759111275094574
Penrose_N24,0,40,36,1.0028521164421134,0.9649436732286069
Penrose_N24,0,40,40,0.9921911371094946,0.9649436732011406
Penrose_N24,0,80,1,0.9958611695747605,0.9759111275059831
Penrose_N24,0,80,6,0.9890191493492233,0.964943673177572
Penrose_N24,0,80,11,1.0006588663379128,0.9908679951159028
Penrose_N24,0,80,16,0.9946181381617231,0.9649436732286069
Penrose_N24,0,80,21,0.9918611121311435,0.9759111274694964
Penrose_N24,0,80,26,0.9995378049423398,0.9649436732286069
Penrose_N24,0,80,31,1.005821672817039,0.9759111275451224
Penrose_N24,0,80,36,0.9911669386342769,0.9649436731616277
Penrose_N24,0,80,41,0.986114720763619,0.9759111274694963
Penrose_N24,0,80,46,1.000344475028741,0.9649436732006356
Penrose_N24,0,80,51,0.991374907883006,0.9759111275011361
Penrose_N24,0,80,56,0.9938862043727958,0.9649436732011407
Penrose_N24,0,80,61,0.9856220820876053,0.975911127481683
Penrose_N24,0,80,66,0.9934287779478563,0.9649436732006356
Penrose_N24,0,80,71,0.9939513072672344,0.9759111274904704
Penrose_N24,0,80,76,0.996083304123215,0.9649436732011407
Penrose_N24,0,80,80,0.9890398191039194,0.9649436732006356
Penrose_N24,0,160,1,0.985430609228128,0.9759111274694963
Penrose_N24,0,160,6,1.001232109007013,0.9649436732286069
Penrose_N24,0,160,11,0.9881086158113529,0.9759111274153824
Penrose_N24,0,160,16,0.9978982188136757,0.9649436732006356
Penrose_N24,0,160,21,0.9980949659984449,0.9759111275011362
Penrose_N24,0,160,26,0.9916027401899293,0.9649436732011406
Penrose_N24,0,160,31,0.9873069783783496,0.9759111274531003
Penrose_N24,0,160,36,0.9890766394930988,0.9623328308131645
Penrose_N24,0,160,41,0.9893671550370338,0.9759111274870326
Penrose_N24,0,160,46,0.9955545051039099,0.9649436732011406
Penrose_N24,0,160,51,0.9979057106497375,0.9759111274904704
Penrose_N24,0,160,56,0.9974722641354968,0.9649436732011407
Penrose_N24,0,160,61,1.006074292008508,0.9759111275351566
Penrose_N24,0,160,66,1.0039248906059146,0.9649436732155205
Penrose_N24,0,160,71,0.9936714762358191,0.9759111274870326
Penrose_N24,0,160,76,0.9982104710236958,0.9649436732006356
Penrose_N24,0,160,81,0.9872972758950292,0.9759111274694963
Penrose_N24,0,160,86,1.004839829371879,0.9649436732286069
Penrose_N24,0,160,91,0.9836587408818377,0.9741289256412866
Penrose_N24,0,160,96,0.9981217606663442,0.9649436732286069
Penrose_N24,0,160,101,0.9822859077306486,0.9759111274139608
Penrose_N24,0,160,106,0.9922804882494143,0.9649436732006356
Penrose_N24,0,160,111,0.993158049860594,0.9759111274870326
Penrose_N24,0,160,116,1.0042449054497709,0.9649436732820298
Penrose_N24,0,160,121,0.9814322658048117,0.9759111274531002
Penrose_N24,0,160,126,1.0000261491011642,0.964943673228607
Penrose_N24,0,160,131,0.9929288541654336,0.9759111274904704
Penrose_N24,0,160,136,0.9842985219562175,0.955476674839773
Penrose_N24,0,160,141,0.9890149014141325,0.9759111274870326
Penrose_N24,0,160,146,0.9886743056823383,0.9538501225751294
Penrose_N24,0,160,151,0.9928036735589753,0.9759111274870326
Penrose_N24,0,160,156,0.9923833731133478,0.9649436732011407
Penrose_N24,0,160,160,0.999575873444389,0.9649436732314288
Penrose_N24,1,5,1,0.9784761963705989,0.9512124145595291
Penrose_N24,1,5,5,0.9808680101985985,0.958411225668101
Penrose_N24,1,10,1,0.9947114452897636,0.975911127481683
Penrose_N24,1,10,6,0.9845131816765273,0.9649436731469825
Penrose_N24,1,10,10,0.987248676051206,0.9649436731469825
Penrose_N24,1,20,1,0.9667927829786999,0.9512124145110742
Penrose_N24,1,20,6,0.9952636841924472,0.9649436732083306
Penrose_N24,1,20,11,0.9832925369111841,0.9512124145636061
Penrose_N24,1,20,16,0.9980554746422605,0.9649436732011407
Penrose_N24,1,20,20,0.9972323842189813,0.9649436732011407
Penrose_N24,1,40,1,0.9923493057036483,0.9759111275011361
Penrose_N24,1,40,6,0.9855307325545355,0.9554766748669163
Penrose_N24,1,40,11,0.9797133900838911,0.9538501225936955
Penrose_N24,1,40,16,0.9846153782244099,0.9554766748686305
Penrose_N24,1,40,21,0.9816341763529379,0.953850122508274
Penrose_N24,1,40,26,0.9817157367901039,0.9538501225724512
Penrose_N24,1,40,31,0.975257670747958,0.9512124145014018
Penrose_N24,1,40,36,0.9949687266239895,0.9649436732011407
Penrose_N24,1,40,40,0.9875082064557628,0.9649436731935165
Penrose_N24,1,80,1,0.9989797081892527,0.9759111274870326
Penrose_N24,1,80,6,0.9807099740858557,0.9623328307782835
Penrose_N24,1,80,11,0.9942681303549896,0.9759111274870326
Penrose_N24,1,80,16,0.9902190911751463,0.9554766749492661
Penrose_N24,1,80,21,0.9955209410708005,0.9759111275059831
Penrose_N24,1,80,26,0.9871573532890959,0.955476674918612
Penrose_N24,1,80,31,0.9842474607787919,0.9538501224598531
Penrose_N24,1,80,36,0.9824334279277714,0.9649436731543051
Penrose_N24,1,80,41,0.9959141118874486,0.9759111275011362
Penrose_N24,1,80,46,0.9929279511571801,0.9649436732006356
Penrose_N24,1,80,51,0.9914880571243393,0.9759111274694964
Penrose_N24,1,80,56,0.9939418083131686,0.9649436732011406
Penrose_N24,1,80,61,0.9888821494312339,0.9759111274129825
Penrose_N24,1,80,66,0.9918870696113062,0.9649436732006356
Penrose_N24,1,80,71,0.9926396364998135,0.9759111274870326
Penrose_N24,1,80,76,0.9928457939560521,0.9649436732155205
Penrose_N24,1,80,80,0.989841133262264,0.9649436732011407
Penrose_N24,1,160,1,0.9872225253708493,0.9759111274694963
Penrose_N24,1,160,6,0.982220826947386,0.9538501225751294
Penrose_N24,1,160,11,0.9890748014153953,0.9759111274870326
Penrose_N24,1,160,16,0.9948548178820038,0.9649436732006356
Penrose_N24,1,160,21,0.9899366765449708,0.9759111274694964
Penrose_N24,1,160,26,0.9779883910913626,0.955476674918612
Penrose_N24,1,160,31,0.9921087463922937,0.9759111274694964
Penrose_N24,1,160,36,0.9846927296111418,0.9649436731935166
Penrose_N24,1,160,41,0.9789202909282984,0.953850122545118
Penrose_N24,1,160,46,0.9897397718319338,0.9649436732006356
Penrose_N24,1,160,51,0.9743169524838091,0.9538501224936035
Penrose_N24,1,160,56,0.9912730814162176,0.9649436731935166
Penrose_N24,1,160,61,0.9845241781560702,0.951212414569173
Penrose_N24,1,160,66,0.9895096862299518,0.9649436732006356
Penrose_N24,1,160,71,0.9842843449782427,0.9678165578989566
Penrose_N24,1,160,76,0.9941783276058781,0.9649436732011407
Penrose_N24,1,160,81,0.9875797857346003,0.975911127481683
Penrose_N24,1,160,86,0.9821837620011556,0.9649436731935165
Penrose_N24,1,160,91,0.9842765544022559,0.9741289256274956
Penrose_N24,1,160,96,0.9986594857935696,0.9649436732286069
Penrose_N24,1,160,101,0.9887565790055293,0.975911127481683
Penrose_N24,1,160,106,0.992245537635596,0.9649436732011406
Penrose_N24,1,160,111,0.9788121891047795,0.9538501224826657
Penrose_N24,1,160,116,0.9930175763882071,0.9649436732006356
Penrose_N24,1,160,121,0.9875835549810814,0.9538501225667633
Penrose_N24,1,160,126,0.9771580011344642,0.955476674918612
Penrose_N24,1,160,131,0.9908825558126811,0.9759111274694963
Penrose_N24,1,160,136,0.9840956786398845,0.9649436731935165
Penrose_N24,1,160,141,0.9862724056811432,0.9759111274139608
Penrose_N24,1,160,146,0.9916246327696067,0.9649436731935165
Penrose_N24,1,160,151,0.9831888709599279,0.9759111274612983
Penrose_N24,1,160,156,0.9880336165252127,0.9554766749492661
Penrose_N24,1,160,160,0.9894059151047044,0.9649436731616278
Penrose_N24,2,5,1,0.9967403041499765,0.9759111274887515
Penrose_N24,2,5,5,0.9901450045095543,0.9759111274694964
Penrose_N24,2,10,1,0.9849492098805115,0.9759111274870326
Penrose_N24,2,10,6,0.9912240583470968,0.9649436732006356
Penrose_N24,2,10,10,0.9860794848119785,0.9649436732011406
Penrose_N24,2,20,1,0.9839633822723044,0.9759111274958032
Penrose_N24,2,20,6,0.9954835097635685,0.9649436732011407
Penrose_N24,2,20,11,0.9958838981682565,0.9759111275011361
Penrose_N24,2,20,16,0.9878129578216849,0.9649436732008881
Penrose_N24,2,20,20,0.982805173349314,0.9649436732006356
Penrose_N24,2,40,1,0.9958606754791745,0.9759111275223071
Penrose_N24,2,40,6,0.9786496972416279,0.955476674917397
Penrose_N24,2,40,11,0.9888653533282732,0.953850122545118
Penrose_N24,2,40,16,0.9916984012414134,0.9649436732011406
Penrose_N24,2,40,21,0.9811617146249724,0.9538501225517575
Penrose_N24,2,40,26,0.9944745985477843,0.9649436732006356
Penrose_N24,2,40,31,0.9881138246678103,0.975911127481683
Penrose_N24,2,40,36,0.9888877269895373,0.9554766749186121
Penrose_N24,2,40,40,0.9862135623182403,0.9597219883519844
Penrose_N24,2,80,1,0.9904766961340207,0.9759111274870326
Penrose_N24,2,80,6,0.9955696500522645,0.9649436732011407
Penrose_N24,2,80,11,0.9860605451846545,0.9538501224936035
Penrose_N24,2,80,16,0.9958657781085316,0.9649436732011407
Penrose_N24,2,80,21,0.9886659316352662,0.9538501225583971
Penrose_N24,2,80,26,0.9886987719526374,0.9649436732006356
Penrose_N24,2,80,31,0.9822055320332789,0.9584112257109176
Penrose_N24,2,80,36,0.9893629636357711,0.9649436731935165
Penrose_N24,2,80,41,0.9904567133351911,0.975911127481683
Penrose_N24,2,80,46,0.9840374273119683,0.9649436732006356
Penrose_N24,2,80,51,0.9810535274851704,0.9759111274139608
Penrose_N24,2,80,56,0.9890887424025061,0.9649436731935166
Penrose_N24,2,80,61,0.9884546185188098,0.9759111274153824
Penrose_N24,2,80,66,0.9977840624117779,0.9649436732006356
Penrose_N24,2,80,71,0.9915497739204219,0.9759111274694963
Penrose_N24,2,80,76,0.9861781371662595,0.9649436731469506
Penrose_N24,2,80,80,0.994854410028665,0.9649436732011407
Penrose_N24,2,160,1,0.9958872523370428,0.9759111274870326
Penrose_N24,2,160,6,0.9811606122754197,0.9538501225751294
Penrose_N24,2,160,11,0.9977239180287027,0.9759111274904704
Penrose_N24,2,160,16,0.9864968171009987,0.955476674917397
Penrose_N24,2,160,21,0.9916926850226526,0.9759111274870326
Penrose_N24,2,160,26,0.9878895535172038,0.9554766749186121
Penrose_N24,2,160,31,1.0023739480696015,0.9759111275059832
Penrose_N24,2,160,36,0.9914244511149741,0.9649436732006356
Penrose_N24,2,160,41,0.9882366200737254,0.9759111274755896
Penrose_N24,2,160,46,0.9970719493278333,0.9649436732011407
Penrose_N24,2,160,51,0.994834941097633,0.9759111274904704
Penrose_N24,2,160,56,0.9897928598102886,0.9649436732006356
Penrose_N24,2,160,61,0.9858214875965156,0.9759111274694963
Penrose_N24,2,160,66,0.9978221321001877,0.9649436732286069
Penrose_N24,2,160,71,0.9899873900535203,0.975911127481683
Penrose_N24,2,160,76,0.9898127899253181,0.9649436731970761
Penrose_N24,2,160,81,0.9896787838339165,0.9759111274904704
Penrose_N24,2,160,86,1.0001349262106873,0.9649436732286069
Penrose_N24,2,160,91,0.9905261479696359,0.9759111274694964
Penrose_N24,2,160,96,0.9956150000020442,0.9649436732006356
Penrose_N24,2,160,101,0.9864536910361809,0.9538501225290998
Penrose_N24,2,160,106,0.990715791412917,0.9649436732006356
Penrose_N24,2,160,111,0.9877190529440893,0.9723467237379511
Penrose_N24,2,160,116,0.9815250107912412,0.964943673130046
Penrose_N24,2,160,121,0.9801180127755793,0.9759111274342412
Penrose_N24,2,160,126,0.9803092333611688,0.9554766748397728
Penrose_N24,2,160,131,0.9896347460625444,0.9759111274153824
Penrose_N24,2,160,136,0.9914370711183592,0.9649436732006356
Penrose_N24,2,160,141,0.9881654554267072,0.9660343560981985
Penrose_N24,2,160,146,0.9934375943633302,0.9649436732006356
Penrose_N24,2,160,151,0.985205537103281,0.9597219884011794
Penrose_N24,2,160,156,0.9862977947711136,0.9554766748938708
Penrose_N24,2,160,160,0.9932020166456322,0.9649436732006356
Penrose_N24,3,5,1,0.9856052562991124,0.9759111274694963
Penrose_N24,3,5,5,0.9981090209396325,0.9759111275451224
Penrose_N24,3,10,1,0.9858461744699718,0.9759111274694962
Penrose_N24,3,10,6,0.9884480655162744,0.9649436732011406
Penrose_N24,3,10,10,0.9866101559500372,0.9649436731543051
Penrose_N24,3,20,1,0.9993682052090557,0.9759111275011362
Penrose_N24,3,20,6,0.9969795883635189,0.9649436732011407
Penrose_N24,3,20,11,0.9881728742681138,0.9759111274904703
Penrose_N24,3,20,16,0.9872152886462915,0.9649436731935165
Penrose_N24,3,20,20,0.9959891574595342,0.9649436732011407
Penrose_N24,3,40,1,1.0013860633633476,0.9759111275059831
Penrose_N24,3,40,6,0.9901394845987656,0.9575993316433955
Penrose_N24,3,40,11,0.9953804187691582,0.9759111275011361
Penrose_N24,3,40,16,0.9826137822996031,0.9538501225751294
Penrose_N24,3,40,21,0.9965782842096738,0.9759111274904703
Penrose_N24,3,40,26,0.9971835736753554,0.9649436732011407
Penrose_N24,3,40,31,0.9850812952603896,0.9759111274694963
Penrose_N24,3,40,36,0.9966714730456689,0.9649436732006356
Penrose_N24,3,40,40,1.0068825618335269,0.9649436732314288
Penrose_N24,3,80,1,0.9996436556188973,0.990867995149868
Penrose_N24,3,80,6,0.9919200142667655,0.9649436732006356
Penrose_N24,3,80,11,0.9880441978807979,0.9759111274904703
Penrose_N24,3,80,16,0.9935619188804241,0.9649436732011406
Penrose_N24,3,80,21,0.993620910242452,0.9759111274904704
Penrose_N24,3,80,26,1.001511034529032,0.9649436732286069
Penrose_N24,3,80,31,0.9858568557146633,0.9759111274694964
Penrose_N24,3,80,36,1.0060080275624779,0.9649436732455114
Penrose_N24,3,80,41,0.9879104405027614,0.9759111274153824
Penrose_N24,3,80,46,0.9932128695699146,0.9649436732006356
Penrose_N24,3,80,51,0.9963131254412034,0.9759111275011362
Penrose_N24,3,80,56,0.9870103879513268,0.9649436731469825
Penrose_N24,3,80,61,0.9868979992614202,0.9759111274870326
Penrose_N24,3,80,66,0.9869408067037417,0.9649436732011406
Penrose_N24,3,80,71,0.992144474798656,0.9759111274694964
Penrose_N24,3,80,76,0.9958515563076525,0.9649436732011407
Penrose_N24,3,80,80,0.9936337513013516,0.9649436731935166
Penrose_N24,3,160,1,0.9941050759268081,0.9759111275011361
Penrose_N24,3,160,6,0.986669770834916,0.9649436731935166
Penrose_N24,3,160,11,0.9995383653921319,0.9759111275077204
Penrose_N24,3,160,16,0.9873230776387223,0.9649436731935165
Penrose_N24,3,160,21,1.001585661150255,0.9759111275451224
Penrose_N24,3,160,26,0.9834664841022164,0.9649436731616278
Penrose_N24,3,160,31,0.9914040022272111,0.9759111274870326
Penrose_N24,3,160,36,0.9942554432208847,0.9649436732011406
Penrose_N24,3,160,41,0.9911499205927355,0.9759111275094574
Penrose_N24,3,160,46,0.9974345471425342,0.9649436732286069
Penrose_N24,3,160,51,0.9857336434134595,0.9759111274904703
Penrose_N24,3,160,56,1.0012440670464897,0.9649436732286069
Penrose_N24,3,160,61,0.9809018436184939,0.9525312685240144
Penrose_N24,3,160,66,0.9941698116512571,0.9649436732286069
Penrose_N24,3,160,71,0.9866312828837346,0.975911127481683
Penrose_N24,3,160,76,0.9995766056477252,0.9649436732286069
Penrose_N24,3,160,81,0.9962560857361313,0.9759111275094576
Penrose_N24,3,160,86,0.9898276778576641,0.9649436732011406
Penrose_N24,3,160,91,1.0037326987848647,0.9759111275094575
Penrose_N24,3,160,96,0.9941180120639068,0.9649436732006356
Penrose_N24,3,160,101,0.9912829343209058,0.9759111274904703
Penrose_N24,3,160,106,0.9908951808721905,0.9649436731935166
Penrose_N24,3,160,111,0.9895103574505171,0.9759111275011361
Penrose_N24,3,160,116,0.9904904514826689,0.9649436731616277
Penrose_N24,3,160,121,0.9929389744569355,0.9759111275011361
Penrose_N24,3,160,126,0.9909953623015328,0.9649436732006356
Penrose_N24,3,160,131,1.000602553231854,0.9759111275011362
Penrose_N24,3,160,136,0.9875361782568128,0.9649436731935166
Penrose_N24,3,160,141,0.9981732621172756,0.9908679951159028
Penrose_N24,3,160,146,0.9905499848643009,0.9649436732011406
Penrose_N24,3,160,151,1.0030846937363476,0.990867995096498
Penrose_N24,3,160,156,0.9899075260077319,0.9554766749702857
Penrose_N24,3,160,160,0.9782861760703788,0.954663398706411
Penrose_N24,4,5,1,0.9863635628384354,0.9759111274694964
Penrose_N24,4,5,5,0.9786429731999179,0.951212414511074
Penrose_N24,4,10,1,0.984008821335734,0.9538501225517575
Penrose_N24,4,10,6,0.9970326457041161,0.9649436732286069
Penrose_N24,4,10,10,0.9853731550916768,0.9649436731935166
Penrose_N24,4,20,1,0.9839750204470782,0.953850122545118
Penrose_N24,4,20,6,0.9952169208483088,0.9649436731935166
Penrose_N24,4,20,11,0.9879245250993536,0.9759111274694964
Penrose_N24,4,20,16,0.9947079446707636,0.9649436732006356
Penrose_N24,4,20,20,1.0012573279018084,0.9649436732006356
Penrose_N24,4,40,1,0.9967847661033651,0.9759111275011362
Penrose_N24,4,40,6,0.9943665815973661,0.9649436732011406
Penrose_N24,4,40,11,0.9863722018640405,0.975911127481683
Penrose_N24,4,40,16,0.9928829438750294,0.9649436732006356
Penrose_N24,4,40,21,0.989982923990345,0.975911127481683
Penrose_N24,4,40,26,0.9946364055034471,0.9649436732006356
Penrose_N24,4,40,31,0.9924098040483311,0.9759111274904704
Penrose_N24,4,40,36,0.9921757534744887,0.9649436732006356
Penrose_N24,4,40,40,0.9977558958211586,0.9649436732083305
Penrose_N24,4,80,1,0.9800944791954331,0.95121241457474
Penrose_N24,4,80,6,0.9923761001085779,0.9649436732006356
Penrose_N24,4,80,11,0.9871600272680393,0.9759111274870326
Penrose_N24,4,80,16,0.9903013242787283,0.9649436732006356
Penrose_N24,4,80,21,0.9800947634194385,0.953850122508274
Penrose_N24,4,80,26,0.9937626251256328,0.9649436732286069
Penrose_N24,4,80,31,0.9797107484269818,0.9512124144723517
Penrose_N24,4,80,36,0.9915396141406793,0.9649436732006356
Penrose_N24,4,80,41,0.9768982377072062,0.9538501224826657
Penrose_N24,4,80,46,0.9953637419263903,0.9649436732011407
Penrose_N24,4,80,51,0.9918299560057094,0.9759111274531
Penrose_N24,4,80,56,1.0004296141666753,0.9649436732286069
Penrose_N24,4,80,61,0.9899326802009746,0.9759111274531002
Penrose_N24,4,80,66,0.9980557659335239,0.964943673228607
Penrose_N24,4,80,71,0.9908017621286938,0.9759111274694963
Penrose_N24,4,80,76,0.9896947679998298,0.9649436731935165
Penrose_N24,4,80,80,0.9940882481681709,0.9649436732006356
Penrose_N24,4,160,1,0.9839940727101606,0.9759111274870327
Penrose_N24,4,160,6,0.9953333845559915,0.9649436732155205
Penrose_N24,4,160,11,0.9857257002817968,0.9759111274694964
Penrose_N24,4,160,16,0.9890219119500673,0.9649436732006356
Penrose_N24,4,160,21,0.9987200757871338,0.9759111274904704
Penrose_N24,4,160,26,0.9973751919422597,0.9649436732286069
Penrose_N24,4,160,31,0.9837775313693755,0.9759111274146716
Penrose_N24,4,160,36,0.9953620280210962,0.9649436732011407
Penrose_N24,4,160,41,0.9910293902462814,0.9538501225751294
Penrose_N24,4,160,46,0.9975743440634822,0.9649436732286069
Penrose_N24,4,160,51,0.9908671822143972,0.9759111274904703
Penrose_N24,4,160,56,0.9924888136936936,0.9649436732011407
Penrose_N24,4,160,61,0.9870079834324348,0.9759111274531
Penrose_N24,4,160,66,0.9924808523787622,0.9649436732011406
Penrose_N24,4,160,71,0.9840242931454429,0.9660343560638379
Penrose_N24,4,160,76,0.9879741533663413,0.9649436732006356
Penrose_N24,4,160,81,0.9822665525140405,0.9538501225724512
Penrose_N24,4,160,86,0.9905212506294305,0.9649436732011406
Penrose_N24,4,160,91,0.9861792129489937,0.9741289256281345
Penrose_N24,4,160,96,0.9867524002357241,0.9649436731935166
Penrose_N24,4,160,101,0.9876885507485784,0.9759111274531002
Penrose_N24,4,160,106,0.9908431481881448,0.9649436731935165
Penrose_N24,4,160,111,0.9858715827807113,0.97591112740177
Penrose_N24,4,160,116,0.9922851254842131,0.9649436732286069
Penrose_N24,4,160,121,0.9848116177765076,0.9538501225751295
Penrose_N24,4,160,126,0.9924838642073534,0.9649436732011407
Penrose_N24,4,160,131,0.9975224733726374,0.9759111274887515
Penrose_N24,4,160,136,0.9858901579675541,0.9649436731935165
Penrose_N24,4,160,141,1.004378784651123,0.9759111275011362
Penrose_N24,4,160,146,0.9846367825177642,0.9554766749151221
Penrose_N24,4,160,151,1.0057626177408234,0.9759111275011361
Penrose_N24,4,160,156,0.9814335825822189,0.9538501226200155
Penrose_N24,4,160,160,0.9793464522839606,0.964943673130046
Penrose_N24,5,5,1,0.9936348245333531,0.9759111274904703
Penrose_N24,5,5,5,0.9883748767987202,0.9538501225367477
Penrose_N24,5,10,1,1.0012938999350474,0.9759111275011362
Penrose_N24,5,10,6,0.9888513732257929,0.9649436731616275
Penrose_N24,5,10,10,0.9970363426997833,0.9649436732220638
Penrose_N24,5,20,1,0.9946610397895264,0.9759111274904703
Penrose_N24,5,20,6,0.9988476217289983,0.9649436732006356
Penrose_N24,5,20,11,0.9913913016602944,0.9759111274870327
Penrose_N24,5,20,16,0.9907551910727743,0.9649436732011405
Penrose_N24,5,20,20,0.9919110088916339,0.9649436731970761
Penrose_N24,5,40,1,0.9970918106483503,0.9759111275059831
Penrose_N24,5,40,6,0.9915276530972286,0.9649436732006356
Penrose_N24,5,40,11,0.9989197039126461,0.9759111275488503
Penrose_N24,5,40,16,0.9930034592778637,0.9649436732006356
Penrose_N24,5,40,21,0.9945621554023921,0.9759111274904704
Penrose_N24,5,40,26,1.0050696719135397,0.9649436732286069
Penrose_N24,5,40,31,0.9837002088646175,0.9759111274017701
Penrose_N24,5,40,36,0.9982054727309192,0.9649436732006356
Penrose_N24,5,40,40,1.0001759441723443,0.9649436732300178
Penrose_N24,5,80,1,0.9931649555517652,0.9759111274531003
Penrose_N24,5,80,6,0.9767240547056123,0.9538501225583971
Penrose_N24,5,80,11,0.9901958125915465,0.9759111274958032
Penrose_N24,5,80,16,0.991229091772279,0.9649436731616277
Penrose_N24,5,80,21,0.9884863103203294,0.9759111274887514
Penrose_N24,5,80,26,0.9990704448285199,0.9649436732011406
Penrose_N24,5,80,31,0.9960614013653639,0.9759111275011362
Penrose_N24,5,80,36,0.9929483176597176,0.9649436731543051
Penrose_N24,5,80,41,0.9924585773058552,0.9759111275011361
Penrose_N24,5,80,46,0.9897548967784322,0.9554766749702858
Penrose_N24,5,80,51,0.9911854958633085,0.9759111274870326
Penrose_N24,5,80,56,0.9925019405147093,0.9649436732286069
Penrose_N24,5,80,61,0.9963908458364956,0.9759111275525783
Penrose_N24,5,80,66,0.9933302625180077,0.9649436732006356
Penrose_N24,5,80,71,0.9939942109836858,0.9759111274958032
Penrose_N24,5,80,76,0.9845368004769661,0.955476674917397
Penrose_N24,5,80,80,1.0001285541180593,0.9649436732011407
Penrose_N24,5,160,1,0.9894973523379281,0.9759111275351565
Penrose_N24,5,160,6,0.9913733459330105,0.9649436731616277
Penrose_N24,5,160,11,0.998206790340973,0.9759111275011363
Penrose_N24,5,160,16,0.9865817745623557,0.9554766749162595
Penrose_N24,5,160,21,0.9974987707746175,0.9759111274904703
Penrose_N24,5,160,26,0.9889005574338229,0.9575993316882209
Penrose_N24,5,160,31,0.9922036650203673,0.9759111274904704
Penrose_N24,5,160,36,0.993577607178508,0.9649436731935165
Penrose_N24,5,160,41,0.9864483982107526,0.9759111274531003
Penrose_N24,5,160,46,0.9946852621548944,0.9649436732011406
Penrose_N24,5,160,51,0.9913842240711463,0.9759111274694963
Penrose_N24,5,160,56,0.9867461727602748,0.9649436731469825
Penrose_N24,5,160,61,0.9994879185776419,0.9759111275094574
Penrose_N24,5,160,66,0.9954625487547423,0.9623328308258032
Penrose_N24,5,160,71,0.9848666341678912,0.9759111274887515
Penrose_N24,5,160,76,0.9842078933912731,0.9649436731935166
Penrose_N24,5,160,81,0.9837388378677555,0.9759111274153824
Penrose_N24,5,160,86,0.9928679156102375,0.9649436732006356
Penrose_N24,5,160,91,0.99050636473147,0.9759111274870326
Penrose_N24,5,160,96,0.9859196794712083,0.9649436731385143
Penrose_N24,5,160,101,0.994945805710286,0.9759111274904703
Penrose_N24,5,160,106,0.9956070540775279,0.9649436732011407
Penrose_N24,5,160,111,0.993078820630789,0.9759111274870326
Penrose_N24,5,160,116,0.9879397206042817,0.9649436731935166
Penrose_N24,5,160,121,0.9923624020286108,0.9759111274904703
Penrose_N24,5,160,126,0.9932978154595845,0.9649436732286069
Penrose_N24,5,160,131,0.9892631744404665,0.9759111274904704
Penrose_N24,5,160,136,0.9895426225098599,0.9649436731935165
Penrose_N24,5,160,141,0.9957026160950477,0.9800591519883344
Penrose_N24,5,160,146,0.9801195691276935,0.9538501225936955
Penrose_N24,5,160,151,1.0011348465325554,0.9842071764943657
Penrose_N24,5,160,156,0.9806141283318004,0.955476674937497
Penrose_N24,5,160,160,0.979508163674648,0.9554766749162595
Penrose_N24,6,5,1,0.9913018239686273,0.9759111275094574
Penrose_N24,6,5,5,0.9890917541997695,0.9759111274870326
Penrose_N24,6,10,1,0.9890644360592811,0.9759111274694963
Penrose_N24,6,10,6,0.9879141111995823,0.9649436731935166
Penrose_N24,6,10,10,0.9789182391157428,0.9554766749668575
Penrose_N24,6,20,1,0.9828672878610075,0.975911127481683
Penrose_N24,6,20,6,0.9909537340095852,0.9649436731935165
Penrose_N24,6,20,11,0.9827226318078287,0.9759111274612983
Penrose_N24,6,20,16,0.9969458754477739,0.9649436732011407
Penrose_N24,6,20,20,0.9950022699174431,0.9649436732083305
Penrose_N24,6,40,1,0.9875389771970357,0.9759111274342412
Penrose_N24,6,40,6,0.9848118226077475,0.9597219884083201
Penrose_N24,6,40,11,0.9734700222305961,0.9538501225186868
Penrose_N24,6,40,16,0.9812803367198499,0.9538501225751295
Penrose_N24,6,40,21,0.991883027350094,0.9759111274958032
Penrose_N24,6,40,26,0.9793048216755309,0.9538501225751294
Penrose_N24,6,40,31,0.989998359881828,0.9759111274904703
Penrose_N24,6,40,36,0.9814506631482415,0.9538501225583972
Penrose_N24,6,40,40,0.9787444437616898,0.9538501225583971
Penrose_N24,6,80,1,0.9887192236857394,0.9759111274694963
Penrose_N24,6,80,6,0.9890193782144091,0.9649436731935166
Penrose_N24,6,80,11,0.9828276119679867,0.9759111274694963
Penrose_N24,6,80,16,0.997230900204488,0.9649436732011407
Penrose_N24,6,80,21,0.976381035258004,0.9512124145110401
Penrose_N24,6,80,26,1.001551647133041,0.9649436732011407
Penrose_N24,6,80,31,0.9765225065642211,0.9525312684988516
Penrose_N24,6,80,36,0.9834378663705505,0.9575993316671456
Penrose_N24,6,80,41,0.9809393938606107,0.9759111274531002
Penrose_N24,6,80,46,0.9845548259279283,0.955476674917397
Penrose_N24,6,80,51,0.9896319029926716,0.9759111274681602
Penrose_N24,6,80,56,0.9852459627103124,0.9554766748641714
Penrose_N24,6,80,61,0.9858387370450522,0.953850122545118
Penrose_N24,6,80,66,0.9890185334449054,0.9554766749580619
Penrose_N24,6,80,71,0.9867918935428391,0.9759111274153823
Penrose_N24,6,80,76,0.9828995340370086,0.959721988382674
Penrose_N24,6,80,80,0.9908724283253992,0.9649436732006356
Penrose_N24,6,160,1,0.9890960420874017,0.9759111274904703
Penrose_N24,6,160,6,0.9870535512615161,0.9649436731616278
Penrose_N24,6,160,11,0.985557723588305,0.9759111274342412
Penrose_N24,6,160,16,0.9871633141789363,0.9649436731616277
Penrose_N24,6,160,21,0.9887446946921158,0.9759111274153824
Penrose_N24,6,160,26,0.9861787985274953,0.9538501226093392
Penrose_N24,6,160,31,0.983073209805916,0.9759111274531
Penrose_N24,6,160,36,0.9826463135887871,0.9554766749180045
Penrose_N24,6,160,41,0.9844118393085526,0.9759111274531
Penrose_N24,6,160,46,0.9885488282552471,0.9649436732155205
Penrose_N24,6,160,51,0.9878549017817139,0.9759111274146715
Penrose_N24,6,160,56,0.9871669853030871,0.9554766748703446
Penrose_N24,6,160,61,0.9889012583416734,0.9759111274694963
Penrose_N24,6,160,66,0.9794868662914112,0.9538501225751295
Penrose_N24,6,160,71,1.0020488363407056,0.9759111275011362
Penrose_N24,6,160,76,0.9886076447603548,0.9649436731935166
Penrose_N24,6,160,81,0.9911417580534883,0.9759111274870326
Penrose_N24,6,160,86,0.995935099913234,0.9649436732011405
Penrose_N24,6,160,91,0.9783170860307211,0.9512124145814054
Penrose_N24,6,160,96,0.9878743978514037,0.9554766749702859
Penrose_N24,6,160,101,0.9831113680849914,0.9741289256295864
Penrose_N24,6,160,106,0.9869317575297016,0.9649436731935165
Penrose_N24,6,160,111,0.9916808276447912,0.9759111274782644
Penrose_N24,6,160,116,0.9904038960198762,0.9649436731935165
Penrose_N24,6,160,121,0.9862671814769103,0.9759111274007919
Penrose_N24,6,160,126,0.9906547212123309,0.9649436732011407
Penrose_N24,6,160,131,0.9929036488555868,0.9759111274694963
Penrose_N24,6,160,136,0.9869288488114427,0.9649436731935165
Penrose_N24,6,160,141,0.9820192967470514,0.9512124144984564
Penrose_N24,6,160,146,0.9822946683691091,0.9649436731935166
Penrose_N24,6,160,151,0.9880982901400688,0.9759111274153824
Penrose_N24,6,160,156,0.9969445840344741,0.9649436732006356
Penrose_N24,6,160,160,0.9942718137205633,0.9649436732006356
Penrose_N24,7,5,1,0.9830119493288727,0.9554752927746452
Penrose_N24,7,5,5,0.9801782495975393,0.9759111274129825
Penrose_N24,7,10,1,0.9853404145415058,0.9759111274694963
Penrose_N24,7,10,6,0.9824771586506224,0.9649436731469825
Penrose_N24,7,10,10,0.9812571117217022,0.964943673130046
Penrose_N24,7,20,1,0.9903394445933899,0.9759111274870326
Penrose_N24,7,20,6,0.9851578104733242,0.9649436731616277
Penrose_N24,7,20,11,0.9833875972924652,0.9759111274139607
Penrose_N24,7,20,16,0.9836035259960516,0.9649436732011406
Penrose_N24,7,20,20,0.9886950173456447,0.9649436732011406
Penrose_N24,7,40,1,0.996647091576502,0.975911127481683
Penrose_N24,7,40,6,0.9902905055282807,0.9649436732006356
Penrose_N24,7,40,11,0.9929734795729888,0.9759111274153824
Penrose_N24,7,40,16,0.9866037676492851,0.9649436731469825
Penrose_N24,7,40,21,0.9920896249415273,0.9759111275059831
Penrose_N24,7,40,26,0.9901758349105956,0.9649436731935166
Penrose_N24,7,40,31,0.9914726217859907,0.9759111274694963
Penrose_N24,7,40,36,0.9877245521275174,0.9649436731935166
Penrose_N24,7,40,40,0.9991378307891843,0.9649436732148737
Penrose_N24,7,80,1,0.9864732653488864,0.9759111274694962
Penrose_N24,7,80,6,0.9845389872163,0.9597219883809731
Penrose_N24,7,80,11,0.988330897034243,0.9759111274694963
Penrose_N24,7,80,16,0.9902103226840636,0.9649436731616278
Penrose_N24,7,80,21,0.9827628120061549,0.9759111274139607
Penrose_N24,7,80,26,0.9799607628303675,0.953850122545118
Penrose_N24,7,80,31,0.9913265895951195,0.9759111274146716
Penrose_N24,7,80,36,0.9814638397967261,0.9623328308046962
Penrose_N24,7,80,41,0.9842208261826177,0.9759111273902182
Penrose_N24,7,80,46,0.9871080840267951,0.9649436731469825
Penrose_N24,7,80,51,0.9988113879954827,0.9759111275401395
Penrose_N24,7,80,56,0.9847023763192793,0.9554766748405804
Penrose_N24,7,80,61,0.9971376702830388,0.9759111275451224
Penrose_N24,7,80,66,0.9771649357306124,0.9538501225751294
Penrose_N24,7,80,71,0.9905728525724444,0.9759111274694964
Penrose_N24,7,80,76,0.9849489221951233,0.9597219884086274
Penrose_N24,7,80,80,0.9828067171743613,0.9538501225751295
Penrose_N24,7,160,1,0.9933304985792147,0.9759111274870327
Penrose_N24,7,160,6,0.9899536621202737,0.9649436732006356
Penrose_N24,7,160,11,0.9820809723831618,0.9759111274870326
Penrose_N24,7,160,16,0.995366924720502,0.9649436732300178
Penrose_N24,7,160,21,0.990905931103353,0.9759111274870326
Penrose_N24,7,160,26,0.9918065564020119,0.9649436732011406
Penrose_N24,7,160,31,0.9957029904807545,0.9759111274904704
Penrose_N24,7,160,36,0.98068093775841,0.9554766749186121
Penrose_N24,7,160,41,0.9954290534900919,0.9759111275011362
Penrose_N24,7,160,46,0.9845826980787092,0.9538501225583971
Penrose_N24,7,160,51,0.9902141040083862,0.9660343561542979
Penrose_N24,7,160,56,0.9931218057845774,0.9649436732286069
Penrose_N24,7,160,61,0.9945301041635112,0.9741289256094144
Penrose_N24,7,160,66,0.9896624405637845,0.9649436732006356
Penrose_N24,7,160,71,0.9842721374311117,0.9759111274342412
Penrose_N24,7,160,76,0.9889580351006242,0.9649436732006356
Penrose_N24,7,160,81,0.9972660241396217,0.9759111274870326
Penrose_N24,7,160,86,0.984292260237187,0.9649436731616277
Penrose_N24,7,160,91,0.9870863606154455,0.9554752927744458
Penrose_N24,7,160,96,0.9829121629481998,0.9649436731775721
Penrose_N24,7,160,101,0.9874562772191726,0.9759111274612982
Penrose_N24,7,160,106,0.9893765149940469,0.9649436731935165
Penrose_N24,7,160,111,0.9877099213156127,0.9759111274904703
Penrose_N24,7,160,116,0.9938109599788875,0.9649436732011407
Penrose_N24,7,160,121,0.9910258354199591,0.9759111274694963
Penrose_N24,7,160,126,0.9897441349269411,0.9649436731935166
Penrose_N24,7,160,131,1.001989531672924,0.9759111275011362
Penrose_N24,7,160,136,0.9905089315847435,0.9649436732006356
Penrose_N24,7,160,141,0.9953186842044761,0.9759111274870326
Penrose_N24,7,160,146,0.996118085359072,0.9649436732006356
Penrose_N24,7,160,151,0.9917604172615404,0.972346723787733
Penrose_N24,7,160,156,0.9928361769297793,0.9649436731935166
Penrose_N24,7,160,160,0.9842276430973012,0.955476674917397
Penrose_N24,8,5,1,0.9875153740875092,0.9759111274694962
Penrose_N24,8,5,5,0.9876757631823301,0.9759111274870326
Penrose_N24,8,10,1,0.9908481042283129,0.9759111274129825
Penrose_N24,8,10,6,0.988528419554094,0.9649436731469825
Penrose_N24,8,10,10,0.9905356665569536,0.9649436731616278
Penrose_N24,8,20,1,0.9739638962538307,0.9512124145455654
Penrose_N24,8,20,6,0.9864368483805465,0.9649436732006356
Penrose_N24,8,20,11,0.981516821802301,0.9759111274139607
Penrose_N24,8,20,16,0.9936196510934835,0.9649436732286069
Penrose_N24,8,20,20,1.0055088416503057,0.9649436732343659
Penrose_N24,8,40,1,0.9932579553785963,0.9759111275451224
Penrose_N24,8,40,6,0.9759477945778381,0.9554766748614265
Penrose_N24,8,40,11,0.9886685007537533,0.9759111274904704
Penrose_N24,8,40,16,0.9897280492554889,0.9649436731935165
Penrose_N24,8,40,21,0.9821004925835356,0.9759111274694963
Penrose_N24,8,40,26,0.991290971712964,0.9649436732006356
Penrose_N24,8,40,31,0.9880288839303546,0.9759111274531002
Penrose_N24,8,40,36,0.9879114028927339,0.955476674937497
Penrose_N24,8,40,40,0.9755632889520135,0.955476674918612
Penrose_N24,8,80,1,0.9845842098924023,0.9759111274612982
Penrose_N24,8,80,6,0.9835280124167269,0.9649436731469825
Penrose_N24,8,80,11,0.9886401158526649,0.9759111274870326
Penrose_N24,8,80,16,0.9900217740596776,0.9649436732006356
Penrose_N24,8,80,21,0.981947097205286,0.9538501224599579
Penrose_N24,8,80,26,0.9877006412761093,0.9554766749280545
Penrose_N24,8,80,31,0.9914090252711604,0.9759111274694963
Penrose_N24,8,80,36,0.9881798577593257,0.955476674937497
Penrose_N24,8,80,41,0.9927809135196966,0.9759111274153824
Penrose_N24,8,80,46,0.9928195327238862,0.9649436731935166
Penrose_N24,8,80,51,0.9911226226960047,0.9538501225517575
Penrose_N24,8,80,56,0.9942264484565291,0.9649436732314288
Penrose_N24,8,80,61,0.9865280729240643,0.9571004630115052
Penrose_N24,8,80,66,0.9921080377329509,0.9649436732314287
Penrose_N24,8,80,71,0.9886340253104084,0.9759111274681602
Penrose_N24,8,80,76,0.9901484866568109,0.9649436731935165
Penrose_N24,8,80,80,0.9859027893690865,0.962332830770346
Penrose_N24,8,160,1,0.9835386683507963,0.9759111274694964
Penrose_N24,8,160,6,0.9869660087406471,0.9649436731543051
Penrose_N24,8,160,11,0.9897278549712688,0.9538501225751295
Penrose_N24,8,160,16,0.9934630402114201,0.9649436731616277
Penrose_N24,8,160,21,0.9923657275057781,0.9759111274694963
Penrose_N24,8,160,26,0.9986722157226453,0.9649436732286069
Penrose_N24,8,160,31,0.9780404832233366,0.9512124144700063
Penrose_N24,8,160,36,0.9988123403935267,0.9649436732286069
Penrose_N24,8,160,41,0.969249311570902,0.9512124145455654
Penrose_N24,8,160,46,0.9921609302123263,0.9649436732286069
Penrose_N24,8,160,51,0.9862867346593616,0.9759111274694963
Penrose_N24,8,160,56,0.9856450439528424,0.9649436732011406
Penrose_N24,8,160,61,0.9967360893755537,0.9759111275011362
Penrose_N24,8,160,66,0.9864542936918334,0.9649436731616277
Penrose_N24,8,160,71,0.9853903510583012,0.9759111274870326
Penrose_N24,8,160,76,0.9930391339291207,0.9649436732011406
Penrose_N24,8,160,81,0.9883769227954785,0.9759111274531
Penrose_N24,8,160,86,0.9844832377477271,0.9649436731935166
Penrose_N24,8,160,91,0.9834826346072679,0.951212414511074
Penrose_N24,8,160,96,0.98415269361494,0.9649436731935166
Penrose_N24,8,160,101,0.9878575491688453,0.9759111274694963
Penrose_N24,8,160,106,0.9867108119083862,0.9649436732006356
Penrose_N24,8,160,111,0.9808075101252088,0.9759111274694963
Penrose_N24,8,160,116,0.9920534125225379,0.9649436732011407
Penrose_N24,8,160,121,0.993875114045158,0.9759111274904703
Penrose_N24,8,160,126,0.9842623965431406,0.9649436731935165
Penrose_N24,8,160,131,0.9858427547373106,0.9759111274531
Penrose_N24,8,160,136,0.9796552496183747,0.9649436731469825
Penrose_N24,8,160,141,0.994614525696362,0.9759111274870326
Penrose_N24,8,160,146,0.9883836875285373,0.9649436732006356
Penrose_N24,8,160,151,0.9833860000183248,0.9538501224826657
Penrose_N24,8,160,156,0.9868135430860724,0.9649436731775721
Penrose_N24,8,160,160,0.9959954345579004,0.9649436732286069
Penrose_N24,9,5,1,0.9882135598932494,0.9759111274870326
Penrose_N24,9,5,5,0.9845956306504524,0.9759111274887515
Penrose_N24,9,10,1,0.9855776809847699,0.9759111274153823
Penrose_N24,9,10,6,0.9805553046959149,0.9538501225583972
Penrose_N24,9,10,10,0.9913368804214678,0.9597219883961765
Penrose_N24,9,20,1,0.9723307565979005,0.9525312685353682
Penrose_N24,9,20,6,0.983837804684247,0.9649436731935165
Penrose_N24,9,20,11,0.9849274802596736,0.9759111274870326
Penrose_N24,9,20,16,0.9854802520445679,0.9649436731543051
Penrose_N24,9,20,20,0.9951388707207014,0.9649436732006356
Penrose_N24,9,40,1,0.9895743779622775,0.9597219884102515
Penrose_N24,9,40,6,0.9946977168281445,0.9649436732286069
Penrose_N24,9,40,11,0.9893389058489536,0.9759111274694963
Penrose_N24,9,40,16,0.9874272252794515,0.9649436731935166
Penrose_N24,9,40,21,0.9870797650537341,0.9759111274870326
Penrose_N24,9,40,26,0.9846017424029404,0.9649436731935166
Penrose_N24,9,40,31,0.9993791347342809,0.9875375857675943
Penrose_N24,9,40,36,0.9882998886002912,0.9649436732011407
Penrose_N24,9,40,40,0.9838150213879752,0.9649436732006356
Penrose_N24,9,80,1,0.9878914966977936,0.9759111274694963
Penrose_N24,9,80,6,0.9960035904623963,0.9649436732006356
Penrose_N24,9,80,11,0.9929919275986616,0.9759111274904703
Penrose_N24,9,80,16,0.98285343711809,0.9554766748413879
Penrose_N24,9,80,21,0.9779679669998146,0.9759111273895794
Penrose_N24,9,80,26,0.9831134834823557,0.9649436731616277
Penrose_N24,9,80,31,0.9870151560520241,0.9759111274694963
Penrose_N24,9,80,36,1.0053066915912092,0.9649436732332362
Penrose_N24,9,80,41,0.984832106658576,0.9759111274694963
Penrose_N24,9,80,46,0.9980589555823257,0.9649436732286069
Penrose_N24,9,80,51,0.9791427855032274,0.9538501225186868
Penrose_N24,9,80,56,0.9882107449209679,0.9649436732006356
Penrose_N24,9,80,61,0.9820436192575424,0.9538501225290998
Penrose_N24,9,80,66,0.9855236726995737,0.9649436731935165
Penrose_N24,9,80,71,0.9878652311815102,0.9759111274870326
Penrose_N24,9,80,76,0.9871962871665694,0.9649436732006356
Penrose_N24,9,80,80,0.9868095173227264,0.9649436732006356
Penrose_N24,9,160,1,0.9866508997733475,0.9759111274887515
Penrose_N24,9,160,6,0.99326154282236,0.9649436732155205
Penrose_N24,9,160,11,0.9874538883424371,0.9759111274755896
Penrose_N24,9,160,16,0.9787726368983436,0.9538501226054643
Penrose_N24,9,160,21,0.9885845947689892,0.9759111274755896
Penrose_N24,9,160,26,0.9725222606481922,0.9538501225751295
Penrose_N24,9,160,31,0.9947673512282252,0.9759111274904703
Penrose_N24,9,160,36,0.9882802692391619,0.9649436731935166
Penrose_N24,9,160,41,0.9835250490511785,0.9512124145636061
Penrose_N24,9,160,46,0.9806140910600986,0.9554766749580619
Penrose_N24,9,160,51,0.9863234349284558,0.9759111274694963
Penrose_N24,9,160,56,0.991154599640437,0.9649436732011407
Penrose_N24,9,160,61,0.9904284882096628,0.9759111274694964
Penrose_N24,9,160,66,0.9892352128247425,0.9649436732006356
Penrose_N24,9,160,71,0.9944676493366744,0.9759111274904703
Penrose_N24,9,160,76,0.9881027426098362,0.9649436731970761
Penrose_N24,9,160,81,0.995575743029,0.9759111275011362
Penrose_N24,9,160,86,0.9863951459373151,0.9649436731543051
Penrose_N24,9,160,91,0.9844919756278994,0.9759111274755897
Penrose_N24,9,160,96,0.9833488201564862,0.9649436731616275
Penrose_N24,9,160,101,0.990480507481313,0.9571004630233388
Penrose_N24,9,160,106,0.9894174391852936,0.9649436732006356
Penrose_N24,9,160,111,0.9803901745607538,0.9538501225367477
Penrose_N24,9,160,116,0.9984590592940749,0.9649436732011406
Penrose_N24,9,160,121,0.9865566196748525,0.9759111274531003
Penrose_N24,9,160,126,0.9800000104331759,0.9554766749580619
Penrose_N24,9,160,131,0.9766327178563688,0.9512124144935401
Penrose_N24,9,160,136,0.9870992142410807,0.9649436732011407
Penrose_N24,9,160,141,0.9917725932409066,0.9759111274870326
Penrose_N24,9,160,146,0.9762504896063663,0.9554766749685717
Penrose_N24,9,160,151,0.9846765063932781,0.9538501224936035
Penrose_N24,9,160,156,0.9912974948396626,0.9649436731935165
Penrose_N24,9,160,160,0.9914365156842913,0.9649436732011406
