substrate,lambda,seed,walkers,alpha_vs_cost_time,alpha_vs_cost_time_r2,alpha_vs_steps,alpha_vs_steps_r2,mean_cost_time_at_1024,msd_phys_at_1024,near_return_frac_d2,near_return_mean_perp_mismatch,final_mean_perp_mismatch
AB_N30,0,0,5000,0.9378044468759236,0.9998192909848753,0.9378044468759236,0.9998192909848753,1024.0,805.3126306745919,0.0082,1.0918566958498714,1.0882806408040058
AB_N30,0,1,5000,0.9408613587744883,0.9996124282111685,0.9408613587744883,0.9996124282111685,1024.0,795.0397619367002,0.0064,0.9501795187047211,1.0965858869962959
AB_N30,0,2,5000,0.9372364331685279,0.9995372826440255,0.9372364331685279,0.9995372826440255,1024.0,805.438112925641,0.0052,0.998597376324121,1.0843369859085699
AB_N30,0,3,5000,0.942131955085547,0.9997634820270535,0.942131955085547,0.9997634820270535,1024.0,808.5314718990886,0.0064,1.0340018594755898,1.0920604428546867
AB_N30,0,4,5000,0.95322931686418,0.9997173039433109,0.95322931686418,0.9997173039433109,1024.0,813.0038891256172,0.0068,1.0048330290867535,1.092225220042734
AB_N30,0,5,5000,0.9483086913276164,0.9994864251111432,0.9483086913276164,0.9994864251111432,1024.0,808.3559244677239,0.0068,1.2516750602860445,1.0845056119708105
AB_N30,0,6,5000,0.9521089602780366,0.9990098659525581,0.9521089602780366,0.9990098659525581,1024.0,813.18958356986,0.0062,0.9614568430421614,1.0782516899237635
AB_N30,0,7,5000,0.9573900074687346,0.9994122989074513,0.9573900074687346,0.9994122989074513,1024.0,831.908905779874,0.007,0.9666429036103188,1.0725432344887638
AB_N30,0,8,5000,0.9466244310799558,0.9995172697584697,0.9466244310799558,0.9995172697584697,1024.0,805.7914469802024,0.0072,0.899926758974449,1.0833859316688341
AB_N30,0,9,5000,0.960622788009691,0.9996029638276639,0.960622788009691,0.9996029638276639,1024.0,820.886466999241,0.0082,1.0946437106377676,1.072824116739036
AB_N30,1,0,5000,0.9213836066901815,0.9998453245798604,0.9214518356003896,0.9998453426153912,1213.9554387681337,798.2759751523987,0.0056,1.1639804907219953,1.074132784483074
AB_N30,1,1,5000,0.949422562825616,0.9993476915507085,0.9497032194153157,0.9993429152552877,1213.8456637347076,806.6022635309172,0.008,0.9223492271415497,1.086107953052985
AB_N30,1,2,5000,0.946548924394437,0.9997322049271126,0.946861179343356,0.9997305911191762,1213.8618941304776,816.1768759344544,0.0072,0.962803576426905,1.0779881171171601
AB_N30,1,3,5000,0.9423435035113586,0.9998994422652525,0.9427079177729414,0.9998987741961957,1213.8854524012158,821.1943937378118,0.0068,0.9729979643647693,1.0787199339704647
AB_N30,1,4,5000,0.9382495199227159,0.9993723767308353,0.9383993715625358,0.9993723420649435,1213.8874403181287,797.242498472002,0.0056,0.9347394380219614,1.0729246436453916
AB_N30,1,5,5000,0.9574253601888312,0.9998017436528068,0.9577174933156601,0.9998013753676813,1213.8019257449105,817.1764447938524,0.0066,1.1332334413066938,1.0766318380816646
AB_N30,1,6,5000,0.9470434060557064,0.9998091635320848,0.9473091891195685,0.9998081749541465,1213.7835720093235,804.0601021905455,0.0084,1.164599280740945,1.078695649039994
AB_N30,1,7,5000,0.9456553938552507,0.999576463170535,0.9460420145011106,0.9995747132556758,1213.8047391631794,813.208509053204,0.007,0.7639304560231914,1.078999066924429
AB_N30,1,8,5000,0.9358624916235806,0.9998284384413011,0.9361657148229021,0.999826236761328,1213.7860487744626,816.3350729041352,0.0064,0.9986688459252014,1.0930895943465408
AB_N30,1,9,5000,0.9345917497226323,0.9998070198002356,0.9348519827944282,0.9998073916928908,1213.8335790034641,805.1735366486702,0.005,0.7940882916309644,1.0776478754160788
AB_N30,2,0,5000,0.9388692351086151,0.9994000807732378,0.9392406623652046,0.9993952294570941,1513.0512282650689,807.4243452619927,0.0066,0.9637036067252557,1.0803786973751144
AB_N30,2,1,5000,0.9539667334518679,0.9998080025465077,0.954319947713914,0.9998082556550613,1513.464558424187,811.715578303853,0.0092,0.961491354911233,1.078123292599936
AB_N30,2,2,5000,0.957122927117448,0.9996477145721594,0.9577597614080653,0.9996500702193961,1513.0345652254641,818.6096770584502,0.0062,1.160320855953415,1.080888400191122
AB_N30,2,3,5000,0.9522501261504777,0.9997968330635039,0.9525721080438738,0.9997929490969278,1513.0725594093537,834.352373094348,0.0068,0.8957061421231649,1.0918135538472644
AB_N30,2,4,5000,0.9384261102902279,0.9996032840317695,0.9386970983403731,0.9996058049449507,1513.1557860896207,801.9064229278724,0.005,0.9351999163061587,1.0817359870935581
AB_N30,2,5,5000,0.937791124484316,0.9996335460194282,0.9382776922700203,0.9996354739243787,1513.0701210479178,816.7742843324181,0.0062,0.9999245080991667,1.0928640206960103
AB_N30,2,6,5000,0.939760627191453,0.9993067982651546,0.9400430797671746,0.999299299064287,1512.8676703949784,800.8783840107662,0.0056,0.9051527549966896,1.0905413146155185
AB_N30,2,7,5000,0.9474064997003425,0.9995709681211885,0.9480898915798847,0.9995662934802602,1512.9649764155347,821.6302076047809,0.0086,1.0907806846165182,1.0684269729456184
AB_N30,2,8,5000,0.9577542702386799,0.9997813084980774,0.9581143591097923,0.999774584006819,1512.5806185324063,826.4701196939959,0.0074,1.212471187022583,1.0897189849570685
AB_N30,2,9,5000,0.9421935711715285,0.9997204128742144,0.9426012552944228,0.9997163820119778,1512.9720922024385,811.8188414639545,0.004,1.050302051342729,1.075802367851319
AB_N30,3,0,5000,0.9448429066629136,0.9997133691594012,0.9455182520849074,0.9997166045735674,1995.8360088738796,807.5243314667848,0.0068,0.946342569920669,1.0851221382549086
AB_N30,3,1,5000,0.9444204266548837,0.9996854808461395,0.9457225374162256,0.999665829994382,1996.7203372557879,814.1765215634707,0.0066,0.9086285624610094,1.0817526259434704
AB_N30,3,2,5000,0.9471380916254394,0.9996365027831372,0.9484480224271878,0.9996320435186693,1997.4251569214423,816.344580725154,0.0068,0.9021250923308116,1.087554110989799
AB_N30,3,3,5000,0.9538092278087797,0.9993916672631825,0.9545255203282909,0.9993938280934654,1997.0010020217308,828.1656987982103,0.0068,0.9240204489121415,1.0840627340128464
AB_N30,3,4,5000,0.9377288002415208,0.9996813081620087,0.9381786654212955,0.9996802748209217,1997.7183582009093,790.7248249409051,0.0062,1.0366768869876977,1.0725470972541082
AB_N30,3,5,5000,0.950050028543848,0.9992957197586625,0.9503597699493355,0.9993119551344593,1996.335236526417,819.1249031185936,0.0046,0.8784762345341876,1.0694326560854475
AB_N30,3,6,5000,0.9441723232170521,0.9993926654440353,0.9453348630313736,0.999387138975711,1996.786533763916,810.1913608446283,0.008,1.186137408047971,1.0889572057512797
AB_N30,3,7,5000,0.9296310500321868,0.9993042073991953,0.9299036146905475,0.9993081971959646,1997.0113247478291,789.7635237005653,0.008,1.090590379558829,1.0744036298721753
AB_N30,3,8,5000,0.9470868466888901,0.9995245027212377,0.9482248440727665,0.9995114664663278,1996.5764251432668,798.8767859890088,0.007,1.0368698145413566,1.0817692410547313
AB_N30,3,9,5000,0.9491570737837389,0.9997550842266705,0.949554727010183,0.9997584250944893,1997.3238130020618,811.1027341629008,0.0086,0.9970475428872937,1.083179010279041
AB_N30,4,0,5000,0.9424003551289382,0.9999429808874876,0.9427091087396131,0.9999443232215464,2797.0895317641252,813.7772228335612,0.0094,0.9191419155861544,1.0784685839004022
AB_N30,4,1,5000,0.9425657416082245,0.9998280719558901,0.9437421018128282,0.9998347950802992,2796.6679375633785,827.9271460711004,0.0056,1.1453116986835699,1.0966053517608656
AB_N30,4,2,5000,0.9373279271551286,0.9995212095622983,0.9375177678755338,0.9994996469795208,2796.513180398507,802.3519775019462,0.0066,0.8722978846531528,1.08354944669205
AB_N30,4,3,5000,0.9309915187222295,0.9996654432377167,0.9322623262957287,0.9996536281836844,2797.1437513671926,793.7607030918762,0.0068,0.891228467556579,1.0939382258057737
AB_N30,4,4,5000,0.9419614057106511,0.9998738843005661,0.9433072318542738,0.9998716480968465,2799.2998090211386,824.4059344573001,0.0076,0.9004679709362915,1.0754524000086394
AB_N30,4,5,5000,0.9420205518784698,0.9996602913838454,0.9426446977978664,0.9996621487026497,2798.9976063359013,826.8453983229019,0.007,1.0618833082744423,1.0810310324224746
AB_N30,4,6,5000,0.9471519286314944,0.9992268228580553,0.9484809646144209,0.9992191393331676,2797.863924232016,805.1627920744432,0.0082,1.0108301159845676,1.09265015397852
AB_N30,4,7,5000,0.9441262147554016,0.9997908050666663,0.9451854902671818,0.9997873510249907,2797.1587624180543,818.7494872314605,0.0076,0.990315696267019,1.072165720847975
AB_N30,4,8,5000,0.9332881379017813,0.999506928759424,0.934696099582812,0.9994935563448287,2797.8881686553805,806.9645196200751,0.0062,0.9765944646779035,1.078709865969135
AB_N30,4,9,5000,0.9387800231619882,0.9992539812979334,0.9398527753214638,0.9992702633961386,2799.314506876756,801.1534053670257,0.0062,0.7632678217806169,1.0868123675105532
AB_N30,5,0,5000,0.941354163233018,0.999621783049555,0.9421873192847601,0.9996357753298761,4145.620128227799,804.8239585248454,0.0066,1.066551466507592,1.1028132343203756
AB_N30,5,1,5000,0.9403298828938347,0.9997842960038811,0.9432199918881212,0.999760019612022,4147.741200714089,821.9626716017021,0.007,0.9804088960751788,1.0818410323654661
AB_N30,5,2,5000,0.9440311045780361,0.9999155911003922,0.9461928476039555,0.9999006681253434,4148.881893783924,811.1691154904256,0.0056,1.1627047490219649,1.084782102211194
AB_N30,5,3,5000,0.9401306296639276,0.9994299215583136,0.9414115440074757,0.999445627136738,4159.478596959174,798.8925717754698,0.0074,1.1014668004290875,1.0878598681854232
AB_N30,5,4,5000,0.9330492109461991,0.9998659726668483,0.9339855039830173,0.9998672984460315,4149.407604472472,800.6462327122688,0.008,0.8725587590308541,1.0874811007442033
AB_N30,5,5,5000,0.9290892900679587,0.9995976605277301,0.9317469058848887,0.9995593939704945,4150.288395294279,777.2026331459424,0.0076,1.023058682793431,1.08105885266105
AB_N30,5,6,5000,0.9526357631541558,0.9995518739701063,0.9534352011575367,0.9995706886964403,4150.012613658367,810.8856774819578,0.0052,1.1996070632189102,1.0928349298101425
AB_N30,5,7,5000,0.9419497329421566,0.9996640392085752,0.9424710137283037,0.9996702573091671,4151.685329034509,805.131620501534,0.0062,0.9663678409454213,1.0780155497145425
AB_N30,5,8,5000,0.9350843419083721,0.9993235474786056,0.9369750183703873,0.9993037938503774,4147.541994646689,806.2315270376306,0.0062,1.0033179203086302,1.0825225967882506
AB_N30,5,9,5000,0.9536123004813668,0.9997344401509597,0.9544902283362046,0.9997377436122135,4149.723558491514,809.3701359677899,0.0062,1.0275298828300388,1.0901113210266495
AB_N30,6,0,5000,0.9363092643174425,0.9995425561193095,0.9381645209746176,0.9995424360843833,6468.384421632199,805.4043908910045,0.0076,0.8122797261437774,1.0801876696533237
AB_N30,6,1,5000,0.9409865889857,0.9994821605220436,0.941267723804398,0.9995006240674437,6470.248157166133,811.8140282604746,0.006,0.9959848927708854,1.0988369462457965
AB_N30,6,2,5000,0.9457885330266099,0.9994888548917298,0.9471660435677611,0.999505664076301,6478.6991323136035,826.8791973127442,0.0064,0.9922406945994962,1.0809195848319462
AB_N30,6,3,5000,0.949248266003126,0.9998767660437133,0.9518366315463351,0.9998681129047599,6471.813115017809,822.2155508222914,0.006,1.0455473652825367,1.0879844809089232
AB_N30,6,4,5000,0.9421852559958808,0.9995983272934739,0.9448614588184491,0.9995887956972729,6467.500758645168,811.5222402087854,0.006,1.0388638596490114,1.0761078698513815
AB_N30,6,5,5000,0.948628915188569,0.9993684104532896,0.9508063284045156,0.9993770044563207,6476.59730613353,811.9519722431144,0.0082,1.028704059866353,1.0764033751077293
AB_N30,6,6,5000,0.9327954345178606,0.9996809633755369,0.935325360285758,0.9996682890491001,6470.8637128374185,795.5596223114912,0.008,0.9377570154372588,1.084277750852565
AB_N30,6,7,5000,0.9406073053173529,0.9987795075619964,0.9424614893134642,0.9987886578475497,6471.32327868291,801.1778268966278,0.0056,0.9543846405009259,1.0743567342796956
AB_N30,6,8,5000,0.9444232990395477,0.9996221072001795,0.9432912868624823,0.9996406233460997,6475.4168700103355,805.528038827342,0.007,0.8890757587572933,1.0739766332097231
AB_N30,6,9,5000,0.9546968828213761,0.9997026889925534,0.9586879965596705,0.9996930658441477,6474.55964929473,832.1136463136436,0.0054,0.9641402858346878,1.0752229073093456
AB_N30,7,0,5000,0.9539805745876342,0.9996402989104577,0.955057476443539,0.9996859439154642,10540.822537149174,815.7314135393686,0.0084,1.0287631263922523,1.0849839927958307
AB_N30,7,1,5000,0.9396054973105356,0.9997266808800701,0.9431681434867872,0.9996949542611236,10533.075467632758,795.4085636103006,0.006,0.9980869014263068,1.0915908795180778
AB_N30,7,2,5000,0.9390291152803932,0.9996681612235887,0.9420765626058633,0.9996586426604832,10515.448456724285,812.772910828486,0.0052,0.8885244789487202,1.072422076107465
AB_N30,7,3,5000,0.9490430157540619,0.9996102244773138,0.9489488299489154,0.99963670118265,10523.589001431052,824.0332062901093,0.0082,0.9591358896428113,1.066250754707745
AB_N30,7,4,5000,0.9322686765983346,0.9995624887857235,0.9367879225151368,0.9995371586291802,10521.799180077116,796.2918398723558,0.007,0.9341899862696351,1.070877715237617
AB_N30,7,5,5000,0.9433447075199559,0.9990401943336764,0.9449107241701565,0.999055894821943,10527.732414993881,812.2959925891372,0.0084,1.0645872529289124,1.084038313207158
AB_N30,7,6,5000,0.9441226948922956,0.9994880716678102,0.944434116182258,0.9995160784324173,10524.48321104763,818.2239700024152,0.0082,0.964458921532733,1.0864371034022278
AB_N30,7,7,5000,0.9360564964921751,0.9997416368716989,0.9372405117210955,0.999748834086279,10533.261336880374,796.0704032924658,0.008,0.9948459436513721,1.0797314980909083
AB_N30,7,8,5000,0.9470456629916081,0.9993376740042192,0.9483885333195068,0.9993688679749672,10517.761332822696,797.748789294208,0.0076,1.1866966908829009,1.085162606560437
AB_N30,7,9,5000,0.9517056695605164,0.9996003935755567,0.9520628973812277,0.9996190059920419,10533.201832093633,817.5391930620023,0.009,1.018642586164542,1.0872274387728131
AB_N30,8,0,5000,0.9431017520807876,0.9996037984881835,0.9434398620487202,0.9996199881788819,17716.764055893593,804.2532961297859,0.0086,0.9009704221083218,1.0594449724996862
AB_N30,8,1,5000,0.9359326208142631,0.9998428661847495,0.9386445105741058,0.9998401870661967,17660.48966794043,809.8041875981002,0.0062,1.0711154732397081,1.0879191379718183
AB_N30,8,2,5000,0.9284639417479095,0.9997537810308611,0.930410563104046,0.999757372229869,17671.432664624772,790.1901028344575,0.007,1.1540619328314885,1.0988226242035606
AB_N30,8,3,5000,0.9537549744555541,0.9996322154586242,0.957787652000718,0.9996187569919419,17715.390705008926,827.1228113530233,0.004,0.9668931194570055,1.0857739418309302
AB_N30,8,4,5000,0.9419945185585614,0.9998136260182252,0.9437891206754978,0.9998086122126776,17693.768931111492,799.0884353539684,0.0076,1.0794760422469625,1.0904672846599077
AB_N30,8,5,5000,0.9629998501056308,0.9997297994165074,0.9654151973474162,0.9997426456888127,17693.21042018675,814.7143382874416,0.0054,0.9410124962792176,1.064209381799672
AB_N30,8,6,5000,0.9339215237225515,0.9993164180895058,0.9354853689885921,0.9993508401410415,17705.850931410183,789.4589979720784,0.0074,1.0501433839177305,1.0873596417419875
AB_N30,8,7,5000,0.9374609754546843,0.9994081713512286,0.9379018717210532,0.999452995220237,17690.20817612643,802.5478494065248,0.005,1.0697477870282228,1.0800602861414468
AB_N30,8,8,5000,0.9458663852340952,0.9993359172236045,0.946875642228558,0.9993628239333487,17670.6136663239,803.0443024654187,0.0062,1.0771787539841566,1.0810887227714454
AB_N30,8,9,5000,0.9505647655181114,0.9994191529781482,0.952185767174137,0.9994863918954672,17699.320229436733,817.4476754862361,0.009,0.892683060881877,1.08655976343461
AB_N30,9,0,5000,0.9495839817797185,0.9995556288847784,0.9521513328360448,0.9995326278801305,30570.354540232915,826.2580169235715,0.0058,1.0623018943280247,1.0970057473022305
AB_N30,9,1,5000,0.9322176352860272,0.9997863155869271,0.9342185268530476,0.9997483944963891,30493.564183264232,779.7981900274082,0.0056,1.033607651504979,1.0857121549112592
AB_N30,9,2,5000,0.9450906861813213,0.9988571749720798,0.9454962693315826,0.9988652368095293,30447.064453358667,805.9738193899462,0.0058,0.8686909036058827,1.0832330023963361
AB_N30,9,3,5000,0.9387674260470702,0.9996306999318555,0.9420613890834367,0.9995999359780056,30526.25822499472,808.6574026782055,0.0046,0.9000677894299564,1.0877042852651284
AB_N30,9,4,5000,0.9501464601388734,0.9998469426505147,0.9527036853925,0.9998506380526875,30490.781587674755,841.847202281446,0.0062,0.9013744207424753,1.0953933297864058
AB_N30,9,5,5000,0.9471233463135418,0.9996285358780844,0.9490824306138919,0.9996606767204155,30494.328165185307,800.1969124528441,0.0068,1.0239167554820965,1.0808937576122928
AB_N30,9,6,5000,0.9377224298405868,0.9994224141715172,0.9414432693109593,0.9993750903511052,30508.480737190042,798.4687426848009,0.0076,0.9508301403463311,1.088029529779391
AB_N30,9,7,5000,0.9444062603142112,0.9995556736726026,0.9462113610571582,0.9996011365471529,30503.789307424224,811.2385997616861,0.006,0.9174619188962402,1.085626572561968
AB_N30,9,8,5000,0.9442869978735533,0.9994173696171926,0.9450057154387668,0.9994475299680837,30539.458324231124,815.2027781428365,0.0056,0.8955541441938016,1.085517558946665
AB_N30,9,9,5000,0.9433071273405884,0.9998858977230174,0.9453647698648273,0.9998745310080119,30482.18058430968,839.3364364820719,0.0054,0.9023558918496006,1.07231387242924
AB_N30,10,0,5000,0.9454029873442658,0.9995775936305399,0.9489122619436575,0.9996175832418838,53621.53498287519,817.1195747361342,0.006,1.0761342919316887,1.0781814343495337
AB_N30,10,1,5000,0.9473406198734591,0.9995509560664668,0.9474297124841609,0.9995837791926715,53574.07932218772,803.3213522487126,0.0074,0.9371817507454256,1.0723176066398787
AB_N30,10,2,5000,0.9300772541429954,0.9995276521111615,0.9332360465501629,0.9995418374460278,53591.07466311336,800.4785480225937,0.0066,1.095529396203905,1.082102526543515
AB_N30,10,3,5000,0.9483656580002043,0.9997464246871087,0.950520656562081,0.9997259722536456,53718.371763223804,823.3729818316865,0.0052,0.9731592931131506,1.0909555690166521
AB_N30,10,4,5000,0.9426481680248809,0.999235313309764,0.9455662080537113,0.9992482246800554,53500.368677678605,810.270741161995,0.0068,0.8575386893235527,1.0827436867158347
AB_N30,10,5,5000,0.933648849107126,0.9998064524116332,0.9365951966982367,0.9998149944088189,53555.30581048107,809.0449690271623,0.0048,1.1545652795329848,1.0753901986931356
AB_N30,10,6,5000,0.9512523811591268,0.9998327320399328,0.954395984036009,0.9998093321330435,53560.847811264466,822.9006591335605,0.0062,1.0349523738516593,1.0833424948824366
AB_N30,10,7,5000,0.941015353803512,0.999230191367228,0.9434115572614691,0.999278984342972,53628.135844253775,799.7813863059002,0.0066,0.9162352886152229,1.091060877971368
AB_N30,10,8,5000,0.9372733026066263,0.9993810625783619,0.9402673532129082,0.9993444761432834,53635.58532285735,800.548005295248,0.0076,0.8504358927318851,1.063763695459174
AB_N30,10,9,5000,0.9435328561856795,0.9996532857494217,0.9442398039134221,0.9996452534073088,53519.8765225071,832.6047371358877,0.0064,0.85536301973799,1.0795295290272076
AB_N30,12,0,5000,0.9586026698718262,0.9995835352786369,0.9599138247231557,0.9995428245384981,172118.96753523973,826.4692711658364,0.0068,0.8286089489557631,1.0891407262061037
AB_N30,12,1,5000,0.9401903949086537,0.9999217131953171,0.9414935874380332,0.9999317282617549,172374.82092483723,811.0125739464946,0.0064,1.0941773392165426,1.0913598680017282
AB_N30,12,2,5000,0.9445165956828784,0.9993986952562112,0.9484274545439448,0.9994351832086736,172720.69153281974,809.9647859961768,0.0072,1.0123785432293035,1.0827285578736792
AB_N30,12,3,5000,0.9480496098439478,0.9996152051605511,0.9504411103769472,0.9996571193041248,172318.42326855808,812.3716841764386,0.0068,0.9945518378666942,1.073788615644869
AB_N30,12,4,5000,0.9301122775525763,0.9998595378250176,0.9349996023362336,0.9997943015898069,172533.89805606107,806.8817001107848,0.0082,1.129412928938375,1.102721454015411
AB_N30,12,5,5000,0.9428930326377203,0.9996292059124967,0.9470759555947387,0.9995956541306661,172055.4708551023,803.3313958995461,0.0088,1.096104598312193,1.092139001730781
AB_N30,12,6,5000,0.9479303908396369,0.9993927954359256,0.9499206206268102,0.999420803263221,172473.23903395282,814.2357763975275,0.0072,0.9217681924747674,1.067741652302843
AB_N30,12,7,5000,0.9621499406084465,0.9994397262830667,0.9621558929073204,0.9995045391158721,172339.4776813816,825.1237505894987,0.01,1.0002023105712718,1.0788391885308295
AB_N30,12,8,5000,0.9355345364807238,0.9995226305708534,0.9374635636567601,0.9995378028133057,172667.45229264465,789.7385565865686,0.0082,1.148008630212808,1.0843923577473222
AB_N30,12,9,5000,0.9457579972766785,0.9999138359625671,0.9473476342382127,0.9999053283437701,172438.42565247507,813.7664297311803,0.0082,1.0176194197651018,1.093711634848675
AB_N30,14,0,5000,0.9444222133890648,0.9992112967376242,0.9447014011493602,0.9991775250002001,577325.6563398713,797.6508717184926,0.0064,0.9768137367938006,1.0847288422351191
AB_N30,14,1,5000,0.9491960255690264,0.9997834781867194,0.949297166999001,0.9997961059207542,575638.5774832062,809.7367469776101,0.007,1.0724686009224682,1.09424050476765
AB_N30,14,2,5000,0.9430370417521211,0.999366780055091,0.9434695471393753,0.9993435751343117,576852.6823228837,801.4567948473956,0.0056,1.026560524113888,1.0844684016347097
AB_N30,14,3,5000,0.9453687776119479,0.9999657851129095,0.9452875379658886,0.9999804327524456,576353.6675401579,816.4421835822009,0.0058,0.9507628206942482,1.0765400698241618
AB_N30,14,4,5000,0.9485881697285949,0.9998041042462594,0.9513670761321386,0.9997732647467923,575000.3385148535,830.5419813363271,0.0072,1.0576428420444053,1.0835383395262557
AB_N30,14,5,5000,0.9382281125842281,0.9998313424791655,0.9429603065786266,0.9998160701415564,576177.4231248896,810.3543994447703,0.0092,1.0793045991725416,1.089657202336735
AB_N30,14,6,5000,0.9593374473951051,0.9994589725980957,0.9627947026979309,0.9994172684775767,576623.7364782711,826.7731875581195,0.0054,0.9373539397055288,1.0611891192954868
AB_N30,14,7,5000,0.9445369196419483,0.9992055034299534,0.9445367400125624,0.9992990945930857,575436.6293657373,804.107436000069,0.0076,1.0576753284396976,1.0926886137059766
AB_N30,14,8,5000,0.9555367725525327,0.9997294799756223,0.9565353982509124,0.9997814254345531,576175.0590288437,835.1998538152503,0.006,0.8835822913035759,1.0822202806340429
AB_N30,14,9,5000,0.945234880000195,0.9993389521672803,0.9503608421344354,0.9993475193927044,576796.3177317573,812.5301924159407,0.0078,1.0723378778960069,1.08578931782248
AB_N30,16,0,5000,0.9348858155102743,0.9995131317151651,0.941604785945921,0.9995256727432694,1972350.029790981,815.2013438282592,0.006,0.9025172012557406,1.0838488212821196
AB_N30,16,1,5000,0.9297555496302413,0.9995969863896857,0.9377763491918906,0.9994749364899833,1972815.8174606506,794.0379754149552,0.0092,1.0350008311492576,1.0846435551342049
AB_N30,16,2,5000,0.9451159418783545,0.9991649606921081,0.9454509354793386,0.9992203755451808,1980024.3017479447,791.4871866576191,0.0054,0.926387251004656,1.0935116217211867
AB_N30,16,3,5000,0.9387239029578188,0.9998883479292957,0.9421593632304759,0.9998728501099441,1974325.8879155754,822.6589764641519,0.0066,0.9556485161257614,1.0806430255344142
AB_N30,16,4,5000,0.9466231354284127,0.999432726018847,0.9503837668382952,0.9994569040342023,1971654.5133488334,819.0890257449778,0.007,0.9317904147824804,1.0970525527901787
AB_N30,16,5,5000,0.9344650221022979,0.9997153277125044,0.9382162525635531,0.9997160502177114,1969967.3565941474,819.1002237247865,0.004,1.1566080773537901,1.0716211354345353
AB_N30,16,6,5000,0.9539636462504908,0.9994391319769445,0.9515331910457376,0.9995582276253479,1979257.7890826652,810.6905369481667,0.007,0.9572266521478332,1.0936655311694798
AB_N30,16,7,5000,0.9461185009083808,0.9994200937189338,0.9481429194847888,0.9995007920000882,1982737.8072136277,798.6944336803798,0.0076,1.0558016693379344,1.0817342869674569
AB_N30,16,8,5000,0.9488380321417239,0.9995228170229122,0.9508956665004074,0.9995554371943128,1973850.206062098,809.7919082041499,0.0076,1.152799505573044,1.0934340618320135
AB_N30,16,9,5000,0.9321119682502227,0.9989601754038097,0.9353491330869782,0.9989421516958717,1974276.6902542305,796.027072931673,0.0068,1.0234815782286049,1.080509007361442
AB_N30,18,0,5000,0.9470151822767147,0.9996725282410192,0.9485430278349666,0.9996784526451424,6899696.043178685,821.4182018906072,0.0086,0.9990006824485177,1.0735739044375532
AB_N30,18,1,5000,0.9282011432738356,0.999889154678274,0.9351329494235826,0.9998286366875321,6904687.61154665,814.137562775588,0.0074,1.0814076230725322,1.0876069406070545
AB_N30,18,2,5000,0.940718273551296,0.9995752434021627,0.9402988591270287,0.9996567572532422,6882203.83038578,805.5672236036888,0.005,1.0722701974202968,1.0754251431970945
AB_N30,18,3,5000,0.9513920014666247,0.9998031201920557,0.9548129782662454,0.9997554774294064,6877949.945657159,826.1275821906024,0.0052,1.1700566794843557,1.0823135778174193
AB_N30,18,4,5000,0.9367760182825388,0.9996491975909216,0.9390737553328345,0.9996796363978697,6870756.667871644,814.728065791066,0.0074,1.0850428067474858,1.1023406370432987
AB_N30,18,5,5000,0.9627254414329041,0.9986402168014008,0.9589840076800827,0.9987215105796595,6882531.964379019,808.3784582771867,0.005,0.9164292654785235,1.0855583258763513
AB_N30,18,6,5000,0.9423463112484357,0.9996914077336975,0.9485196261546486,0.999632432265435,6881676.687425786,822.4824334916736,0.0054,1.0448654868531309,1.0981148630415596
AB_N30,18,7,5000,0.9358043778526373,0.9998949260118223,0.9405153867656864,0.999861255277861,6880624.148642145,809.2430904699613,0.0056,0.9930415047901845,1.0878009379980111
AB_N30,18,8,5000,0.9282779070611726,0.9995795181432438,0.9325497147666907,0.9995176762518102,6902669.732548944,809.2501899649283,0.0068,0.9413431559660675,1.0782228411691341
AB_N30,18,9,5000,0.9440639268195938,0.9995719574576808,0.9468252764346824,0.9995141464348719,6888987.737820332,824.0139112540772,0.0078,0.863729650389931,1.0911566365683043
AB_N30,20,0,5000,0.9560566724784278,0.9993047773296566,0.9558822543405251,0.9992734131187471,24358721.058734164,832.3467064433938,0.008,1.059594659336809,1.0826715802160685
AB_N30,20,1,5000,0.949904100916093,0.9998414536127723,0.9502580821112768,0.9998619465089644,24339984.385054387,823.9508554099027,0.0088,0.9739842092127369,1.0864988444214316
AB_N30,20,2,5000,0.9447002075246093,0.999822300507363,0.945761604392166,0.9997946367501637,24429892.782395244,814.5702202934424,0.0064,0.9381394790413977,1.0857170322787788
AB_N30,20,3,5000,0.957101052836081,0.9997103687210626,0.9556907873229542,0.999693865336115,24420962.101026848,819.191041805431,0.0062,0.8413646616866494,1.0765136114294618
AB_N30,20,4,5000,0.9305667431979965,0.9996615682730708,0.9335889736358891,0.9996785092488575,24389165.720544335,794.9745938127066,0.0068,1.0670836222262814,1.0764926075499748
AB_N30,20,5,5000,0.9350660340293033,0.9995224296067087,0.9364842374846943,0.9994979112910254,24335929.8791055,802.1113575741953,0.0066,1.0054761156486816,1.0771155766913747
AB_N30,20,6,5000,0.9326357693048202,0.9997330257440249,0.934746051872355,0.9996979856719699,24296449.470678087,802.2861687574155,0.0086,0.8820487686542767,1.099633080440512
AB_N30,20,7,5000,0.948441045904173,0.9998164812935504,0.950554337985743,0.999808673862604,24369536.0053693,814.7316505674686,0.0044,1.2627731020158235,1.0866859781080265
AB_N30,20,8,5000,0.9469965757001342,0.9995979397158762,0.9489352152731985,0.9996397219860231,24368605.30888621,817.0647698588563,0.0052,1.0848058997718797,1.0684333655755822
AB_N30,20,9,5000,0.9428592013644007,0.9996978918594435,0.9433346847227331,0.9997175092825069,24407481.21095017,800.8900408650907,0.0052,0.9692468261663063,1.0891772109218876
Penrose_N24,0,0,5000,0.9410193618583163,0.9999691072027538,0.9410193618583163,0.9999691072027538,1024.0,815.3794373896542,0.0082,0.9879956066482015,1.1449875379486603
Penrose_N24,0,1,5000,0.9654148638015294,0.9999708436035839,0.9654148638015294,0.9999708436035839,1024.0,838.8258876936956,0.0062,1.1262201334563355,1.1466901382914163
Penrose_N24,0,2,5000,0.9619015690495779,0.9997012227596839,0.9619015690495779,0.9997012227596839,1024.0,833.9645395402318,0.0072,1.112527920758206,1.1209304761204673
Penrose_N24,0,3,5000,0.9759550618205443,0.9996207557438495,0.9759550618205443,0.9996207557438495,1024.0,840.3960806800702,0.0078,1.104632759439262,1.137449749282835
Penrose_N24,0,4,5000,0.9576417829925774,0.9996516213489495,0.9576417829925774,0.9996516213489495,1024.0,818.1643782494441,0.0066,1.1378195209054218,1.1268941540895323
Penrose_N24,0,5,5000,0.9544350706977324,0.9997752294748039,0.9544350706977324,0.9997752294748039,1024.0,825.255672231732,0.006,0.9567627168039575,1.1240206067934069
Penrose_N24,0,6,5000,0.9701293034396363,0.9999327029701295,0.9701293034396363,0.9999327029701295,1024.0,840.8309235458197,0.0056,1.0380230030435025,1.1327392990463958
Penrose_N24,0,7,5000,0.9635090787826595,0.999730756230822,0.9635090787826595,0.999730756230822,1024.0,843.3697947542034,0.0064,1.2167478786110506,1.1262318042246795
Penrose_N24,0,8,5000,0.9518959622127093,0.9999682869212646,0.9518959622127093,0.9999682869212646,1024.0,815.9756954209993,0.005,1.1443877677692322,1.1367614208413437
Penrose_N24,0,9,5000,0.9586569269706364,0.9995855952834312,0.9586569269706364,0.9995855952834312,1024.0,831.9165971103498,0.0056,1.223032651682315,1.1307804732405846
Penrose_N24,1,0,5000,0.9495052429531053,0.9996672628657096,0.9495371692585132,0.9996661974376911,1200.9480134270561,811.0958242818583,0.0062,1.0351095045766687,1.133952352765036
Penrose_N24,1,1,5000,0.9548895621658228,0.9998308803765168,0.9550083113990124,0.9998310398147799,1200.9933603557672,836.8027695649998,0.005,1.2464266487186881,1.1406267127566687
Penrose_N24,1,2,5000,0.9658284177290429,0.9997258157787992,0.9660781224163748,0.9997231311348777,1200.8913156946514,836.6836524626507,0.0068,1.1784024646608737,1.1305166410728387
Penrose_N24,1,3,5000,0.9618842148707815,0.9998146070820232,0.9618882753998003,0.9998131298695107,1201.0041436137724,825.9438850594455,0.0072,1.168265823329781,1.1238339471205745
Penrose_N24,1,4,5000,0.9524165458612226,0.9998685927057482,0.9525098097873624,0.9998658703793726,1200.8959030204985,825.4778034945992,0.0044,1.149601955548934,1.132871937680621
Penrose_N24,1,5,5000,0.9618633746316951,0.9992258412442654,0.9620112353350833,0.9992212704264635,1200.9816440029435,812.2544560578788,0.0056,1.053445928457555,1.1294203785731471
Penrose_N24,1,6,5000,0.9712552309545917,0.9997938514892551,0.9712098951147321,0.999794064749535,1200.8376883375536,837.4398768199677,0.0068,1.0029670896548104,1.122651919107
Penrose_N24,1,7,5000,0.9695231658618974,0.9999198971981924,0.969601161042697,0.9999188899365873,1201.1327342470001,847.0901492094624,0.0056,1.0581694676150888,1.1304170051264166
Penrose_N24,1,8,5000,0.9521497752538106,0.9999324298970675,0.9522422841008115,0.9999324887307279,1201.0176701180815,822.146083006688,0.0052,1.0512129640229448,1.134385127420457
Penrose_N24,1,9,5000,0.9651279364433777,0.9998643203481521,0.9651710199534779,0.9998641833598466,1200.8606589623114,836.2025082813526,0.008,0.9923663631864634,1.1271010545128046
Penrose_N24,2,0,5000,0.9585579230008524,0.9998644254061165,0.9586562641585838,0.999864281187994,1469.5470321323107,835.6197791191333,0.0064,1.0618714406963072,1.1195280032150727
Penrose_N24,2,1,5000,0.9424567764181797,0.9996969013414201,0.9429116136622693,0.9996988999088627,1469.1021113352551,816.7249892830425,0.0072,1.1222121873106188,1.1266025125254018
Penrose_N24,2,2,5000,0.9480915406440903,0.9997861354309073,0.9482492518090927,0.9997848811784558,1469.3555353677114,835.2271097048588,0.0066,0.9513497560748064,1.1357277403876282
Penrose_N24,2,3,5000,0.9501267374031341,0.9996623756513944,0.9501936566229946,0.999656646200909,1469.4641180585165,808.7854784530125,0.006,1.070702815954866,1.1369410276645415
Penrose_N24,2,4,5000,0.9545655689031886,0.9999837627289841,0.9547545177109212,0.9999833345820661,1469.1215607134282,825.9184856804964,0.0056,1.0120750555989992,1.1424642140236003
Penrose_N24,2,5,5000,0.9666092096485656,0.9999514380379727,0.9666495851418744,0.9999504858004233,1469.186628361566,851.7104838234281,0.0034,1.0179342329275098,1.128049965030882
Penrose_N24,2,6,5000,0.9568961110366548,0.9997690056451377,0.9569993535554279,0.9997684247199836,1469.4113817673876,833.6028196601708,0.0046,1.1438447428934668,1.1356238830556291
Penrose_N24,2,7,5000,0.9631730190365091,0.999869833796998,0.9631083024672917,0.9998687773283369,1469.0963268671837,822.7147872466311,0.006,1.14978228771281,1.1372701826238485
Penrose_N24,2,8,5000,0.9649459175583268,0.999813475369998,0.964983572581268,0.9998109114811623,1469.3655883730705,835.1512975542578,0.006,0.9494666530295859,1.1212821040682412
Penrose_N24,2,9,5000,0.9636883022542746,0.9998537738098857,0.9638059278663812,0.9998535138835137,1469.1059272446607,834.1320156961241,0.0078,1.2114529811410784,1.1207994902415794
Penrose_N24,3,0,5000,0.9560238930006184,0.9999040212959043,0.9566714850554736,0.999903995789974,1884.7793173515354,804.4617741703635,0.0054,1.0570533327484397,1.1249340895652133
Penrose_N24,3,1,5000,0.9673920512562323,0.9995125793005009,0.9681543721294344,0.9995016894101523,1883.4811293940638,823.7365651580021,0.0062,1.090250035652423,1.1438162744797267
Penrose_N24,3,2,5000,0.9667118441823718,0.9997436127732571,0.9668837271332137,0.9997444642917583,1884.80184161546,826.6907487369562,0.0062,0.8921133230957049,1.1280000792076192
Penrose_N24,3,3,5000,0.9657918236278243,0.9997812038274676,0.9660325529930364,0.9997834510368581,1884.0771928861827,841.0202718377551,0.0056,1.0475548951652667,1.1353227436288456
Penrose_N24,3,4,5000,0.9587833752123779,0.999686467016195,0.9590960671575015,0.9996795528911023,1883.9409704127781,812.8491947397679,0.0078,0.9694159011803684,1.1279311758671275
Penrose_N24,3,5,5000,0.9602419749888681,0.9994341868356215,0.9602479466174061,0.9994360295080302,1884.576879949394,831.6702297794318,0.0056,1.187764309071518,1.1242816046185278
Penrose_N24,3,6,5000,0.9492722443075401,0.9999140905757501,0.9493291457162346,0.9999156753657492,1884.3492850172177,831.9027817074151,0.0078,1.1595784175798012,1.1268261596459594
Penrose_N24,3,7,5000,0.9655522374128234,0.9995097195464137,0.9655360603754465,0.9995295401658479,1884.0208491370395,840.728930050242,0.0072,1.0821007109200687,1.131167330043207
Penrose_N24,3,8,5000,0.9487243813174575,0.9996592722575111,0.9486363942037833,0.9996623548702893,1885.6081126851366,811.5698405990382,0.0052,0.9931542928931582,1.136524906822918
Penrose_N24,3,9,5000,0.9681099910522789,0.999870905198602,0.9686784484125033,0.9998682645372887,1885.6887676962367,844.5948111274225,0.0056,0.9493530913608391,1.1434060606999246
Penrose_N24,4,0,5000,0.9662312625452931,0.9998554783531571,0.96685209561412,0.9998535373087442,2537.5976700771807,837.1155828672343,0.0068,1.0799869886765665,1.1261325335396264
Penrose_N24,4,1,5000,0.95937988561518,0.9999439811767248,0.9591287806550621,0.9999448718727099,2537.8089721102115,839.4121132931938,0.0082,1.1439534084824672,1.1182614323805105
Penrose_N24,4,2,5000,0.956247813116007,0.9995430933969889,0.9561517804657854,0.9995563807478705,2536.1880701449522,817.919223690242,0.0072,1.0497410183311395,1.133186797353612
Penrose_N24,4,3,5000,0.9689332407942554,0.9998694851003538,0.9690149831383507,0.9998738953522031,2536.970841063334,839.2133295544966,0.0076,1.1938753703837652,1.1377350439005476
Penrose_N24,4,4,5000,0.9532237674164009,0.9996535257754515,0.9530936119577026,0.9996622041756096,2537.4466463593167,813.2001401632697,0.006,1.01935780090482,1.138389924493654
Penrose_N24,4,5,5000,0.9498404715653552,0.9997696150265563,0.9504236692856848,0.999765697396073,2537.653623398882,818.5491899255059,0.0064,1.2530942566795114,1.1370000073590656
Penrose_N24,4,6,5000,0.9672173705671334,0.9999176520567162,0.9673038573263976,0.9999138863983933,2538.5137892233965,857.8429553118123,0.008,1.0709223154215777,1.1311705125218805
Penrose_N24,4,7,5000,0.9598815348121675,0.9999177159253395,0.9599266395221191,0.9999080168584509,2537.140357372625,833.9119237534652,0.007,1.1358082047248048,1.1389495436767356
Penrose_N24,4,8,5000,0.9708649992197577,0.9996210919592103,0.9707314572691598,0.999629576782794,2538.8056667705896,833.3885287224381,0.0076,1.0960879768048206,1.13510493594948
Penrose_N24,4,9,5000,0.9612736774161673,0.9997595250084459,0.9616227404893183,0.9997586204613487,2537.5276287859997,820.6612166420724,0.0078,0.9047967467875168,1.1301570306711102
Penrose_N24,5,0,5000,0.9432526761036855,0.9997955361292665,0.9437797159230578,0.9998021515773573,3582.821871468271,817.8330842967026,0.0074,1.0033510547711084,1.1319461875694694
Penrose_N24,5,1,5000,0.9563525129096707,0.999634559197116,0.957407902844784,0.999612888127179,3580.7849630790965,830.8434601452255,0.007,0.9982411293969988,1.1325972901970476
Penrose_N24,5,2,5000,0.9657500323786774,0.9999293754983756,0.9648701363797473,0.9999324745136989,3581.613814815686,837.0539139835627,0.006,1.1389698514922069,1.1275900223467163
Penrose_N24,5,3,5000,0.9684056248532931,0.9999391890419215,0.9690515416958031,0.9999435632968298,3582.9627628284743,864.2476492380883,0.0072,1.04654454523787,1.1360839971692687
Penrose_N24,5,4,5000,0.9561473794291191,0.9998767251513493,0.9576651348083874,0.9998686257576167,3582.062570617952,828.1622167276595,0.0092,1.0032748724279135,1.1387748428273765
Penrose_N24,5,5,5000,0.9678429107483112,0.9997766406829656,0.9681754302260637,0.999778199324689,3581.4397754689635,839.8044751246103,0.0064,1.248534943109291,1.131522801885391
Penrose_N24,5,6,5000,0.9661814632000583,0.9997645463783229,0.9665336648972953,0.9997621217450194,3583.9394942274853,853.4440696842346,0.006,1.115105819639702,1.119253060641721
Penrose_N24,5,7,5000,0.9577489376501161,0.9998302961068132,0.9589304143205519,0.9998197209061447,3584.910238175875,819.2277745786741,0.0066,0.9175031540624297,1.1157041225723903
Penrose_N24,5,8,5000,0.9620824439966551,0.999829087373615,0.9635388591210945,0.9998191209336514,3582.7363841704987,827.0881004277202,0.007,1.0381985435907053,1.125883823919273
Penrose_N24,5,9,5000,0.9658843973726786,0.9998625772473327,0.9656681989496876,0.9998599993193138,3582.9488669014854,835.3069461567372,0.0064,1.075698424593966,1.1300057144693512
Penrose_N24,6,0,5000,0.9586346199337082,0.9997287754423245,0.9598631500639508,0.9997212102981771,5282.63826780213,838.3653556629785,0.0044,0.972417594029158,1.131796209570229
Penrose_N24,6,1,5000,0.9460169160103841,0.9998785119470177,0.9463501841707715,0.9998820161663587,5274.5342786243955,811.6202055361447,0.0066,1.0572292008300772,1.1455814259330892
Penrose_N24,6,2,5000,0.9684957028358379,0.9998993619351635,0.96887243006195,0.9998952148608049,5272.559780117236,855.0485252870172,0.0072,0.9889956112626872,1.1304660028610416
Penrose_N24,6,3,5000,0.9482126762552376,0.9998413040889638,0.9481684753023784,0.9998458364258587,5277.954216751519,806.2457987302386,0.0058,1.1405264019532684,1.1320920567708759
Penrose_N24,6,4,5000,0.9550681977730038,0.9997529177395161,0.9555287357152371,0.9997479710800563,5273.805064500679,817.771933136515,0.005,1.008259401572845,1.118758640056355
Penrose_N24,6,5,5000,0.9597252768620754,0.9998374635025731,0.9611600138797066,0.9998282352724183,5282.397453988929,829.2226412315046,0.0064,1.058011991992423,1.1407382696432922
Penrose_N24,6,6,5000,0.9555021537321943,0.9996443258671465,0.9558662945992076,0.9996509445768631,5276.9214586025855,802.381213706431,0.0044,1.135018957353093,1.1290230843222624
Penrose_N24,6,7,5000,0.9625529080631505,0.9992910435605626,0.9627638772007475,0.99926317492619,5273.789680394046,822.3169824588772,0.0082,0.9997403693536285,1.1274290674802403
Penrose_N24,6,8,5000,0.9611107532787163,0.9997185581247713,0.9624699136721464,0.9997017097695712,5276.129007163523,831.0872815781182,0.0048,1.1353304838858318,1.1370205399089588
Penrose_N24,6,9,5000,0.9533790489665519,0.9995863211930007,0.9535320234175664,0.9995937511047441,5276.456389501826,825.659138009739,0.0076,0.9675506869341095,1.1352775090176759
Penrose_N24,7,0,5000,0.9655549724362961,0.9993019482759682,0.9661712354664744,0.9992726598835295,8053.151129898106,816.1393673196534,0.0058,1.3094248830973185,1.135156709381426
Penrose_N24,7,1,5000,0.9670916250856075,0.9998626514384886,0.9669940741837679,0.9998439076391431,8054.618730159226,836.7918348125492,0.007,0.8850053270022117,1.1374674950958574
Penrose_N24,7,2,5000,0.9600529532009455,0.9997616093801489,0.9619552544636824,0.9997366942675692,8049.6744787050575,825.9980287102143,0.0058,1.0733029012501754,1.1176172699728282
Penrose_N24,7,3,5000,0.9517432247875267,0.9998962734690027,0.952836957122783,0.9998821557919576,8051.285937522265,823.0383215244727,0.006,1.120604117380534,1.1285916706600205
Penrose_N24,7,4,5000,0.9475155693894612,0.9996501994335437,0.9478429945152652,0.9996401690524013,8049.907679465464,810.0911004724139,0.0066,1.122578279798348,1.1281429012707478
Penrose_N24,7,5,5000,0.961977004435598,0.9999540892873955,0.9635400385631618,0.9999563768463557,8056.312724835974,828.5227631561646,0.0062,1.1172680511529822,1.1371984607844328
Penrose_N24,7,6,5000,0.9490632927172377,0.9996535852464572,0.9507164077569741,0.9996297387554931,8055.025895529161,823.5586109827295,0.0058,1.077615040042896,1.1300472784419533
Penrose_N24,7,7,5000,0.9600018691870127,0.9996959229331956,0.9617289098641667,0.9997055093747304,8046.800199225664,822.9621280290307,0.0078,1.1109581324989681,1.1418940177941632
Penrose_N24,7,8,5000,0.9650687800649884,0.9999155336734403,0.9645827780858623,0.9999216456102004,8039.8471060732245,848.8882347596672,0.0056,1.0791823789716861,1.1337426520396485
Penrose_N24,7,9,5000,0.9557872957347078,0.9994421000655771,0.9586640430365369,0.999414648275172,8048.47894772563,824.2661362716789,0.0042,1.4044169679897058,1.1353164090202648
Penrose_N24,8,0,5000,0.9581699939965251,0.9997692821169232,0.9590731781329547,0.9997495246199877,12642.999687904963,837.7303464714445,0.007,1.1884403622242317,1.1310566172172698
Penrose_N24,8,1,5000,0.9572592989595125,0.9997573385424774,0.9560354018531474,0.9997700329618341,12648.521193786817,807.8099418718443,0.0048,0.8818978507808023,1.123701783870567
Penrose_N24,8,2,5000,0.9535573595867507,0.999782473072918,0.9529264496851712,0.9997795430115798,12656.480609327476,823.1374317384889,0.0066,1.0686615145801663,1.1345387898001578
Penrose_N24,8,3,5000,0.9681818242263838,0.9998730912117395,0.9689059582619102,0.9998701885480186,12658.73396657076,834.5229493529521,0.0064,1.1497828577433902,1.1166644053982113
Penrose_N24,8,4,5000,0.9654257342248653,0.9998317806867587,0.9652958819647877,0.9998608004843691,12654.043812625752,839.6485878229973,0.006,0.9810643814963502,1.1329886960031066
Penrose_N24,8,5,5000,0.9537676513644132,0.9996648467414151,0.9535452885769764,0.9996890329594421,12641.602764564013,807.317128806863,0.0062,1.1031259090713021,1.1333147188985941
Penrose_N24,8,6,5000,0.9589525531787881,0.9997035907805802,0.9602938874148611,0.9996917655569765,12663.039096047538,833.9521565692577,0.0056,0.9478728565770032,1.1298443066499797
Penrose_N24,8,7,5000,0.9559866162051811,0.9997559320070352,0.9554752083182058,0.9997688924129973,12648.748914331372,830.4925068283154,0.0038,1.0658394199595418,1.142907069034477
Penrose_N24,8,8,5000,0.9584203601825643,0.9999054251579556,0.9576624330371662,0.999906688080238,12660.246382688581,838.7813736063598,0.0072,0.9365238321533922,1.1214580583523437
Penrose_N24,8,9,5000,0.9596262935213398,0.9996713323285961,0.9589425596743077,0.9996773807475517,12672.552961723688,829.3670685477193,0.0058,1.188180402349236,1.1144439038107203
Penrose_N24,9,0,5000,0.9557178001252373,0.9998596273467425,0.9579942649034888,0.9998427298320478,20358.587783519797,829.230934032583,0.0058,1.3043296117804823,1.1359627236204228
Penrose_N24,9,1,5000,0.9616746505129999,0.999928186541345,0.9622103047483173,0.9999318309388058,20352.92486699158,837.9810692198034,0.0058,1.1801044319075438,1.1423845957366836
Penrose_N24,9,2,5000,0.9651663060447707,0.9995923872842949,0.9643742390059588,0.9996319076852458,20333.385594604777,832.9741744005532,0.0048,1.054791399107524,1.1347023005844814
Penrose_N24,9,3,5000,0.949365517676634,0.9998829525613021,0.949384234213723,0.999878982532184,20335.850093121004,824.2268683929581,0.0064,0.9113290953951385,1.131282799020028
Penrose_N24,9,4,5000,0.9663126333836947,0.9996721148143033,0.965568430829096,0.9996962949138101,20322.02368094025,831.3853627590892,0.0054,0.9753349806542888,1.1102773557433705
Penrose_N24,9,5,5000,0.9634942037465498,0.9999610279283466,0.9636373492232655,0.9999665176999858,20340.772192603596,837.0807638282134,0.0062,1.027151777168941,1.127691656647315
Penrose_N24,9,6,5000,0.950716949733243,0.9997977615153495,0.952050384152478,0.999792067668799,20309.4889736022,823.8041235905766,0.0074,1.1661047229395363,1.1171717548252695
Penrose_N24,9,7,5000,0.9430587658319732,0.9995808707861475,0.9463688712007855,0.9995291633061422,20343.867300871065,811.8071299106291,0.0064,1.042225954427924,1.134749700637542
Penrose_N24,9,8,5000,0.9516940181131633,0.999942806863587,0.9540338781168832,0.9999307421743883,20350.87972433343,834.4523574836105,0.0064,1.048229516650186,1.1369487954322743
Penrose_N24,9,9,5000,0.9428356282266437,0.9996365987397027,0.9465607921739153,0.9996054984586408,20396.72964437381,815.04309297105,0.0044,1.1577960538246297,1.1309576656645732
Penrose_N24,10,0,5000,0.9498417646602979,0.9997411730709942,0.9520680898766652,0.9997300995826871,33284.29329342123,838.643082047574,0.0046,1.2158196769335234,1.1266123574162583
Penrose_N24,10,1,5000,0.9542140270473536,0.9998434601656255,0.9557179626733924,0.9998416416767377,33301.28151794877,833.3074476881413,0.0072,0.8555627366237237,1.139326524346042
Penrose_N24,10,2,5000,0.9590482454444132,0.9998119980398866,0.960123727186754,0.9997937144297452,33289.24541171173,832.8052674389187,0.0066,0.9197342588468096,1.1244860020448137
Penrose_N24,10,3,5000,0.9506202604706321,0.9994998930525575,0.9508914039213123,0.9995376549054937,33329.02567031961,804.1823799071346,0.007,1.0859873878174109,1.1406580672644528
Penrose_N24,10,4,5000,0.9525029026661065,0.9998491907279067,0.9521756958706573,0.9998713772743376,33272.10013905237,828.6801448849475,0.0048,1.1681238172525852,1.129276676854645
Penrose_N24,10,5,5000,0.9525046560839331,0.9998665162516908,0.9530902715474071,0.9998775281147257,33268.23555301038,827.3993350162292,0.0052,0.8478674412523238,1.1328560209841507
Penrose_N24,10,6,5000,0.9592943139820872,0.9999595917316046,0.9579400046309068,0.9999689865427991,33353.354173416745,830.6490672708403,0.0084,1.0010903699124394,1.122479791113384
Penrose_N24,10,7,5000,0.9619320923483057,0.9998862031732318,0.9636193322835607,0.9998827330992254,33276.5707854506,841.7803217384749,0.0084,1.0713314198928272,1.14316801427193
Penrose_N24,10,8,5000,0.9541625017297126,0.9997008653424461,0.9548727143546519,0.9997247405178313,33282.62701765124,825.2182600810453,0.007,1.0541281583341402,1.129391151543843
Penrose_N24,10,9,5000,0.9498126754985616,0.9997922058097906,0.9517462606363275,0.9998005394150073,33280.57351396866,816.4934124326859,0.0054,1.0432998350044818,1.12754218909409
Penrose_N24,12,0,5000,0.9562943144883852,0.9999540493903188,0.9576008181254778,0.9999608857900724,92665.82619770453,832.8604435215315,0.0048,1.0487603364996434,1.1327365281723614
Penrose_N24,12,1,5000,0.9575297157153971,0.999800498256535,0.961340145999585,0.9997728524590794,92750.40738428372,833.0633636387894,0.0062,0.946390372806615,1.127340428592726
Penrose_N24,12,2,5000,0.9602742928796906,0.999937309368208,0.9621828276725758,0.9999392369421268,92709.6807991109,824.1017804702483,0.0072,1.1395621451272382,1.1205457729879156
Penrose_N24,12,3,5000,0.9676487223921095,0.999920413642128,0.9671736878371566,0.9999229708525921,92523.85185242565,834.6803241933651,0.0066,1.0359479275538228,1.120071344549903
Penrose_N24,12,4,5000,0.9644285025714633,0.9998810807582045,0.9668382029673311,0.9998600119822818,92375.32916080089,826.8475262083692,0.0088,1.032124546186927,1.1232420473629559
Penrose_N24,12,5,5000,0.9429865279716566,0.9999706008383902,0.9437152493197164,0.9999698204399178,92690.34506953393,823.5203903175737,0.0066,1.0413911876754118,1.1277017219561927
Penrose_N24,12,6,5000,0.9626042582406503,0.9997307664311301,0.962579712275452,0.9997533604462631,92624.1903434357,820.4590948985618,0.007,0.9952384425857294,1.130000741169538
Penrose_N24,12,7,5000,0.963592508165537,0.9997676534257613,0.9671398249503954,0.999778587975418,92645.71393003824,834.1803753709463,0.0068,0.9800119276406655,1.140334049274442
Penrose_N24,12,8,5000,0.9472924933286332,0.9997464776008093,0.9492392902600695,0.9997233032868642,92516.97781365919,831.817517702111,0.0054,1.0278108359321059,1.1416237545903372
Penrose_N24,12,9,5000,0.9528613805342848,0.9996992978307456,0.9541010171266485,0.9997047146317121,92670.4593903183,823.8839701830115,0.0056,0.9441424472962403,1.127125899806251
Penrose_N24,14,0,5000,0.9641397200554306,0.9998842952501001,0.9640360557670822,0.9999096389239074,266297.30283316376,830.5508950616723,0.0054,0.9643510750722613,1.1344510850278888
Penrose_N24,14,1,5000,0.9643572886862207,0.9996943875460177,0.963576364214768,0.9997010652239822,266241.3564874558,828.023764872902,0.0074,1.0818039091203844,1.124427967512713
Penrose_N24,14,2,5000,0.9534098374289749,0.9995640985874636,0.9518163941741424,0.9996448922324309,266431.95147176797,812.7839481472632,0.0068,1.1955539913406958,1.1301275284738035
Penrose_N24,14,3,5000,0.9523641373438537,0.9998377230976084,0.952680629824727,0.999867471834079,266638.18458199676,817.6761593010885,0.0058,1.1500424324815461,1.1283809239548686
Penrose_N24,14,4,5000,0.9599736138728391,0.9995455428349633,0.9625382451977674,0.9995645652489689,266369.7342817298,820.5555500055879,0.0052,1.0656761985293328,1.1476460725890565
Penrose_N24,14,5,5000,0.9522365079539861,0.9998127495767442,0.953889467625277,0.9998014075864954,266477.70280441694,826.5015728915332,0.006,0.9678945482986799,1.134525610585342
Penrose_N24,14,6,5000,0.9613539987941939,0.9993300814159184,0.962631858491582,0.9993118922599393,266955.87672824925,849.4913262279196,0.0052,1.2262750640862996,1.1378255200805714
Penrose_N24,14,7,5000,0.9608168957336765,0.999681011506649,0.9638428717416408,0.9996785308680275,266175.2688706878,828.7903718172289,0.0056,1.1457796482024474,1.1388900041736276
Penrose_N24,14,8,5000,0.9617950556680033,0.9998971412520181,0.9632857836366064,0.9998962856135303,266661.3980978264,815.4530626959004,0.0086,0.9995054318839496,1.1315662075534099
Penrose_N24,14,9,5000,0.9719112078630318,0.9998791543131449,0.9708996091400388,0.999894926479978,266962.42095430766,841.0679226874147,0.0082,0.9680021959702537,1.134445144422519
Penrose_N24,16,0,5000,0.953129792995068,0.9996977892444762,0.9590802993243819,0.9996398821382138,785319.9410039458,822.653893440526,0.0082,1.2026137496895828,1.135678899501976
Penrose_N24,16,1,5000,0.9481090214367759,0.9997091237818126,0.9471549902721653,0.9997354584197863,785793.1196290466,804.7587090693319,0.007,1.0478743893867801,1.136053715851107
Penrose_N24,16,2,5000,0.9560166202618926,0.9997961256100377,0.9567654579570817,0.9998182903434724,785188.0471418131,840.0401936158122,0.0054,1.0322921302266024,1.1276210339060782
Penrose_N24,16,3,5000,0.9516687865452793,0.9996914837477032,0.9504100848138889,0.9997095605439404,785196.879415532,819.9638175911084,0.0054,1.1316710605701568,1.119718763955893
Penrose_N24,16,4,5000,0.9673989717056274,0.999581460121425,0.9663711280297288,0.9996145041437013,782947.6423576644,839.9305683095105,0.0072,0.941053945995032,1.1318636681000425
Penrose_N24,16,5,5000,0.9580940290073796,0.9997654317914183,0.9585475591183794,0.99976836836549,783965.2591163006,826.4916063283277,0.006,1.0021548028342624,1.132022934652664
Penrose_N24,16,6,5000,0.963185366925529,0.9998744780042962,0.9615122470077234,0.9999133193279004,785854.5870964878,848.8806544198181,0.0054,0.9905997375106665,1.1414236742950608
Penrose_N24,16,7,5000,0.9589474844513896,0.9999698275302349,0.9618830820454634,0.9999667860936735,783107.6883751667,842.6457294505769,0.0078,1.086444132160846,1.1225318231379304
Penrose_N24,16,8,5000,0.9662784226195781,0.9997619293640048,0.9674557366519801,0.9997818374348993,784134.2169099161,831.9285902219655,0.007,1.19467956109679,1.1417848168529867
Penrose_N24,16,9,5000,0.9562689050185893,0.9999829382632127,0.9581364221665079,0.9999848443677699,782324.0063000822,822.7362731593156,0.0046,1.0487929134736098,1.1377480324438711
Penrose_N24,18,0,5000,0.9552033313020662,0.9997112001653867,0.9573692846744611,0.9997540776427564,2354124.423010605,844.9921097212207,0.0048,1.1267306711007012,1.1292764980522616
Penrose_N24,18,1,5000,0.9403202965212331,0.99951678708625,0.9429237244593085,0.9994436757323407,2343662.2223598557,800.3710759175824,0.0058,1.1119578993793882,1.1146329260496357
Penrose_N24,18,2,5000,0.9569948321693487,0.9999354470915615,0.9600137547093385,0.9999365640015708,2349623.9310329477,830.5652796587744,0.0074,1.077058760351561,1.137471134493931
Penrose_N24,18,3,5000,0.9633425693186505,0.999697482613406,0.9661196100589227,0.9996484317438962,2343197.1029619277,821.7409493498357,0.0066,1.060394396584641,1.1330060162147493
Penrose_N24,18,4,5000,0.9711079819100608,0.9997454739394442,0.9707711432713144,0.9997565991731084,2349207.9922154993,834.8562311551044,0.0054,1.181713320180174,1.131107189550329
Penrose_N24,18,5,5000,0.9324036674731597,0.9999796092307981,0.9347716977473312,0.9999751482590765,2342841.2810697732,810.1836388609493,0.0052,1.023269020643683,1.1429317642617245
Penrose_N24,18,6,5000,0.9656641794290507,0.999885463650561,0.9660307111207275,0.9998931742726621,2350177.097901678,829.5253728782778,0.0078,1.0109039521792031,1.1315170055427421
Penrose_N24,18,7,5000,0.9663159923887779,0.9998796052125338,0.9661095356012948,0.9998748288509224,2343374.0745961857,835.2466179087803,0.0064,0.8837334037108635,1.1383531127904403
Penrose_N24,18,8,5000,0.9562056444047156,0.9998857751982604,0.9554327124546963,0.9999088767647104,2347253.4497982636,831.6064261432748,0.0072,1.0508744626551134,1.1205129037347703
Penrose_N24,18,9,5000,0.9576188076277163,0.999873894795416,0.9590190090337962,0.9998439375308127,2343047.164032736,821.9575055352037,0.0068,0.9142263230576935,1.130601147780646
Penrose_N24,20,0,5000,0.9465734752492431,0.9998652495768093,0.9475681463214053,0.999903021062372,7104690.781437972,826.9990485729153,0.0062,1.14420518235158,1.1358575630577035
Penrose_N24,20,1,5000,0.9720569271946469,0.9998527495486246,0.9703319353148702,0.9998488248252072,7094235.82626995,846.6355689601821,0.0056,0.8641379809784685,1.133405764735134
Penrose_N24,20,2,5000,0.9682136995357739,0.9995994520221145,0.9713650706650399,0.9996249849903619,7094976.239921369,817.5524411937993,0.007,0.9009678711937933,1.1321728666687678
Penrose_N24,20,3,5000,0.9567358699991337,0.9998862099338389,0.9546621135210284,0.999929898005659,7108130.423527603,844.5299629087561,0.0042,0.95450254631248,1.1357717687628255
Penrose_N24,20,4,5000,0.9701852787553416,0.9998803979012376,0.9702002697194682,0.9999048964240852,7091339.658561032,850.6949436061561,0.007,1.0785640011126234,1.1303283557935804
Penrose_N24,20,5,5000,0.9617539547627311,0.999523340866838,0.962774822282452,0.9995389293904178,7067747.409041708,819.7580269638876,0.0072,1.0280432937074573,1.1368663653208242
Penrose_N24,20,6,5000,0.9497554888835987,0.9994834189487595,0.9483739093069041,0.9995659024385005,7089035.050714398,822.4406746388197,0.0064,1.0146987704078778,1.13839733426286
Penrose_N24,20,7,5000,0.9650835653028648,0.9998970311419898,0.9671776208874885,0.9999057768175732,7098026.822610819,850.3460083231894,0.0072,1.0606980299374795,1.1406891391862763
Penrose_N24,20,8,5000,0.962836025392831,0.9996318732006583,0.9628753304310793,0.999615023581754,7090466.165578417,829.8818858699334,0.0064,0.9990194360097531,1.1233403812365697
Penrose_N24,20,9,5000,0.9636474048679333,0.9997069029518656,0.9648454490176122,0.9996800420266279,7099514.610376191,838.3349117017024,0.0074,1.0724910302881308,1.1409347471865514
