model,checkpoint,reader,auc,paired_frac,tie_frac,bal_acc,signed_sep
Fixed,0,presence,0.5000,0.5000,1.0000,0.5000,0.000000
Fixed,0,original_B0,0.5000,0.5000,1.0000,0.5000,0.000000
Fixed,0,added_D0,0.5000,0.5000,1.0000,0.5000,0.000000
Fixed,0,full_M0,0.5000,0.5000,1.0000,0.5000,0.000000
Fixed,0,departure_R0,0.5000,0.5000,1.0000,0.5000,0.000000
Fixed,0,original_B1,0.5000,0.5000,1.0000,0.5000,0.000000
Fixed,0,added_D1,0.5000,0.5000,1.0000,0.5000,0.000000
Fixed,0,full_M1,0.5000,0.5000,1.0000,0.5000,0.000000
Fixed,0,departure_R1,0.5000,0.5000,1.0000,0.5000,0.000000
Fixed,100,presence,0.5000,0.5000,1.0000,0.5000,0.000000
Fixed,100,original_B0,0.5000,0.5000,1.0000,0.5000,0.000000
Fixed,100,added_D0,0.5000,0.5000,1.0000,0.5000,0.000000
Fixed,100,full_M0,0.5000,0.5000,1.0000,0.5000,0.000000
Fixed,100,departure_R0,0.5000,0.5000,1.0000,0.5000,0.000000
Fixed,100,original_B1,0.5000,0.5000,1.0000,0.5000,0.000000
Fixed,100,added_D1,0.5000,0.5000,1.0000,0.5000,0.000000
Fixed,100,full_M1,0.5000,0.5000,1.0000,0.5000,0.000000
Fixed,100,departure_R1,0.5000,0.5000,1.0000,0.5000,0.000000
Fixed,200,presence,0.5000,0.5000,1.0000,0.5000,0.000000
Fixed,200,original_B0,0.5000,0.5000,1.0000,0.5000,0.000000
Fixed,200,added_D0,0.5000,0.5000,1.0000,0.5000,0.000000
Fixed,200,full_M0,0.5000,0.5000,1.0000,0.5000,0.000000
Fixed,200,departure_R0,0.5000,0.5000,1.0000,0.5000,0.000000
Fixed,200,original_B1,0.5000,0.5000,1.0000,0.5000,0.000000
Fixed,200,added_D1,0.5000,0.5000,1.0000,0.5000,0.000000
Fixed,200,full_M1,0.5000,0.5000,1.0000,0.5000,0.000000
Fixed,200,departure_R1,0.5000,0.5000,1.0000,0.5000,0.000000
Fixed,400,presence,0.5000,0.5000,1.0000,0.5000,0.000000
Fixed,400,original_B0,0.5000,0.5000,1.0000,0.5000,0.000000
Fixed,400,added_D0,0.5000,0.5000,1.0000,0.5000,0.000000
Fixed,400,full_M0,0.5000,0.5000,1.0000,0.5000,0.000000
Fixed,400,departure_R0,0.5000,0.5000,1.0000,0.5000,0.000000
Fixed,400,original_B1,0.5000,0.5000,1.0000,0.5000,0.000000
Fixed,400,added_D1,0.5000,0.5000,1.0000,0.5000,0.000000
Fixed,400,full_M1,0.5000,0.5000,1.0000,0.5000,0.000000
Fixed,400,departure_R1,0.5000,0.5000,1.0000,0.5000,0.000000
Fixed,1000,presence,0.5000,0.5000,1.0000,0.5000,0.000000
Fixed,1000,original_B0,0.5000,0.5000,1.0000,0.5000,0.000000
Fixed,1000,added_D0,0.5000,0.5000,1.0000,0.5000,0.000000
Fixed,1000,full_M0,0.5000,0.5000,1.0000,0.5000,0.000000
Fixed,1000,departure_R0,0.5000,0.5000,1.0000,0.5000,0.000000
Fixed,1000,original_B1,0.5000,0.5000,1.0000,0.5000,0.000000
Fixed,1000,added_D1,0.5000,0.5000,1.0000,0.5000,0.000000
Fixed,1000,full_M1,0.5000,0.5000,1.0000,0.5000,0.000000
Fixed,1000,departure_R1,0.5000,0.5000,1.0000,0.5000,0.000000
Fixed,2000,presence,0.5000,0.5000,1.0000,0.5000,0.000000
Fixed,2000,original_B0,0.5000,0.5000,1.0000,0.5000,0.000000
Fixed,2000,added_D0,0.5000,0.5000,1.0000,0.5000,0.000000
Fixed,2000,full_M0,0.5000,0.5000,1.0000,0.5000,0.000000
Fixed,2000,departure_R0,0.5000,0.5000,1.0000,0.5000,0.000000
Fixed,2000,original_B1,0.5000,0.5000,1.0000,0.5000,0.000000
Fixed,2000,added_D1,0.5000,0.5000,1.0000,0.5000,0.000000
Fixed,2000,full_M1,0.5000,0.5000,1.0000,0.5000,0.000000
Fixed,2000,departure_R1,0.5000,0.5000,1.0000,0.5000,0.000000
Fixed,5000,presence,0.5000,0.5000,1.0000,0.5000,0.000000
Fixed,5000,original_B0,0.5000,0.5000,1.0000,0.5000,0.000000
Fixed,5000,added_D0,0.5000,0.5000,1.0000,0.5000,0.000000
Fixed,5000,full_M0,0.5000,0.5000,1.0000,0.5000,0.000000
Fixed,5000,departure_R0,0.5000,0.5000,1.0000,0.5000,0.000000
Fixed,5000,original_B1,0.5000,0.5000,1.0000,0.5000,0.000000
Fixed,5000,added_D1,0.5000,0.5000,1.0000,0.5000,0.000000
Fixed,5000,full_M1,0.5000,0.5000,1.0000,0.5000,0.000000
Fixed,5000,departure_R1,0.5000,0.5000,1.0000,0.5000,0.000000
Fixed,10000,presence,0.5000,0.5000,1.0000,0.5000,0.000000
Fixed,10000,original_B0,0.5000,0.5000,1.0000,0.5000,0.000000
Fixed,10000,added_D0,0.5000,0.5000,1.0000,0.5000,0.000000
Fixed,10000,full_M0,0.5000,0.5000,1.0000,0.5000,0.000000
Fixed,10000,departure_R0,0.5000,0.5000,1.0000,0.5000,0.000000
Fixed,10000,original_B1,0.5000,0.5000,1.0000,0.5000,0.000000
Fixed,10000,added_D1,0.5000,0.5000,1.0000,0.5000,0.000000
Fixed,10000,full_M1,0.5000,0.5000,1.0000,0.5000,0.000000
Fixed,10000,departure_R1,0.5000,0.5000,1.0000,0.5000,0.000000
Reinforced,0,presence,0.5000,0.5000,1.0000,0.5000,0.000000
Reinforced,0,original_B0,1.0000,1.0000,0.0000,1.0000,140.000000
Reinforced,0,added_D0,0.5000,0.5000,1.0000,0.5000,0.000000
Reinforced,0,full_M0,1.0000,1.0000,0.0000,1.0000,140.000000
Reinforced,0,departure_R0,1.0000,1.0000,0.0000,1.0000,140.000000
Reinforced,0,original_B1,1.0000,1.0000,0.0000,1.0000,128.000000
Reinforced,0,added_D1,0.5000,0.5000,1.0000,0.5000,0.000000
Reinforced,0,full_M1,1.0000,1.0000,0.0000,1.0000,128.000000
Reinforced,0,departure_R1,1.0000,1.0000,0.0000,1.0000,128.000000
Reinforced,100,presence,0.5000,0.5000,1.0000,0.5000,0.000000
Reinforced,100,original_B0,0.9942,1.0000,0.0000,0.9500,137.360653
Reinforced,100,added_D0,0.5000,0.5000,1.0000,0.5000,0.000000
Reinforced,100,full_M0,0.9942,1.0000,0.0000,0.9500,137.360653
Reinforced,100,departure_R0,0.9942,1.0000,0.0000,0.9500,137.360653
Reinforced,100,original_B1,0.9878,1.0000,0.0000,0.9375,131.890000
Reinforced,100,added_D1,0.5000,0.5000,1.0000,0.5000,0.000000
Reinforced,100,full_M1,0.9878,1.0000,0.0000,0.9375,131.890000
Reinforced,100,departure_R1,0.9878,1.0000,0.0000,0.9375,131.890000
Reinforced,200,presence,0.5000,0.5000,1.0000,0.5000,0.000000
Reinforced,200,original_B0,0.9187,0.9550,0.0000,0.8125,122.012964
Reinforced,200,added_D0,0.5000,0.5000,1.0000,0.5000,0.000000
Reinforced,200,full_M0,0.9187,0.9550,0.0000,0.8125,122.012964
Reinforced,200,departure_R0,0.9187,0.9550,0.0000,0.8125,122.012964
Reinforced,200,original_B1,0.9040,0.9425,0.0050,0.7900,117.620000
Reinforced,200,added_D1,0.5000,0.5000,1.0000,0.5000,0.000000
Reinforced,200,full_M1,0.9040,0.9425,0.0050,0.7900,117.620000
Reinforced,200,departure_R1,0.9040,0.9425,0.0050,0.7900,117.620000
Reinforced,400,presence,0.5000,0.5000,1.0000,0.5000,0.000000
Reinforced,400,original_B0,0.7983,0.8350,0.0000,0.7125,97.320329
Reinforced,400,added_D0,0.5000,0.5000,1.0000,0.5000,0.000000
Reinforced,400,full_M0,0.7983,0.8350,0.0000,0.7125,97.320329
Reinforced,400,departure_R0,0.7983,0.8350,0.0000,0.7125,97.320329
Reinforced,400,original_B1,0.7844,0.8250,0.0100,0.7012,93.700000
Reinforced,400,added_D1,0.5000,0.5000,1.0000,0.5000,0.000000
Reinforced,400,full_M1,0.7844,0.8250,0.0100,0.7012,93.700000
Reinforced,400,departure_R1,0.7844,0.8250,0.0100,0.7012,93.700000
Reinforced,1000,presence,0.5000,0.5000,1.0000,0.5000,0.000000
Reinforced,1000,original_B0,0.6788,0.6950,0.0000,0.6200,59.134357
Reinforced,1000,added_D0,0.5000,0.5000,1.0000,0.5000,0.000000
Reinforced,1000,full_M0,0.6788,0.6950,0.0000,0.6200,59.134357
Reinforced,1000,departure_R0,0.6788,0.6950,0.0000,0.6200,59.134357
Reinforced,1000,original_B1,0.6729,0.6825,0.0050,0.6113,57.245000
Reinforced,1000,added_D1,0.5000,0.5000,1.0000,0.5000,0.000000
Reinforced,1000,full_M1,0.6729,0.6825,0.0050,0.6113,57.245000
Reinforced,1000,departure_R1,0.6729,0.6825,0.0050,0.6113,57.245000
Reinforced,2000,presence,0.5000,0.5000,1.0000,0.5000,0.000000
Reinforced,2000,original_B0,0.6433,0.6500,0.0000,0.6100,30.972111
Reinforced,2000,added_D0,0.5000,0.5000,1.0000,0.5000,0.000000
Reinforced,2000,full_M0,0.6433,0.6500,0.0000,0.6100,30.972111
Reinforced,2000,departure_R0,0.6433,0.6500,0.0000,0.6100,30.972111
Reinforced,2000,original_B1,0.6404,0.6475,0.0050,0.6038,29.880000
Reinforced,2000,added_D1,0.5000,0.5000,1.0000,0.5000,0.000000
Reinforced,2000,full_M1,0.6404,0.6475,0.0050,0.6038,29.880000
Reinforced,2000,departure_R1,0.6404,0.6475,0.0050,0.6038,29.880000
Reinforced,5000,presence,0.5000,0.5000,1.0000,0.5000,0.000000
Reinforced,5000,original_B0,0.6149,0.6350,0.0000,0.6125,3.420139
Reinforced,5000,added_D0,0.5000,0.5000,1.0000,0.5000,0.000000
Reinforced,5000,full_M0,0.6149,0.6350,0.0000,0.6125,3.420139
Reinforced,5000,departure_R0,0.6149,0.6350,0.0000,0.6125,3.420139
Reinforced,5000,original_B1,0.6080,0.6125,0.0650,0.5850,3.255000
Reinforced,5000,added_D1,0.5000,0.5000,1.0000,0.5000,0.000000
Reinforced,5000,full_M1,0.6080,0.6125,0.0650,0.5850,3.255000
Reinforced,5000,departure_R1,0.6080,0.6125,0.0650,0.5850,3.255000
Reinforced,10000,presence,0.5000,0.5000,1.0000,0.5000,0.000000
Reinforced,10000,original_B0,0.5622,0.5900,0.0000,0.5725,-0.047507
Reinforced,10000,added_D0,0.5000,0.5000,1.0000,0.5000,0.000000
Reinforced,10000,full_M0,0.5622,0.5900,0.0000,0.5725,-0.047507
Reinforced,10000,departure_R0,0.5622,0.5900,0.0000,0.5725,-0.047507
Reinforced,10000,original_B1,0.4975,0.4975,0.9450,0.4988,-0.045000
Reinforced,10000,added_D1,0.5000,0.5000,1.0000,0.5000,0.000000
Reinforced,10000,full_M1,0.4975,0.4975,0.9450,0.4988,-0.045000
Reinforced,10000,departure_R1,0.4975,0.4975,0.9450,0.4988,-0.045000
Growing,0,presence,1.0000,1.0000,0.0000,1.0000,28.000000
Growing,0,original_B0,1.0000,1.0000,0.0000,1.0000,140.000000
Growing,0,added_D0,1.0000,1.0000,0.0000,1.0000,28.000000
Growing,0,full_M0,1.0000,1.0000,0.0000,1.0000,168.000000
Growing,0,departure_R0,0.5000,0.5000,1.0000,0.5000,0.000000
Growing,0,original_B1,1.0000,1.0000,0.0000,1.0000,128.000000
Growing,0,added_D1,1.0000,1.0000,0.0000,1.0000,28.000000
Growing,0,full_M1,1.0000,1.0000,0.0000,1.0000,156.000000
Growing,0,departure_R1,0.0000,0.0000,0.0000,0.0000,-12.000000
Growing,100,presence,0.9513,0.9550,0.0000,0.8750,26.220000
Growing,100,original_B0,0.9992,1.0000,0.0000,0.9825,142.945135
Growing,100,added_D0,0.9022,0.9050,0.0000,0.8150,48.407716
Growing,100,full_M0,0.9900,0.9900,0.0000,0.9575,191.352851
Growing,100,departure_R0,0.8981,0.8950,0.0000,0.8125,34.032851
Growing,100,original_B1,0.9979,1.0000,0.0000,0.9738,138.735000
Growing,100,added_D1,0.9003,0.9025,0.0150,0.8100,49.775000
Growing,100,full_M1,0.9855,0.9900,0.0000,0.9450,188.510000
Growing,100,departure_R1,0.8845,0.8775,0.0050,0.7950,31.190000
Growing,200,presence,0.8888,0.8800,0.0100,0.8225,25.250000
Growing,200,original_B0,0.9862,0.9800,0.0000,0.9400,142.830970
Growing,200,added_D0,0.8567,0.8300,0.0000,0.7850,60.099688
Growing,200,full_M0,0.9535,0.9350,0.0000,0.8900,202.930658
Growing,200,departure_R0,0.9529,0.9450,0.0000,0.8950,51.430658
Growing,200,original_B1,0.9800,0.9600,0.0000,0.9325,140.070000
Growing,200,added_D1,0.8558,0.8350,0.0000,0.7837,61.795000
Growing,200,full_M1,0.9474,0.9275,0.0050,0.8850,201.865000
Growing,200,departure_R1,0.9463,0.9325,0.0050,0.8762,50.365000
Growing,400,presence,0.8338,0.8525,0.0150,0.7288,23.420000
Growing,400,original_B0,0.9547,0.9350,0.0000,0.8725,140.318720
Growing,400,added_D0,0.8306,0.8300,0.0000,0.7325,75.945418
Growing,400,full_M0,0.9076,0.9050,0.0000,0.8050,216.264138
Growing,400,departure_R0,0.9444,0.9300,0.0000,0.8525,75.744138
Growing,400,original_B1,0.9471,0.9250,0.0000,0.8625,138.585000
Growing,400,added_D1,0.8295,0.8225,0.0050,0.7225,77.650000
Growing,400,full_M1,0.9010,0.9000,0.0000,0.7925,216.235000
Growing,400,departure_R1,0.9355,0.9200,0.0000,0.8425,75.715000
Growing,1000,presence,0.7475,0.7625,0.0450,0.6713,13.960000
Growing,1000,original_B0,0.8598,0.8750,0.0000,0.7725,113.144067
Growing,1000,added_D0,0.7529,0.7450,0.0000,0.6800,74.966254
Growing,1000,full_M0,0.8109,0.8350,0.0000,0.7425,188.110321
Growing,1000,departure_R0,0.8465,0.8400,0.0000,0.7750,104.350321
Growing,1000,original_B1,0.8536,0.8700,0.0000,0.7675,111.745000
Growing,1000,added_D1,0.7521,0.7450,0.0000,0.6787,75.640000
Growing,1000,full_M1,0.8071,0.8300,0.0000,0.7350,187.385000
Growing,1000,departure_R1,0.8405,0.8275,0.0050,0.7712,103.625000
Growing,2000,presence,0.6728,0.6825,0.0450,0.6300,5.310000
Growing,2000,original_B0,0.7856,0.8000,0.0000,0.7150,72.874512
Growing,2000,added_D0,0.7278,0.7400,0.0000,0.6850,60.518335
Growing,2000,full_M0,0.7603,0.7600,0.0000,0.6975,133.392848
Growing,2000,departure_R0,0.7823,0.7550,0.0000,0.7100,101.532848
Growing,2000,original_B1,0.7822,0.8025,0.0050,0.7150,71.280000
Growing,2000,added_D1,0.7278,0.7350,0.0000,0.6863,60.245000
Growing,2000,full_M1,0.7582,0.7650,0.0000,0.7037,131.525000
Growing,2000,departure_R1,0.7806,0.7550,0.0000,0.7188,99.665000
Growing,5000,presence,0.5215,0.5200,0.8300,0.5112,0.130000
Growing,5000,original_B0,0.7061,0.7050,0.0000,0.6600,16.265595
Growing,5000,added_D0,0.6796,0.6950,0.0000,0.6425,15.718169
Growing,5000,full_M0,0.7060,0.6950,0.0000,0.6300,31.983764
Growing,5000,departure_R0,0.7091,0.7000,0.0000,0.6300,31.203764
Growing,5000,original_B1,0.7046,0.7075,0.0150,0.6525,15.480000
Growing,5000,added_D1,0.6790,0.6925,0.0050,0.6362,15.070000
Growing,5000,full_M1,0.7043,0.6975,0.0050,0.6300,30.550000
Growing,5000,departure_R1,0.7073,0.7025,0.0050,0.6300,29.770000
Growing,10000,presence,0.4975,0.4975,0.9950,0.4988,-0.010000
Growing,10000,original_B0,0.5947,0.6050,0.0000,0.6000,0.625110
Growing,10000,added_D0,0.6409,0.6400,0.0000,0.6100,1.094744
Growing,10000,full_M0,0.6256,0.6350,0.0000,0.6075,1.719855
Growing,10000,departure_R0,0.6256,0.6350,0.0000,0.6075,1.779855
Growing,10000,original_B1,0.5636,0.5725,0.3150,0.5437,0.590000
Growing,10000,added_D1,0.6162,0.6075,0.3050,0.5787,1.030000
Growing,10000,full_M1,0.6134,0.6150,0.1200,0.5875,1.620000
Growing,10000,departure_R1,0.6134,0.6150,0.1200,0.5875,1.680000
Growing-MatchedControl,0,presence,0.5000,0.5000,1.0000,0.5000,0.000000
Growing-MatchedControl,0,original_B0,1.0000,1.0000,0.0000,1.0000,140.000000
Growing-MatchedControl,0,added_D0,0.5000,0.5000,1.0000,0.5000,0.000000
Growing-MatchedControl,0,full_M0,1.0000,1.0000,0.0000,1.0000,140.000000
Growing-MatchedControl,0,departure_R0,1.0000,1.0000,0.0000,0.9975,140.000000
Growing-MatchedControl,0,original_B1,1.0000,1.0000,0.0000,1.0000,128.000000
Growing-MatchedControl,0,added_D1,0.5000,0.5000,1.0000,0.5000,0.000000
Growing-MatchedControl,0,full_M1,1.0000,1.0000,0.0000,1.0000,128.000000
Growing-MatchedControl,0,departure_R1,1.0000,1.0000,0.0000,0.9975,128.000000
Growing-MatchedControl,100,presence,0.4925,0.4875,0.2150,0.4900,-0.200000
Growing-MatchedControl,100,original_B0,0.9960,1.0000,0.0000,0.9600,140.944075
Growing-MatchedControl,100,added_D0,0.5926,0.5900,0.0000,0.5713,4.914950
Growing-MatchedControl,100,full_M0,0.9791,0.9800,0.0000,0.9125,145.859025
Growing-MatchedControl,100,departure_R0,0.9700,0.9800,0.0000,0.9050,147.059025
Growing-MatchedControl,100,original_B1,0.9904,0.9950,0.0000,0.9325,135.625000
Growing-MatchedControl,100,added_D1,0.5929,0.5950,0.0400,0.5763,5.170000
Growing-MatchedControl,100,full_M1,0.9670,0.9600,0.0000,0.8962,140.795000
Growing-MatchedControl,100,departure_R1,0.9590,0.9500,0.0000,0.8900,141.995000
Growing-MatchedControl,200,presence,0.5013,0.4575,0.1250,0.4975,-0.005000
Growing-MatchedControl,200,original_B0,0.9425,0.9450,0.0000,0.8500,129.123781
Growing-MatchedControl,200,added_D0,0.5478,0.5650,0.0000,0.5225,4.385431
Growing-MatchedControl,200,full_M0,0.8817,0.9150,0.0000,0.7850,133.509212
Growing-MatchedControl,200,departure_R0,0.8859,0.9050,0.0000,0.7825,133.539212
Growing-MatchedControl,200,original_B1,0.9269,0.9400,0.0000,0.8350,124.825000
Growing-MatchedControl,200,added_D1,0.5477,0.5675,0.0150,0.5238,4.545000
Growing-MatchedControl,200,full_M1,0.8644,0.8850,0.0000,0.7650,129.370000
Growing-MatchedControl,200,departure_R1,0.8680,0.8925,0.0050,0.7750,129.400000
Growing-MatchedControl,400,presence,0.5265,0.5150,0.0900,0.5162,0.500000
Growing-MatchedControl,400,original_B0,0.8371,0.8550,0.0000,0.7500,108.478305
Growing-MatchedControl,400,added_D0,0.5446,0.5450,0.0000,0.5525,3.922890
Growing-MatchedControl,400,full_M0,0.7664,0.7950,0.0000,0.6900,112.401194
Growing-MatchedControl,400,departure_R0,0.7635,0.7750,0.0000,0.6800,109.401194
Growing-MatchedControl,400,original_B1,0.8239,0.8400,0.0000,0.7338,105.105000
Growing-MatchedControl,400,added_D1,0.5453,0.5550,0.0200,0.5525,4.140000
Growing-MatchedControl,400,full_M1,0.7544,0.7750,0.0100,0.6775,109.245000
Growing-MatchedControl,400,departure_R1,0.7520,0.7600,0.0000,0.6725,106.245000
Growing-MatchedControl,1000,presence,0.5406,0.5425,0.0650,0.5262,0.600000
Growing-MatchedControl,1000,original_B0,0.7163,0.7750,0.0000,0.6550,62.590126
Growing-MatchedControl,1000,added_D0,0.5146,0.5000,0.0000,0.5025,2.030179
Growing-MatchedControl,1000,full_M0,0.6503,0.7100,0.0000,0.6050,64.620305
Growing-MatchedControl,1000,departure_R0,0.6467,0.6950,0.0000,0.6100,61.020305
Growing-MatchedControl,1000,original_B1,0.7095,0.7525,0.0050,0.6488,60.585000
Growing-MatchedControl,1000,added_D1,0.5129,0.5050,0.0100,0.5025,1.730000
Growing-MatchedControl,1000,full_M1,0.6454,0.7075,0.0050,0.5950,62.315000
Growing-MatchedControl,1000,departure_R1,0.6411,0.6850,0.0100,0.6075,58.715000
Growing-MatchedControl,2000,presence,0.4858,0.4925,0.1550,0.4900,-0.145000
Growing-MatchedControl,2000,original_B0,0.6532,0.6800,0.0000,0.6225,31.094110
Growing-MatchedControl,2000,added_D0,0.4905,0.5300,0.0000,0.4900,-1.338543
Growing-MatchedControl,2000,full_M0,0.5887,0.5900,0.0000,0.5675,29.755567
Growing-MatchedControl,2000,departure_R0,0.5930,0.5650,0.0000,0.5650,30.625567
Growing-MatchedControl,2000,original_B1,0.6504,0.6700,0.0000,0.6175,29.895000
Growing-MatchedControl,2000,added_D1,0.4914,0.5175,0.0050,0.5000,-1.330000
Growing-MatchedControl,2000,full_M1,0.5865,0.5850,0.0000,0.5625,28.565000
Growing-MatchedControl,2000,departure_R1,0.5908,0.5700,0.0000,0.5600,29.435000
Growing-MatchedControl,5000,presence,0.4805,0.4800,0.8900,0.4900,-0.060000
Growing-MatchedControl,5000,original_B0,0.6056,0.5750,0.0000,0.5625,5.727162
Growing-MatchedControl,5000,added_D0,0.5003,0.5050,0.0000,0.5000,0.032648
Growing-MatchedControl,5000,full_M0,0.5621,0.5450,0.0000,0.5475,5.759809
Growing-MatchedControl,5000,departure_R0,0.5654,0.5450,0.0000,0.5525,6.119809
Growing-MatchedControl,5000,original_B1,0.5993,0.5850,0.0100,0.5725,5.245000
Growing-MatchedControl,5000,added_D1,0.5006,0.4975,0.0150,0.4888,0.025000
Growing-MatchedControl,5000,full_M1,0.5595,0.5575,0.0050,0.5425,5.270000
Growing-MatchedControl,5000,departure_R1,0.5629,0.5525,0.0050,0.5475,5.630000
Growing-MatchedControl,10000,presence,0.5025,0.5025,0.9950,0.5012,0.010000
Growing-MatchedControl,10000,original_B0,0.5564,0.5350,0.0000,0.5525,0.396367
Growing-MatchedControl,10000,added_D0,0.4977,0.4500,0.0000,0.4675,0.064798
Growing-MatchedControl,10000,full_M0,0.5310,0.5250,0.0000,0.5225,0.461165
Growing-MatchedControl,10000,departure_R0,0.5274,0.5250,0.0000,0.5200,0.401165
Growing-MatchedControl,10000,original_B1,0.5370,0.5350,0.4500,0.5212,0.360000
Growing-MatchedControl,10000,added_D1,0.4988,0.4875,0.2650,0.4938,0.075000
Growing-MatchedControl,10000,full_M1,0.5276,0.5150,0.1400,0.5200,0.435000
Growing-MatchedControl,10000,departure_R1,0.5237,0.5150,0.1400,0.5175,0.375000
