substrate,seed,threshold,control,n_near_loops,mean_perp_residue,median_perp_residue,mean_residue_high_depth_range,mean_residue_low_depth_range,mean_residue_high_excursion,mean_residue_low_excursion,mean_residue_high_cum_depth,mean_residue_low_cum_depth,mean_residue_dip_return,mean_residue_no_dip,n_dip_return,n_no_dip,spearman_depth_range_vs_residue,spearman_excursion_vs_residue,spearman_cum_depth_vs_residue,spearman_start_depth_vs_residue,mean_depth_range,mean_depth_excursion,mean_cum_abs_depth_change
AB_N30,0,1.0,real,24,0.6159196883428671,0.0,1.2318393766934335,0.6159196883313186,0.30795984417335837,0.30795984417335837,0.6159196883467167,0.6159196883467167,0.5685412507744778,0.6719123872873273,13,11,0.3701304538597951,0.08172396061006872,-0.003163508152647821,0.09490524457943464,0.9413649652781927,0.27738305922581347,304.5609276695404
AB_N30,0,2.0,real,123,0.9541750537351089,0.76536686473746,1.2193537568051362,0.852950495695151,0.8243997655640222,0.8789897327147803,1.027125254909753,1.0000364964270907,0.9268267707368971,0.991515978598052,71,52,0.18541435432058562,-0.133944634677632,-0.04401853743099001,-0.14613198296250754,0.9354029788532823,0.378904133614073,303.09589692158073
AB_N30,0,3.0,real,205,1.0846698106619885,1.08239220030269,1.3048280460266792,1.0270752411081598,0.9468789412544372,1.1681735716654134,1.1720149034943221,1.1145663425470622,0.9844893301253181,1.1838776651740313,102,103,0.14158265423082464,-0.2161869307368092,0.004388410672940268,-0.22168469758028403,0.9355017546566127,0.388109104156792,303.6678647909644
AB_N30,1,1.0,real,22,0.8398904841074196,0.0,0.923879532513697,0.923879532520075,0.30795984417335837,0.6159196883403387,0.6159196883467167,0.923879532520075,0.5279311614400429,1.385819298775329,14,8,-0.13954927336723758,-0.10434765486018667,-0.23195352194824626,-0.11251945915646636,0.9374352947605619,0.41864426241715263,302.01480911704226
AB_N30,1,2.0,real,116,1.0559142177306042,0.7653668647757284,1.019123820043531,0.9995288056130466,0.8646729668156291,1.2931352673827397,1.0709578240788857,1.0816007226989024,0.9239002020308799,1.1791272990503465,56,60,-0.049596587726974166,-0.34089737304571127,-0.038077611058685686,-0.3384594057462427,0.9317533258540652,0.39386673677445133,302.3463604684926
AB_N30,1,3.0,real,174,1.1170800960942844,1.08239220030269,1.108442320910955,1.09331115259876,0.9316903115108023,1.3201258376731415,1.1125748888202545,1.150633829479162,1.026147660538093,1.2039256806142422,85,89,-0.013670540559147038,-0.34304500382740727,-0.053502684875888606,-0.3390748602400371,0.9329245637357139,0.3844364940279313,302.5183775535816
AB_N30,2,1.0,real,20,1.016267485764429,1.8477590650018816,0.7391036260084064,1.1086554390164363,0.0,1.4782072520168126,0.7391036260084064,0.7391036260160601,0.33595619364366364,1.8477590650231421,11,9,-0.28311092824248163,-0.409143613222303,0.021023189612213194,-0.3622457287027505,0.9352075500831087,0.37659698413110626,303.4050081057321
AB_N30,2,2.0,real,126,1.0483682284421947,0.76536686473746,0.9584159383487516,1.1617348794589468,0.726884129322561,1.344831237383497,0.9902700614885815,0.9640278267004041,0.9116568003773017,1.2086505923803441,68,58,-0.09811680210715266,-0.3066403875731558,0.045308693911112655,-0.2908782812217836,0.933697742955367,0.38984006287927253,303.17296510107565
AB_N30,2,3.0,real,191,1.1013430993022484,1.08239220030269,1.0230414321099006,1.161317093940495,0.8526080152414061,1.3168543261709724,1.129237808795379,1.0632467079132981,0.996943780160245,1.2209917571953313,102,89,-0.07354038643633806,-0.32061541161303664,0.05092649681067994,-0.31148765864669403,0.933765266067276,0.3748227802387247,303.00284206547883
AB_N30,3,1.0,real,12,1.0778594545990554,1.847759064993956,0.6159196883467167,1.847759065009354,0.6159196883467167,1.84775906504015,1.2318393766626374,0.6159196883467167,0.5279311614268446,1.8477590650401503,7,5,-0.4976492582533909,-0.384547154104893,0.1357225249781975,-0.4297879957642921,0.9340882844372564,0.38230426311324833,302.07936056855823
AB_N30,3,2.0,real,122,1.0781294069478298,0.7653668647757284,1.173329336544764,1.1151783548064158,0.9081219200905789,1.3253263351726274,1.222707843943462,0.9721607579533132,0.8862184397571516,1.2356682606118194,55,67,0.10213016299187357,-0.298044692959884,0.12058099919038799,-0.3027637141419404,0.9344169908360619,0.38879840499296464,302.8761187786958
AB_N30,3,3.0,real,182,1.129573953359762,1.08239220030269,1.2326925752301903,1.1474580987925074,0.9646275326222802,1.3323720978919278,1.174013778676312,1.0839793484151132,0.9560220173293422,1.256845373115403,77,105,0.08927563174442912,-0.25526437717510364,0.04371017751993788,-0.2575209170628442,0.9342622472061708,0.394379162168529,302.3496526982112
AB_N30,4,1.0,real,26,1.0660148451953704,1.847759064947762,0.791896742146866,1.319827903570508,0.0,1.5837934842773314,1.0558623228746187,0.7918967421413992,0.692909649376116,1.662983158506177,16,10,-0.1433134739451372,-0.5121930171573073,0.22233343451639076,-0.48633193915216977,0.9385226396194817,0.3450775087580285,304.32153420135955
AB_N30,4,2.0,real,126,1.0097872381140007,0.76536686473746,0.8861008688731229,1.0516537874750047,0.8319076810472065,1.2167443302502863,0.9995232050515986,0.9341982127847176,0.8877909878940586,1.1574669094328778,69,57,-0.14822245954891902,-0.3473456204505098,0.10957070123948524,-0.3315927523327911,0.9370782377717451,0.42522164487954106,304.0661251525428
AB_N30,4,3.0,real,181,1.066174776377587,1.0823922002644217,1.0076968580362562,1.0610089565898186,0.9012502448259064,1.3045325000309778,0.9946437360106045,1.0120701713817812,0.9521981906687081,1.192079144311814,95,86,-0.053987681315977455,-0.28911362747290353,0.0768031426199544,-0.28102460892807923,0.9370991880834353,0.4342101089591353,303.9204398120488
AB_N30,5,1.0,real,27,0.9580972929803598,1.847759064947762,0.5279311614400429,1.0558623228668875,0.5279311614400429,1.319827903586909,1.3198279036001073,0.5279311614400429,0.4264059380861885,1.451810693953519,13,14,-0.14928731380121674,-0.3077413924849643,0.3850041250662958,-0.29988416544279506,0.92639988580871,0.340366716115312,302.951670391039
AB_N30,5,2.0,real,140,1.039032202155862,0.76536686473746,0.9866247176726004,1.1063004963746468,0.857129673942685,1.250681315594205,1.1383457708494193,0.8661875406748841,0.8387529738454467,1.2393114304662771,70,70,-0.0349014109951834,-0.30502324686153404,0.21443286274160528,-0.3171378831466605,0.9347820372495077,0.3776034037215925,303.87943739223897
AB_N30,5,3.0,real,192,1.1037244547120937,1.0823922002644217,1.060038616087219,1.0991280785391682,0.911225329783936,1.3440893006758021,1.1343761571266375,0.9879869960329848,0.939357073923205,1.2786961826486527,99,93,-0.023041108720496757,-0.3325678478497781,0.14305261560024668,-0.3423425546482719,0.9356378822910957,0.3751127355273738,304.17323676329596
AB_N30,6,1.0,real,20,0.46193976625350464,0.0,0.7391036259899287,0.3695518130080301,0.36955181300803003,0.3695518130080301,0.3695518130080301,0.7391036259899287,0.24636787532997625,1.1086554390240901,15,5,0.027686562682999207,-0.20468280269217268,-0.07910446480856916,-0.259067122248064,0.9265089161241089,0.3390691961004357,300.94482563098
AB_N30,6,2.0,real,118,0.9427463417741768,0.76536686473746,1.0282963484701706,0.8965311870139986,0.8185995177890266,1.000090806344518,0.9352061365803116,0.9896213989041139,0.8342905901761745,1.0757581126019151,65,53,0.09607180487823702,-0.2103176935570295,0.000722792961318638,-0.21519693900101283,0.9319742946396522,0.3920284883217357,302.91381391170484
AB_N30,6,3.0,real,169,1.0513095613829118,1.08239220030269,1.1431674423976348,0.9779460226888435,0.8762327472286872,1.2075646717510709,1.0532475557778773,1.112895502198674,0.9335479884121811,1.1762517180713703,87,82,0.10986654786279561,-0.26961641958039834,-0.009187886369244933,-0.27858253729644405,0.9333725560405504,0.37971462603426837,303.02342952480905
AB_N30,7,1.0,real,26,0.4974735944303331,0.0,0.5279311614400429,1.0558623228800859,0.0,0.5279311614400429,0.0,0.26396558072002146,0.27716385975602253,1.2318393766780353,20,6,-0.25503151664269746,-0.28773919815319937,-0.1237587949046019,-0.29967308194757175,0.940942072364089,0.45037702664028073,303.57266111547483
AB_N30,7,2.0,real,137,0.9395574863279587,0.76536686473746,0.8711351314181659,1.0474551071829865,0.7511206980486058,1.0713639186216584,0.7791397854587709,1.0010529187737347,0.8290712858036378,1.0946258379410405,80,57,-0.14097988886852203,-0.18246033390573546,-0.13939308968370104,-0.17601572872621352,0.9357724654461191,0.41098776420326716,303.37560214091576
AB_N30,7,3.0,real,203,1.055550613379839,1.0823922002644217,0.9487303492066754,1.1418579283759542,0.821393269896014,1.2795982250798177,0.9400177708554354,1.1540411646215705,0.9485913289256698,1.192554640658213,114,89,-0.12096653219046412,-0.26444902346086663,-0.13994481713081533,-0.2598463130064254,0.934633789400128,0.3955900681822606,302.97167889058073
AB_N30,8,1.0,real,35,0.8974829744357803,0.0,0.8212262511186902,0.6159196883424646,0.4106131255602257,1.2318393766831681,1.0265328138864118,0.8212262511101862,0.5279311614294218,1.4518106939453184,21,14,-0.008458340232812351,-0.3483778883389587,0.06690682706888865,-0.37435707619688235,0.9308608250193481,0.41778841749544376,302.9557679645873
AB_N30,8,2.0,real,158,0.9766373926600477,0.76536686473746,0.9894634137685052,0.9119652401920635,0.796182441316544,1.1776754429872658,1.0321344767384342,1.0180997252744954,0.8288521282567214,1.140186418599729,83,75,0.03883482678775543,-0.2492279107835254,0.02857781561182455,-0.24626685265713424,0.9357867309392572,0.4237978335543243,302.57655136637646
AB_N30,8,3.0,real,236,1.0803937237949854,1.0823922002644217,1.0835639402821613,1.049473341279121,0.8700060552183149,1.2678465903530547,1.164764279852198,1.0518823775465556,0.9259304965140764,1.2297081768331979,116,120,0.005816887799135085,-0.26058924655117777,0.0695164305947222,-0.25836487166070227,0.9363758213740285,0.41782374770456765,303.1182266205572
AB_N30,9,1.0,real,27,0.342177604633643,0.0,0.26396558072002146,0.26396558072002146,0.0,1.0558623228668875,0.0,0.5279311614268446,0.0,1.0265328139009293,18,9,0.06083903707265059,-0.46508063895537344,-0.2537213175696465,-0.4754458082344176,0.9390012616109632,0.4445344134110975,302.17188494595075
AB_N30,9,2.0,real,142,0.9326624722449327,0.76536686473746,0.8486886072231964,0.9737386471101619,0.64288255474832,1.0249209635441583,0.8360644337743582,0.9435278728418408,0.8178909045884662,1.0807548176081156,80,62,0.03751187593027009,-0.2571892273109161,-0.04452869375077619,-0.2727256703779858,0.9347496247251792,0.4151642968949979,303.9362868280626
AB_N30,9,3.0,real,203,1.0472094036772495,1.08239220030269,1.000378401587461,1.0949747176638391,0.7783662806057262,1.244102326545956,0.9556052006096294,1.0674332821868473,0.9047020985851383,1.1911276721861137,102,101,0.052322837095265626,-0.3007416821395567,-0.05878283902114011,-0.31519266141337765,0.9356992528005293,0.4076621638146493,303.5204037475736
AB_N30,0,1.0,SHUFFLED,7,0.5275747278648801,0.0,,,,,,,,,0,0,0.5790660241435863,,,,0.9409997257599907,,
AB_N30,0,2.0,SHUFFLED,31,0.9521849448750885,0.849883656254556,0.8159357127528988,1.0177217357574018,,,,,,,0,0,-0.10567808947551804,,,,0.9326186880930647,,
AB_N30,0,3.0,SHUFFLED,47,1.0032912216990504,0.8707616578759518,0.871072209106798,1.0621844605955535,,,,,,,0,0,-0.0924501137759497,,,,0.935515903956331,,
AB_N30,1,1.0,SHUFFLED,8,0.6710586855116887,0.5638855553024933,1.2979641571805898,0.5638855553024933,,,,,,,0,0,0.507346289431841,,,,0.9341275037910642,,
AB_N30,1,2.0,SHUFFLED,24,0.8840208816849358,0.8571567875057438,0.9974713428002602,0.6008068757342756,,,,,,,0,0,0.1974290133802549,,,,0.9292531606675686,,
AB_N30,1,3.0,SHUFFLED,37,0.9758526346728726,0.9216811878531768,1.1705971391909187,0.8049520646847308,,,,,,,0,0,0.2736979648973134,,,,0.9309845044023288,,
AB_N30,2,1.0,SHUFFLED,16,0.867107321586503,1.081205228724261,1.2893373207842584,0.7272501132493745,,,,,,,0,0,0.30199216944456814,,,,0.9257502440839667,,
AB_N30,2,2.0,SHUFFLED,45,1.0918268035388765,1.2276876692871594,1.2486472508603499,0.9603118722397045,,,,,,,0,0,0.22082988354358282,,,,0.930575160853895,,
AB_N30,2,3.0,SHUFFLED,63,1.0725264384960855,1.0769805851475616,1.1276952961798845,1.1359175169105962,,,,,,,0,0,0.10559558555682111,,,,0.9321629679216612,,
AB_N30,3,1.0,SHUFFLED,11,0.266846806027453,0.0,0.6468930094733146,0.20231958216677356,,,,,,,0,0,0.005794400216170998,,,,0.9312230223988905,,
AB_N30,3,2.0,SHUFFLED,53,1.0713694392720963,1.0519367498927037,1.0313456717659402,1.0786828568535545,,,,,,,0,0,-0.029845362185972897,,,,0.9331620987340672,,
AB_N30,3,3.0,SHUFFLED,72,1.0639410459444527,1.0535963035219658,1.0149634944068728,1.207719821688885,,,,,,,0,0,-0.06307220755534543,,,,0.9300406685176625,,
AB_N30,4,1.0,SHUFFLED,9,0.6946798469238966,0.2227998812012641,0.4018558536693926,1.2328908660682885,,,,,,,0,0,-0.15666989036012804,,,,0.9386023809185267,,
AB_N30,4,2.0,SHUFFLED,40,1.0021106557153303,0.974075251340663,0.9403742641993695,0.9279706480363565,,,,,,,0,0,0.000938526616709545,,,,0.9345461956404975,,
AB_N30,4,3.0,SHUFFLED,57,1.1136055686605586,1.1278643263896788,1.0446682266333847,0.99221910464172,,,,,,,0,0,0.07312685447561355,,,,0.9343665465662887,,
AB_N30,5,1.0,SHUFFLED,8,0.3067517899440252,0.0,0.8747296162956224,0.35227754348047824,,,,,,,0,0,0.07793496079856871,,,,0.9242293179482161,,
AB_N30,5,2.0,SHUFFLED,33,0.9558983835685031,0.9504315236588095,1.034052650015565,0.7881830133598592,,,,,,,0,0,0.06586804499276894,,,,0.9240622370064895,,
AB_N30,5,3.0,SHUFFLED,50,1.065636506792379,0.9896272385820502,1.089945103910171,0.9160819049584464,,,,,,,0,0,0.020427296529349347,,,,0.9262276093737225,,
AB_N30,6,1.0,SHUFFLED,7,0.46696609499443353,0.3543274927051793,,,,,,,,,0,0,0.6300619191619361,,,,0.9282101526610959,,
AB_N30,6,2.0,SHUFFLED,31,1.0133425040981168,1.07577298966071,1.0172357164322394,0.8722219444661071,,,,,,,0,0,0.2031265851932007,,,,0.9309179662298737,,
AB_N30,6,3.0,SHUFFLED,44,0.9658164580882039,0.9049758996951323,0.948090059657427,0.8557072139855563,,,,,,,0,0,0.20856387781766375,,,,0.9345521633930531,,
AB_N30,7,1.0,SHUFFLED,3,0.0,0.0,,,,,,,,,0,0,,,,,0.9233792253324346,,
AB_N30,7,2.0,SHUFFLED,21,0.8649462439055939,0.8687336034402242,1.0513357420825482,0.8994628216649386,,,,,,,0,0,0.13654107773520358,,,,0.9145093829082358,,
AB_N30,7,3.0,SHUFFLED,41,1.0184237168892742,0.9809151768770539,1.1208477339462308,0.8680151544128112,,,,,,,0,0,0.24648224998123835,,,,0.9194474807617045,,
AB_N30,8,1.0,SHUFFLED,7,0.47648483912554224,0.0,,,,,,,,,0,0,0.222717701593687,,,,0.9248274518698135,,
AB_N30,8,2.0,SHUFFLED,29,1.0215690466267604,1.0989010890180717,0.8124232332625521,1.0944289641737153,,,,,,,0,0,-0.13236238423571803,,,,0.9264024392407679,,
AB_N30,8,3.0,SHUFFLED,43,1.0970636711479829,1.1680597221505586,1.215379533950419,1.1837961456086807,,,,,,,0,0,0.10785278510409632,,,,0.9306364040347511,,
AB_N30,9,1.0,SHUFFLED,5,1.00102409043367,1.3774624841670449,,,,,,,,,0,0,0.5642880936468347,,,,0.9320838112080174,,
AB_N30,9,2.0,SHUFFLED,28,0.9327097755000924,0.8592363173270204,1.2476682231176905,0.5807864808692954,,,,,,,0,0,0.4491583455227588,,,,0.9251309540977513,,
AB_N30,9,3.0,SHUFFLED,42,0.9921876190791697,0.9909639940645264,1.180576494778808,0.6959252132258853,,,,,,,0,0,0.29342409164719147,,,,0.9284287682488737,,
Penrose_N24,0,1.0,real,22,0.661922995398956,0.0,0.26967233144999997,0.5393446629243371,1.0786893258346144,0.26967233146216857,0.5393446629121685,0.5393446629224457,0.3236067977489783,1.38688627607748,15,7,-0.1130034373430008,0.3332966550846934,-0.1130034373430008,0.35805583517669914,0.9242172491776344,0.4428200320441633,289.2455984003952
Penrose_N24,0,2.0,real,141,1.0148882391488008,1.1755705045741416,0.9657479473251538,0.9228298887383208,0.8870483297503156,1.2777253300169236,1.0000831689156757,0.9353028880800591,0.9010010502990256,1.168635944095997,81,60,0.05073260906793248,-0.25741122608760797,0.009061204968967031,-0.2597809448018851,0.9144971331036326,0.43816057208973536,287.4228962511196
Penrose_N24,0,3.0,real,181,1.1444003904799995,1.1755705046,1.1052413105289565,1.05971465976979,0.9763028062830607,1.4359845105043838,1.104571201786342,1.081090097063838,1.0280937870574194,1.2879887897671354,100,81,0.06695127954253789,-0.29500952378914785,0.030712592846384508,-0.30506124719887073,0.9155175488195368,0.4268907856923594,287.6150243217877
Penrose_N24,1,1.0,real,20,0.40450849718679527,0.0,0.3236067977546023,0.6472135955069348,0.0,0.6472135955069348,0.6472135955046651,0.3236067977546023,0.1155738563333255,1.0786893258448913,14,6,-0.01779850458192806,-0.2689551803491351,0.034608203353749006,-0.23434697699538612,0.9220913075905178,0.48778402435056806,287.7834842090557
Penrose_N24,1,2.0,real,132,1.0441103373589007,1.1755705045741416,1.1059405050274216,0.9993710158886578,0.8336246964375608,1.2805587990175955,1.1484601575667943,1.072394459750673,0.849898794085128,1.2633814346034824,70,62,0.08259800033662233,-0.3289860638893426,0.01800976616816072,-0.3331793669716085,0.9135794974474977,0.4520732804504034,287.89467853837647
Penrose_N24,1,3.0,real,174,1.2136698049020296,1.1755705046317708,1.3596516021278309,1.1754275381272394,0.9563824592320066,1.6056701959029844,1.3001994608015317,1.2113893686773354,0.9582716766058511,1.4466153504908517,83,91,0.10020531750612666,-0.3778910314378792,-0.010778222037493507,-0.386518161453156,0.9149653029081597,0.438772296224821,287.7707969290742
Penrose_N24,2,1.0,real,24,0.6741808286481485,0.0,1.078689325843,0.0,0.2696723314602771,1.0786893258271488,0.8090169943827229,0.2696723314602771,0.3595631086137028,1.6180339887514859,18,6,0.37917773704877283,-0.3342236754398977,0.30979212021768293,-0.4163137009865392,0.9187851074338301,0.43472832069875617,288.3242930466993
Penrose_N24,2,2.0,real,123,0.9956857243442238,1.1755705045741416,1.0887012915826022,0.9301658257975912,0.7304596408319382,1.2012972448225128,0.9839693706338508,0.9520539374690326,0.8249700590909719,1.1999348238436498,67,56,0.08283830595252582,-0.28719537460670574,0.02011967867177524,-0.3095631706505969,0.9167718786865942,0.45512787672199967,288.35939827837433
Penrose_N24,2,3.0,real,171,1.2077071498620346,1.1755705046,1.3562380764791166,1.1459307624960486,0.9026152111425566,1.5223843397928944,1.1795549513977892,1.142723524631603,1.0370891628679184,1.406401514462777,92,79,0.0921725017238708,-0.34996100461721324,-0.03134867239169831,-0.3739374078353126,0.9170531262601588,0.4346375481373398,287.8482662796859
Penrose_N24,3,1.0,real,21,0.5393446629171063,0.0,0.2696723314602771,0.2696723314602771,0.0,0.8090169943808313,0.26967233146216857,0.5393446629205542,0.3236067977467487,1.0786893258429997,15,6,0.008556009036052019,-0.3716767504952262,-0.2060551022619978,-0.3825626804260488,0.9194553897507651,0.49538069549790253,287.140016478097
Penrose_N24,3,2.0,real,136,1.0446154736311184,1.1755705045741416,0.9372003844450106,1.0173869046649504,0.7549411594929625,1.3211890689130872,0.9288451184339241,1.0402286478772638,0.8981718088147754,1.2143041646087855,73,63,-0.010418346436459695,-0.3870307465819635,-0.05337629715677628,-0.3967626932733482,0.9190993944436434,0.47008294358626007,287.3618014319833
Penrose_N24,3,3.0,real,184,1.187749214579951,1.1755705046317708,1.159616402934107,1.1204621240481696,0.8477351410157854,1.5641686487217772,1.0538944086991515,1.2025944467740906,1.0072985428352377,1.380365100150151,95,89,-0.0015473405336631026,-0.4715700670466958,-0.1262916483286148,-0.48614740160749165,0.9183457797826315,0.429012482164625,286.75559582294113
Penrose_N24,4,1.0,real,22,0.6619229953963693,0.0,0.5393446629288352,0.5393446629089621,0.5393446629089621,1.0786893258219463,0.2696723314602771,1.3483616572864825,0.2311477126829759,1.4157797401448078,14,8,0.2504979990575898,-0.3525997151291644,-0.4020651427911694,-0.39635759344555344,0.9159342797731648,0.40003736969068204,286.3085908495566
Penrose_N24,4,2.0,real,119,1.0571051452991007,1.1755705045741416,0.9945510813108759,1.0260188347026908,0.7772286137806653,1.2245751210901494,0.9745385836786329,1.1894226024510788,0.889168045775475,1.2734856389160802,67,52,0.14033808280636095,-0.29792884042376444,-0.08371722275551545,-0.3262026715432708,0.915806056495034,0.44264666979124584,287.39595283168853
Penrose_N24,4,3.0,real,163,1.2244997291266857,1.175570504631771,1.200791542709902,1.1536153091050814,0.9283815156501521,1.493172339712036,1.34839733375233,1.295323845299957,1.0519439747700827,1.4320330012582763,89,74,0.1344280284826659,-0.3706596991116216,0.004745167433062738,-0.3948031959235213,0.9155897405727584,0.42493712812989876,287.9065024169616
Penrose_N24,5,1.0,real,17,0.38071387970528714,0.0,0.32360679773331136,0.32360679775233253,0.0,0.0,0.6472135955046651,0.32360679773331136,0.4314757303326588,0.0,15,2,-0.11374065906462587,-0.03131989162649118,0.22088765673420094,-0.04945246046288081,0.9172399749821112,0.4434737460723768,285.34683646598097
Penrose_N24,5,2.0,real,115,1.0430040643788017,1.1755705045741416,0.9229535170672635,1.1806327501636935,0.8077712742222883,1.369262788791462,1.1908591449955235,1.0666561230104166,0.8967753150235632,1.2971635573057634,73,42,-0.16565835084567535,-0.29905053453573305,-0.039931930309714266,-0.2885605449673026,0.9173880726676766,0.4114016519765595,286.8374122048059
Penrose_N24,5,3.0,real,149,1.20931985127115,1.1755705046,1.0606506533449298,1.4145877983397317,0.949701137489068,1.6140613091671674,1.3950778451906767,1.2008969279834185,0.9759119260905252,1.5279401935812098,86,63,-0.21394847153672783,-0.34271321262966986,0.044033930298476825,-0.332501566327183,0.9147032763084516,0.40517537936689624,287.16320846820776
Penrose_N24,6,1.0,real,23,0.7738423424360635,0.0,0.6934431380351462,1.0786893257978505,0.8090169943827227,0.8090169943478506,0.8090169943388886,0.26967233146216857,0.6472135954894012,1.0112712429610557,15,8,-0.04411217894579972,0.11706885321853794,0.06682012170007873,0.13524392632095933,0.925437156047179,0.3961220453024903,288.11434463427537
Penrose_N24,6,2.0,real,138,1.0170213669143868,1.1755705045366651,0.9533649722269408,1.0602127297374262,0.7847864522901529,1.0972041758972215,1.1463464054774246,0.9597530171086402,0.949076303721792,1.1079986549180312,79,59,-0.09558575280515859,-0.22389304189807838,0.08543831854138771,-0.22776994798384298,0.919095975561703,0.4396851118851648,287.1569777040841
Penrose_N24,6,3.0,real,172,1.1661360149629825,1.1755705045741416,1.0999238002315161,1.2326419055018973,0.8859023592837001,1.3787704161199168,1.3322657196419039,1.0701641774418447,1.018805894890243,1.3278398052867209,90,82,-0.10161712877040076,-0.3409987171751766,0.12564243142421802,-0.33727645499350717,0.9177587990818784,0.41420609385569346,287.4487133210591
Penrose_N24,7,1.0,real,20,0.6472135954986717,0.0,0.32360679775233253,0.6472135955046651,0.6472135955046651,0.6472135954907545,0.6472135954907545,0.9708203932469349,0.40450849718727105,1.6180339887442743,16,4,-0.17101351409165058,-0.1054369034249274,-0.203939409861696,-0.101969704930848,0.9278262749626721,0.4275476876153238,287.6875251978296
Penrose_N24,7,2.0,real,124,1.0445234055403365,1.1755705045741416,0.8993049034941568,1.1394987941672332,0.8688674968434175,1.315344607753413,0.9411295954446737,1.1049465669258567,0.9077616832032123,1.2001488137170637,66,58,-0.13910455646813352,-0.31575301271111966,-0.15605257911696868,-0.30861080774579114,0.9148383109316552,0.45489564732939475,288.3236750056899
Penrose_N24,7,3.0,real,167,1.1960483822909755,1.1755705046,1.0819604059449073,1.3284312901200612,0.9951430616314535,1.4745524188222057,1.1242468247023598,1.2584231687906153,1.0517551878363633,1.3492485640576009,86,81,-0.13108971548606294,-0.3311275605563656,-0.10396405468173285,-0.32367333795683406,0.9134228648101911,0.44518485443559175,288.2445960024011
Penrose_N24,8,1.0,real,22,0.6619229953971426,0.0,0.5393446629288352,0.8090169943491294,0.2696723314666667,0.8090169943846143,1.078689325811298,0.8090169943827227,0.4314757303316162,1.1557385633946993,15,7,0.043789078233591155,-0.25575360185706136,0.04505832687804308,-0.28938869093503716,0.910951316147088,0.4719183475077536,287.812218771334
Penrose_N24,8,2.0,real,120,0.9992988721490232,1.1755705045366651,0.8681133647005641,1.0540726866907444,0.6970380615156493,1.2083612053821364,0.942430147542339,0.9652045181926199,0.8419303596970199,1.1620019104468566,61,59,-0.15083401576506542,-0.2934033067168614,-0.02078800086753851,-0.27924866291007006,0.9142975704742388,0.45289610811862363,287.49373326870335
Penrose_N24,8,3.0,real,161,1.18521950689998,1.1755705045741416,1.1174914288530795,1.2638261080745887,0.8144273031894715,1.444437668799884,1.1579548743747925,1.1127943912736635,0.9797913110507082,1.3782725102282114,78,83,-0.030441174004524684,-0.3685005103497421,0.028914222020208005,-0.3692591002339781,0.9170750885460657,0.429530554961617,287.8453352626664
Penrose_N24,9,1.0,real,22,0.7354699948849611,0.0,0.8090169943608535,0.8090169943705542,0.2696723314602771,0.8090169943827227,0.8090169943608535,0.8090169943705542,0.4045084971867779,1.6180339887467827,16,6,0.003712115140312501,-0.18431632589544533,-0.16081290178797242,-0.1861718593776142,0.9106770734469687,0.5127329910793471,289.25479172374213
Penrose_N24,9,2.0,real,124,1.0526154579713956,1.1755705045741416,1.0495735496857805,1.1730938449332788,0.7918181257603362,1.339738639980624,0.9517113061197638,1.0585256319777332,0.8727089079219107,1.2508175893818447,65,59,-0.08186337152144836,-0.3288580615945971,-0.049661394203215296,-0.3173805092083893,0.9138635489746977,0.48410495565883765,287.5796122050901
Penrose_N24,9,3.0,real,165,1.159923435740691,1.1755705046317708,1.1125244583999478,1.2144145664832429,0.9081091691764639,1.456972019688214,1.0799022732662251,1.1149985543598038,0.9865298269317748,1.3397390300610486,84,81,-0.039671706360575223,-0.34054532335579796,-0.03862657885512403,-0.33131591647156106,0.9153108010577524,0.47499330747457624,287.725429391763
Penrose_N24,0,1.0,SHUFFLED,6,0.5866910971654887,0.0,,,,,,,,,0,0,-0.2704493615131253,,,,0.9313260977681321,,
Penrose_N24,0,2.0,SHUFFLED,36,0.9605477636600368,0.9270362274025771,0.9132658293765152,0.9200726878177304,,,,,,,0,0,-0.08218472853796908,,,,0.9192813553035051,,
Penrose_N24,0,3.0,SHUFFLED,47,1.0341021403909094,1.0244915601984244,0.8042093420753612,1.2009455584461894,,,,,,,0,0,-0.22528775861172692,,,,0.9169543447650087,,
Penrose_N24,1,1.0,SHUFFLED,4,0.42258680269491017,0.0,,,,,,,,,0,0,-0.2581988897471611,,,,0.9056752515604571,,
Penrose_N24,1,2.0,SHUFFLED,23,1.044177828870023,0.9936284448839784,1.2856823336361016,1.0049525463241935,,,,,,,0,0,0.06183528786169709,,,,0.9174284226218002,,
Penrose_N24,1,3.0,SHUFFLED,34,1.087547644522539,0.9954862006864471,1.212215713650463,1.170893250814795,,,,,,,0,0,-0.10775697646604422,,,,0.916733180847967,,
Penrose_N24,2,1.0,SHUFFLED,5,0.6089040679353777,0.0,,,,,,,,,0,0,0.3354101966249684,,,,0.9176421720886385,,
Penrose_N24,2,2.0,SHUFFLED,21,1.009235408360345,0.9566614842966048,0.8465491785752511,1.226758258331327,,,,,,,0,0,-0.11443442705426587,,,,0.9104192591037984,,
Penrose_N24,2,3.0,SHUFFLED,30,1.0717420549282146,1.1638088884673194,0.8855403301723008,1.2578539070290535,,,,,,,0,0,-0.1235529861425999,,,,0.913539851528023,,
Penrose_N24,3,1.0,SHUFFLED,9,0.11032114800474041,0.0,0.0,0.33096344401422123,,,,,,,0,0,-0.5477225575051661,,,,0.9209893983844726,,
Penrose_N24,3,2.0,SHUFFLED,39,0.8923454466014169,0.913485125821927,0.8260035566537607,1.2508951612381072,,,,,,,0,0,-0.28546981155330853,,,,0.9148005994060827,,
Penrose_N24,3,3.0,SHUFFLED,50,0.914336265230537,0.9203102680015699,0.8368974443767413,1.049335297046066,,,,,,,0,0,-0.3299094396275604,,,,0.9123419992650936,,
Penrose_N24,4,1.0,SHUFFLED,8,0.5458268580038961,0.0,1.0664368571653808,0.7120306489327867,,,,,,,0,0,0.21821789023599236,,,,0.910864993394783,,
Penrose_N24,4,2.0,SHUFFLED,36,1.0291557357673975,0.9593955342107056,0.7482556291605941,1.0021750389747885,,,,,,,0,0,-0.06095758160912743,,,,0.9209962610235465,,
Penrose_N24,4,3.0,SHUFFLED,43,1.054061966254664,1.0802334175294486,0.798349876580545,0.9279241108234245,,,,,,,0,0,-0.039672054655081536,,,,0.922321603182043,,
Penrose_N24,5,1.0,SHUFFLED,4,0.2094465518307397,0.0,,,,,,,,,0,0,-0.7745966692414834,,,,0.9077699051682768,,
Penrose_N24,5,2.0,SHUFFLED,29,1.2529794876855656,1.5044219554489044,1.344852800578824,1.2615243559858087,,,,,,,0,0,-0.033764635702213,,,,0.925405711188261,,
Penrose_N24,5,3.0,SHUFFLED,39,1.232792668302001,1.4320506968288211,1.3035924571731303,1.1223704752830286,,,,,,,0,0,0.03158853919197082,,,,0.9242953086771032,,
Penrose_N24,6,1.0,SHUFFLED,2,0.5073009104323861,0.5073009104323861,,,,,,,,,0,0,,,,,0.9331773010742461,,
Penrose_N24,6,2.0,SHUFFLED,26,1.062007508259506,1.0784755645409123,0.7912481991873678,1.3322319658020134,,,,,,,0,0,-0.35259919982694343,,,,0.9246254035954065,,
Penrose_N24,6,3.0,SHUFFLED,39,1.139020717707864,1.1444953998411798,0.9502305563606303,1.5106598488262122,,,,,,,0,0,-0.34446806533397706,,,,0.9234761675191967,,
Penrose_N24,7,1.0,SHUFFLED,5,0.9479573940152488,0.8828472495973877,,,,,,,,,0,0,-0.15389675281277312,,,,0.9104558359221271,,
Penrose_N24,7,2.0,SHUFFLED,33,1.1078284835877072,1.0788751950520596,0.8456342530032511,1.1967417037086159,,,,,,,0,0,-0.16580310880829016,,,,0.9097209547747523,,
Penrose_N24,7,3.0,SHUFFLED,40,1.1513542857601435,1.0955343034146838,0.8375642598846461,1.2457158371854615,,,,,,,0,0,-0.25574631766582234,,,,0.9092739697472135,,
Penrose_N24,8,1.0,SHUFFLED,3,0.7583564877783044,0.0,,,,,,,,,0,0,0.8660254037844387,,,,0.9043392401139493,,
Penrose_N24,8,2.0,SHUFFLED,28,1.1483189479400908,1.0284610912218661,1.5431450362162846,0.819386808527909,,,,,,,0,0,0.36704530246558176,,,,0.9162045704567195,,
Penrose_N24,8,3.0,SHUFFLED,39,1.1386088350807724,1.0122934341642011,1.295891466297372,0.8537810255011367,,,,,,,0,0,0.23857482696680588,,,,0.9232719780251001,,
Penrose_N24,9,1.0,SHUFFLED,5,0.14685590090932574,0.0,,,,,,,,,0,0,0.0,,,,0.9009589763016976,,
Penrose_N24,9,2.0,SHUFFLED,38,0.9672343684631812,0.9787288258226751,1.0390194505050643,0.8561525849567234,,,,,,,0,0,0.07204643196196978,,,,0.912180315456726,,
Penrose_N24,9,3.0,SHUFFLED,45,0.9893669523195331,0.9846674433676844,1.0436810075963996,0.8933270558910354,,,,,,,0,0,0.06352972410003886,,,,0.9130155242053655,,
