substrate,start_vertex,perp_residue,depth,balance,gap_deg,degree,boundary_dist,vertex_type
Penrose,20516,2.526255333752833,0.32780739806360304,0.8726779962554144,288.0000000015936,3,0.32701861082081796,E
Penrose,1942,2.236067977440429,0.35985401263449834,0.872677996235706,287.99999999583014,3,0.47215885011748693,E
Penrose,19964,1.618033988666557,0.4153749984313406,0.8726779962438981,287.9999999982258,3,0.5399144651765923,E
Penrose,19145,1.3281310260901853,0.47512106020222833,0.5393446629122908,215.99999999921548,3,0.7395476649950327,E
Penrose,20270,0.0,0.46360908664788647,0.5393446629424411,216.00000000466463,3,0.7176728782083795,E
Penrose,26724,1.1755705046,0.6173153702578414,0.8726779962438981,287.9999999982258,3,0.8309378113681031,E
Penrose,4772,0.6180339887483194,0.6029958811209075,0.5393446629138938,215.99999999950518,3,0.8022105425586582,E
Penrose,3642,1.1755705045675666,0.24441682125450725,0.647213595493006,216.00000000048303,5,0.31701824419744096,C
Penrose,26665,1.1755705046,0.30790196122952207,0.8726779962438981,287.9999999982258,3,0.33035185077672713,E
Penrose,11452,0.6180339887493117,0.5405148333464045,0.5393446629307889,216.0000000025587,3,0.8447578838563471,E
Penrose,5798,1.17557050463292,0.2771919147331865,0.6472135955104829,216.0000000025587,5,0.42998301896426017,C
Penrose,10298,1.1755705046,0.38768914538210486,0.6472135954946752,215.99999999950518,5,0.602161981763808,C
Penrose,25606,2.2360679774158685,0.46399642171608246,0.8726779962438981,287.9999999982258,3,0.7094322562464486,E
Penrose,16291,2.526255333747252,0.19882423942494398,0.872677996235706,287.9999999958302,3,0.2705362997507852,E
Penrose,27293,2.2360679774158685,0.2505139758242999,0.8726779962438981,287.9999999982258,3,0.3650743308185349,E
Penrose,3187,1.1755705046317708,0.9035277914744647,2.0283585921999575e-11,72.00000000574589,5,1.3186764785414298,C
Penrose,23962,1.1755705046317708,0.3494808090413185,0.8726779962533492,288.00000000098964,3,0.3721564187086315,E
Penrose,9972,1.6180339887730115,0.4925703863459746,0.5393446629138937,215.99999999950518,3,0.7309355327170934,E
Penrose,25683,1.3281310261025963,0.3409198545757034,0.8726779962438981,287.9999999982258,3,0.5047060717988889,E
Penrose,4799,1.1755705045741416,0.7288756516354804,0.2500000000065367,144.00000000078452,4,1.1598311225128415,D
Penrose,3820,1.3281310261406956,0.8063475162144794,0.2500000000065367,144.00000000078452,4,1.1132343750652343,D
Penrose,13890,0.6180339887493117,0.379086218459897,0.647213595501585,215.99999999950518,5,0.45144244476963036,C
Penrose,28380,1.3281310261406956,0.24316577559943386,0.8726779962543398,288.0000000012793,3,0.33792065171599184,E
Penrose,15217,0.6180339887483193,0.5283370321735281,0.5393446629138937,215.99999999950518,3,0.7014212399366413,E
Penrose,18681,0.0,0.36466531501302846,0.8726779962438981,287.9999999982258,3,0.4396825805354856,E
Penrose,3347,1.1755705046,0.7829591944797998,0.16666666669143035,72.00000000416983,6,1.1055239169439537,B
Penrose,8949,1.1755705045741416,0.35390293113860194,0.8726779962543398,288.0000000012793,3,0.37991072767826384,E
Penrose,3225,1.1755705045741416,0.4416410352216604,0.6472135954604828,215.9999999916604,5,0.5295428353951673,C
Penrose,14383,2.526255333724267,0.2624265724602294,0.8726779962543398,288.0000000012793,3,0.18405338279238048,E
Penrose,21907,1.3281310260849208,0.5576734808765972,0.5393446629122908,215.99999999921548,3,0.7842701118176398,E
Penrose,20995,0.6180339887493117,0.4653846994676848,0.872677996262532,288.000000003675,3,0.6837376692084742,E
Penrose,19490,1.6180339887730115,0.3892371502875185,0.8726779962543398,288.0000000012793,3,0.4942903440550881,E
Penrose,18592,0.6180339887483193,0.7072809752470243,0.1666666666614434,72.00000000574589,6,1.0827472089949723,B
Penrose,19964,1.1755705045741416,0.4153749984313406,0.8726779962438981,287.9999999982258,3,0.5399144651765923,E
Penrose,26018,1.1755705045741416,0.4359033966739817,0.8726779962438981,287.9999999982258,3,0.6571851063036896,E
Penrose,18997,1.6180339887000001,0.4693320926632135,0.5393446628936569,215.9999999958477,3,0.5944074257462013,E
Penrose,8623,1.3281310260901855,0.5317665834705491,0.5393446629138938,215.99999999950518,3,0.7910079436814891,E
Penrose,28243,1.9021130326164593,0.37806101953891413,0.8726779962543398,288.0000000012793,3,0.5810738191648761,E
Penrose,18155,1.1755705045741416,0.15076558537943208,0.7163203805918611,252.0000000017742,3,0.07810039065329244,E
Penrose,7023,1.1755705045741416,0.8707627533495708,0.16666666664976373,71.99999999872065,6,1.240991449008377,B
Penrose,22186,1.1755705046329201,0.6799545927518534,0.5393446629325278,216.00000000287292,3,0.8971198366245158,E
Penrose,13075,2.5262553337697375,0.14707901689063596,0.6243030102521988,216.00000000287292,4,0.12157626022613699,D
Penrose,9468,0.0,0.7590989363637565,0.23114771266803955,72.00000000111055,7,1.0625609676563483,A
Penrose,20781,1.3281310260901853,0.3314920765065523,0.8726779962438981,287.9999999982258,3,0.45889619558746575,E
Penrose,16843,1.1755705045,0.660152105152328,0.6472135954730531,215.99999999486985,5,0.9630011513028102,C
Penrose,25836,1.1755705046317708,0.513834993173224,0.8726779962625318,288.000000003675,3,0.6465836234566118,E
Penrose,24132,1.90211303257099,0.149035953119522,0.6472135954946752,215.99999999950518,5,0.0738209788687132,C
Penrose,25306,2.526255333724267,0.2893507529619421,0.8726779962438981,287.9999999982258,3,0.2289615847509079,E
Penrose,9513,1.1755705044932399,0.4752707361894112,0.8726779962461673,287.9999999988894,3,0.5470238071703141,E
Penrose,4998,1.3281310261304724,0.5439721105544446,0.6472135955104829,216.0000000025587,5,0.8563319928852985,C
Penrose,11052,1.6180339887616626,0.6402554989446538,0.5393446629138937,215.99999999950518,3,0.8934149338635357,E
Penrose,288,0.0,0.6498698814927424,0.6472135954946752,215.99999999950518,5,0.8837860773391554,C
Penrose,10446,1.3281310261304726,0.6189078097151535,0.5393446629307889,216.0000000025587,3,0.8177899598314288,E
Penrose,11386,2.2360679775213304,0.41749826431973314,0.8726779962543398,288.0000000012793,3,0.614708470039874,E
Penrose,16573,1.1755705045366653,0.4927422458462142,0.8726779962357057,287.99999999583014,3,0.6147084700229609,E
Penrose,13517,1.3281310260941614,0.7713028508660383,0.5393446628704884,215.9999999916604,3,1.0854524786282356,E
Penrose,12779,0.6180339887483194,0.5602630238157541,0.6472135955334569,216.00000000929995,5,0.7039239105599362,C
Penrose,26568,1.328131026102596,0.42487933488835206,0.8726779962438981,287.9999999982258,3,0.4796835530645134,E
Penrose,8671,1.1755705046,0.3376673530671038,0.647213595501585,215.99999999950518,5,0.5238048839098153,C
Penrose,14725,1.618033988666557,0.6228370452762533,0.5393446629325278,216.00000000287292,3,0.841052981048125,E
Penrose,20222,1.3281310260849206,0.2203056711769935,0.8726779962438981,287.9999999982258,3,0.19472581770375919,E
Penrose,16881,0.6180339887483193,0.7184908890670565,0.23114771267738304,72.00000000177417,7,0.9889253440929049,A
Penrose,2857,1.1755705046317708,0.46308115856815746,0.8726779962533492,288.00000000098964,3,0.5626911731308247,E
Penrose,17552,2.2360679775213304,0.26086458836833437,0.8726779962533492,288.00000000098964,3,0.3274339718522208,E
Penrose,12270,1.175570504631771,0.6437596836912814,0.6472135955170358,216.00000000287292,5,0.8557308767803766,C
Penrose,28193,2.000000000049384,0.19271697085051476,0.6472135955180686,216.00000000466463,5,0.253153534051493,C
Penrose,20547,2.526255333724267,0.35284455806265913,0.8726779962438981,287.9999999982258,3,0.4467646685172928,E
Penrose,247,1.3281310260849208,0.7678703848462782,0.2499999999975032,144.0000000004948,4,1.199946897984581,D
Penrose,16307,1.1755705046,0.6389699030420645,0.6472135954946752,215.99999999950518,5,0.8886934595165349,C
Penrose,7994,1.3281310261304726,0.40821929898126585,0.6472135955104827,216.0000000025587,5,0.6471847395683897,C
Penrose,9518,1.1755705046329201,0.5022360392005782,0.6472135955334569,216.00000000929995,5,0.7050113397788207,C
Penrose,4366,1.6180339887730113,0.24071987409232676,0.8726779962543398,288.0000000012793,3,0.24866151295175132,E
Penrose,5626,1.1755705045366653,0.06009022689613408,0.6472135954999785,215.9999999992155,5,0.04048728565334314,C
Penrose,23730,0.6180339887493117,0.703472607719507,0.4000000000052294,144.00000000078452,5,1.119529591903631,C
Penrose,9091,0.6180339887999999,0.719391794391534,0.24999999999216507,143.99999999712705,4,0.9868652885171418,D
Penrose,18563,0.6180339887802133,0.3955226125794916,0.8726779962554144,288.0000000015936,3,0.4409557648970839,E
Penrose,25889,1.1755705045741416,0.28569681107527467,0.8726779962280472,287.99999999359056,3,0.2978046291415555,E
Penrose,4506,1.1755705046317708,0.4731575578439653,0.6472135955104829,216.0000000025587,5,0.7313070428657945,C
Penrose,21161,1.9021130326297686,0.23742721201902206,0.872677996262532,288.000000003675,3,0.23738796192534872,E
Penrose,26313,0.6180339887483194,0.2327607101024468,0.8726779962438981,287.9999999982258,3,0.34514454955102236,E
Penrose,13317,1.1755705046,0.5338628736653865,0.6472135954999784,215.99999999921548,5,0.651261399697046,C
Penrose,10594,1.6180339887616626,0.5318419361028297,0.5393446629325278,216.00000000287292,3,0.7308207297137368,E
Penrose,6804,0.6180339887493117,0.9195890982165384,2.971649593064285e-11,72.0000000041698,5,1.331638574921723,C
Penrose,25610,1.9021130325,0.24711778893805825,0.8726779962395635,287.99999999695825,3,0.34847803668879984,E
Penrose,8151,1.1755705046,0.6088446804791786,0.23114771269449502,72.00000000574589,7,0.9745043081723131,A
Penrose,25110,0.6180339887483193,0.3365540656276901,0.8726779962625321,288.000000003675,3,0.504290710797066,E
Penrose,26051,1.3281310260901853,0.30455953134180325,0.8726779962438981,287.9999999982258,3,0.4425295073262523,E
Penrose,1901,1.6180339887000001,0.3592482527039944,0.8726779962303164,287.99999999425415,3,0.3533854187373018,E
Penrose,18395,1.3281310260901853,0.6536247537318307,0.5393446629122908,215.99999999921548,3,0.8493645552252415,E
Penrose,19766,1.1755705044932399,0.318365636576762,0.8726779962406264,287.9999999972691,3,0.3141713174027687,E
Penrose,8016,0.0,0.7259873940132018,0.6472135954946752,215.99999999950518,5,1.001286324454436,C
Penrose,12598,1.3281310261169759,0.6579601246586364,0.2500000000205122,144.0000000041523,4,1.0097836537089488,D
Penrose,7072,0.6180339887483193,0.8276931628040708,2.971647372618236e-11,72.0000000041698,5,1.2911512892104893,C
Penrose,11142,1.1755705045366651,0.5817552058322197,0.5393446629307889,216.0000000025587,3,0.7730675129949086,E
Penrose,21822,0.6180339887493117,0.4776503663614836,0.5393446629122908,215.99999999921548,3,0.7025086692564314,E
Penrose,28158,1.1755705045741416,0.5682295844110521,0.8726779962554144,288.0000000015936,3,0.7098476171902014,E
Penrose,15856,0.6180339887483193,0.7815765806994461,0.1666666666743191,72.0000000041698,6,1.245155658042111,B
Penrose,6252,0.6180339887483193,0.5497765798885563,0.5393446629138938,215.99999999950518,3,0.7222085974281636,E
Penrose,12699,1.1755705046317708,0.5051838689213174,0.5393446629307889,216.0000000025587,3,0.7444548943945027,E
Penrose,7441,1.1755705046317708,0.6191715089873475,0.8726779962533492,288.00000000098964,3,0.839523089419799,E
Penrose,14732,1.9021130326164595,0.14052960141466186,0.8726779962543398,288.0000000012793,3,0.1988459288893465,E
Penrose,15671,2.236067977521331,0.27476484924213074,0.8726779962543398,288.0000000012793,3,0.2028516368337312,E
Penrose,5681,1.9021130326,0.36926997474573287,0.8726779962543398,288.0000000012793,3,0.46665035180571546,E
Penrose,6299,0.6180339887493117,0.8578375563373287,0.16666666666500213,72.00000000177417,6,1.2983044820513336,B
Penrose,3098,2.2360679775000003,0.11553921378164422,0.8726779962533491,288.00000000098964,3,0.11363619625585963,E
Penrose,19552,1.1755705045741416,0.6576126868512753,0.2311477126607241,71.99999999872065,7,1.0674681971443847,A
Penrose,4078,2.0000000000247016,0.21514755010460762,0.8726779962543398,288.0000000012793,3,0.21896121810777203,E
Penrose,26314,1.9021130326,0.34906090403784784,0.8726779962625321,288.000000003675,3,0.36046750663369065,E
Penrose,8268,1.328131026102596,0.791352839413807,0.5393446629138938,215.99999999950518,3,1.1154092336274006,E
Penrose,2363,1.328131026102596,0.8208166658215773,0.2500000000114786,144.00000000049482,4,1.1344370935509227,D
Penrose,14955,1.9021130326297686,0.5512317550646164,0.8726779962543398,288.0000000012793,3,0.8836003223571969,E
Penrose,3216,1.1755705045741416,0.8715175467739933,6.463896085089739e-12,72.00000000177417,5,1.4118262751582822,C
Penrose,25916,1.1755705045741416,0.6237830657421987,0.8726779962438981,287.9999999982258,3,0.8302657431157628,E
Penrose,15813,1.1755705046,0.5367002876168456,0.6472135955015849,215.99999999950518,5,0.7510069711167886,C
Penrose,13987,1.9021130326297686,0.18672424543588606,0.8726779962543398,288.0000000012793,3,0.11460922224597847,E
Penrose,8559,1.1755705046317708,0.8325565339194794,0.16666666666128013,72.00000000177417,6,1.1883289380506548,B
Penrose,12743,0.0,0.5971780340986368,0.6472135955180686,216.0000000046646,5,0.7504058549855125,C
Penrose,26820,1.90211303257099,0.21630077120632218,0.8726779962438981,287.9999999982258,3,0.2553283926136207,E
Penrose,2442,1.1755705045366653,0.598722518660102,0.6472135955104827,216.0000000025587,5,0.9026281822887086,C
Penrose,26215,2.5262553337685234,0.25892675913428775,0.8726779962554144,288.0000000015936,3,0.2086605404564943,E
Penrose,24607,1.9021130326297684,0.2907304439965258,0.8726779962533492,288.00000000098964,3,0.4210700815595234,E
Penrose,3429,1.3281310261304726,0.20169058771450687,0.6472135955104827,216.0000000025587,5,0.16398219141003434,C
Penrose,8809,1.1755705046317708,0.5985480798277019,0.6472135955258713,216.00000000432922,5,0.8092216784328149,C
Penrose,9910,0.6180339887493117,0.5555955468106426,0.6472135954999785,215.99999999921548,5,0.8612392224600733,C
Penrose,12845,1.9021130326164595,0.1832977804342707,0.8090169943815098,288.0000000012793,2,0.11173504154984348,X
Penrose,7988,1.6180339887730115,0.8027173443177636,0.2500000000065367,144.00000000078452,4,1.101059149862277,D
Penrose,28315,2.526255333724267,0.2853612181298065,0.8726779962438981,287.9999999982258,3,0.2590772406148536,E
Penrose,16432,1.328131026031912,0.05926987324635502,0.872677996235706,287.9999999958302,3,0.06824168116636553,E
Penrose,21951,1.1755705045741416,0.5710698839844721,0.5393446629122908,215.99999999921548,3,0.8046421083096341,E
Penrose,2915,1.1755705045366651,0.6748867655410726,0.23114771266072417,71.99999999872065,7,0.9885099831021942,A
Penrose,14069,2.526255333747252,0.3510822029379964,0.8726779962543398,288.0000000012793,3,0.3781071321853511,E
Penrose,15861,1.9021130326164593,0.20367099600497018,0.8726779962543398,288.0000000012793,3,0.28053666636598074,E
Penrose,2173,1.1755705045741416,0.37942052435066786,0.6472135954776177,215.99999999584773,5,0.4715577340071937,C
Penrose,24413,0.6180339887483193,0.5465670564501258,0.8726779962533491,288.00000000098964,3,0.686655548150444,E
Penrose,4657,1.9021130326297686,0.21376670405541287,0.8726779962543398,288.0000000012793,3,0.20993372474401517,E
Penrose,14170,1.1755705046317708,0.5273697244253635,0.8726779962543398,288.0000000012793,3,0.6545236874664377,E
Penrose,14948,1.1755705045366653,0.5536240666038479,0.6472135955015849,215.99999999950518,5,0.7631821963086307,C
Penrose,11119,0.0,0.5911852282397171,0.6472135954999784,215.99999999921548,5,0.9336016615847764,C
Penrose,13993,1.1755705045741416,0.48566535200537875,0.8726779962543398,288.0000000012793,3,0.566467028056255,E
Penrose,23116,1.1755705046,0.3019908432012639,0.8726779962438981,287.9999999982258,3,0.3343575586843439,E
Penrose,21400,1.3281310260901853,0.28719336429932973,0.8726779962438981,287.99999999822586,3,0.3743585312294122,E
Penrose,19070,0.6180339887483193,0.7789356011037994,0.24999999997464556,143.9999999974413,4,1.094993386352531,D
Penrose,2713,1.1755705045741416,0.5476498602846525,0.6472135955104829,216.0000000025587,5,0.6865845960292744,C
Penrose,16948,0.6180339887483193,0.6234415908291064,0.5393446628704884,215.9999999916604,3,0.8045273054294232,E
Penrose,10407,0.6180339888070979,0.5628082206145593,0.5393446629138938,215.99999999950518,3,0.8177899598282331,E
Penrose,4924,1.1755705045366651,0.8143877486517757,0.23114771264890951,71.99999999901037,7,1.158672741105148,A
Penrose,2113,1.1755705046317708,0.5637361229959879,0.8726779962543398,288.0000000012793,3,0.7694064609819724,E
Penrose,21243,1.9021130325488669,0.6200193065819133,0.8726779962406264,287.9999999972691,3,0.8605671541685486,E
Penrose,23413,1.328131026102596,0.5304677139348127,0.5393446629122908,215.99999999921545,3,0.7219080393965698,E
Penrose,9544,1.1755705046329201,0.4725913673312304,0.6472135955170357,216.00000000287292,5,0.5730628029562813,C
Penrose,9096,0.0,0.600500948705549,0.6472135955170357,216.00000000287292,5,0.7629964411843764,C
Penrose,17606,1.3281310261304726,0.601221247591935,0.6472135955104827,216.0000000025587,5,0.9512412870920104,C
Penrose,25089,2.236067977521331,0.14469680444932287,0.872677996262532,288.000000003675,3,0.16345178042136133,E
Penrose,28390,1.328131026102596,0.2309626910429976,0.8726779962543398,288.0000000012793,3,0.13715607732661494,E
Penrose,18060,0.0,0.4554331166660678,0.647213595501585,215.99999999950518,5,0.6221622209455673,C
Penrose,2106,2.526255333739675,0.20634003126252887,0.8726779962692001,288.00000000562494,3,0.25150843980319393,E
Penrose,864,1.1755705045366651,0.6476698422090723,0.647213595501585,215.99999999950518,5,0.8439710126303407,C
Penrose,13844,1.9021130326297684,0.34065599119617584,0.8726779962543398,288.0000000012793,3,0.49901181848398335,E
Penrose,7081,1.1755705046,0.35505555350765294,0.8726779962543398,288.0000000012793,3,0.433431061909751,E
Penrose,5869,0.6180339888,0.4746139393403145,0.6472135955104827,216.0000000025587,5,0.5684122807422595,C
Penrose,4303,1.1755705045741416,0.8984980690133525,2.971642931726966e-11,72.00000000416983,5,1.424673568659374,C
Penrose,23378,1.6180339887000001,0.6548129457131745,0.5393446629122908,215.99999999921548,3,0.9478369423004264,E
Penrose,14093,1.3281310261169759,0.6486167825067053,0.6472135955170358,216.00000000287292,5,0.9561485165073003,C
Penrose,16311,1.1755705045366651,0.3601640736326621,0.8726779962543398,288.0000000012793,3,0.36949499992216017,E
Penrose,10810,1.9021130326164593,0.48306510086509,0.8726779962543398,288.0000000012793,3,0.7253560823352702,E
Penrose,14708,1.3281310260521826,0.441611665882377,0.8726779962543398,288.0000000012793,3,0.7127654961965567,E
Penrose,16369,1.1755705045741416,0.3498131832166539,0.6472135954946752,215.99999999950518,5,0.4844050274259888,C
Penrose,9656,0.6180339887483194,0.4771016265951924,0.5393446629325277,216.00000000287292,3,0.6973008817075258,E
Penrose,19288,1.9021130325709903,0.35004925520807295,0.8726779962554144,288.00000000159366,3,0.4339173751133223,E
Penrose,20993,0.6180339887493117,0.25099577043656185,0.8726779962625318,288.000000003675,3,0.32278344962858596,E
Penrose,20666,0.6180339886999999,0.7277724467472277,0.24999999999192013,143.9999999974413,4,1.01730835675718,D
Penrose,2698,0.6180339888070978,0.353465682858755,0.8726779962692,288.00000000562494,3,0.5266518106448759,E
Penrose,24979,0.6180339887802133,0.2844990612313105,0.8726779962554144,288.0000000015936,3,0.38877956717662654,E
Penrose,13990,1.1755705045741416,0.5237808606572176,0.6472135955015849,215.99999999950518,5,0.7306349746247943,C
Penrose,19156,2.236067977541876,0.3620126749153155,0.872677996262532,288.000000003675,3,0.5047060717618697,E
Penrose,24998,1.1755705046317708,0.32017718618032176,0.8726779962554144,288.0000000015936,3,0.43282994582516254,E
Penrose,8874,1.9021130326164595,0.25298516126845083,0.8726779962543398,288.0000000012793,3,0.3425270759614272,E
Penrose,19309,0.6180339887000001,0.6410225873700799,0.25000000003714556,144.0000000083396,4,1.0159642201985595,D
Penrose,9580,0.0,0.8911829818269787,2.0283552615308837e-11,72.00000000574586,5,1.3432126840159546,C
Penrose,9741,1.3281310261304724,0.7460625116513199,0.5393446629307889,216.0000000025587,3,1.044549831857645,E
Penrose,6770,1.3281310260319117,0.204517996532679,0.872677996235706,287.9999999958302,3,0.24053569389188567,E
Penrose,13455,1.3281310261406956,0.6663681490212902,0.2500000000065367,144.00000000078452,4,1.0208714496688094,D
Penrose,12183,1.1755705045,0.7960696627100712,0.1666666666743191,72.0000000041698,6,1.1880722307866316,B
Penrose,796,0.6180339887493117,0.5299425694385602,0.5393446629138937,215.99999999950518,3,0.6543379323409955,E
Penrose,6598,1.9021130326164595,0.615876520775768,0.6472135955258712,216.00000000432922,5,0.976263805729639,C
Penrose,2884,0.0,0.8404577428706501,0.16666666667102448,72.00000000177417,6,1.2655276544141856,B
Penrose,17701,1.9021130326164595,0.19147422610696507,0.8726779962533491,288.00000000098964,3,0.12405192400601095,E
Penrose,10233,1.9021130326164593,0.5352660915052376,0.6472135955180686,216.00000000466463,5,0.8293640689886114,C
Penrose,3746,1.1755705046317708,0.29196967679053887,0.8726779962543398,288.0000000012793,3,0.4159769444041923,E
Penrose,5673,0.6180339887802133,0.5911891375719054,0.8726779962543398,288.0000000012793,3,0.8276045714046929,E
Penrose,6784,0.0,0.8191562616936598,0.2500000000114786,144.00000000049482,4,1.1601316805274045,D
Penrose,488,0.6180339887802133,0.618049653294535,0.24999999999216513,143.99999999712708,4,0.9789252246265383,D
Penrose,8034,1.1755705046,0.4907387931288708,0.6472135954999785,215.99999999921548,5,0.7043392715666923,C
Penrose,4182,0.6180339887483194,0.3964824323853695,0.8726779962533491,288.00000000098964,3,0.60010167906364,E
Penrose,14705,1.328131026102596,0.6065858397355424,0.25000000001388406,144.00000000255505,4,0.7941556755505518,D
Penrose,2624,0.6180339887493117,0.9308115106010975,2.971649593064285e-11,72.0000000041698,5,1.457335593256638,C
Penrose,3349,1.1755705045741416,0.35577654863421637,0.8726779962692001,288.00000000562494,3,0.37900905347263225,E
Penrose,12660,1.1755705046,0.7430937115825613,0.23114771266072417,71.99999999872065,7,1.0858949409034435,A
Penrose,14360,0.6180339887493117,0.4333636311910083,0.8726779962543398,288.0000000012793,3,0.5166514439307767,E
Penrose,19773,1.9999999999684825,0.5606610091834305,0.5393446629122908,215.99999999921548,3,0.6986450182729332,E
Penrose,2789,1.9021130325709898,0.28697724664630875,0.872677996235706,287.99999999583014,3,0.2717387790845014,E
Penrose,17781,1.3281310261745944,0.9096321400413642,0.2500000000114786,144.00000000049482,4,1.3435132421284852,D
Penrose,7438,2.2360679775000003,0.30380010074663744,0.6472135955104827,216.0000000025587,5,0.4548904876622675,C
Penrose,3930,1.1755705046329201,0.3444658635582385,0.8726779962543398,288.0000000012793,3,0.42192790493003707,E
Penrose,25553,1.1755705046329201,0.20079699219879632,0.8726779962625321,288.000000003675,3,0.22768840042214888,E
Penrose,2555,0.0,0.696299137738952,0.23114771267738307,72.00000000177417,7,1.1055948691442559,A
Penrose,26287,1.1755705045741418,0.1278143263399074,0.8726779962438981,287.9999999982258,3,0.06618187264473918,E
Penrose,25696,2.2360679774467704,0.3579058180382272,0.872677996262532,288.000000003675,3,0.5372532935034564,E
Penrose,795,0.6180339887493117,0.882462081331417,6.463851676130616e-12,72.00000000177417,5,1.2404341835917807,C
Penrose,8509,1.3281310260849208,0.415542145328338,0.8726779962533491,288.00000000098964,3,0.48433407534779205,E
Penrose,25402,1.1755705046,0.30561304306203385,0.8726779962554144,288.0000000015936,3,0.40671999786788127,E
Penrose,10951,0.0,0.5911662523731536,0.24999999996994865,143.99999999533537,4,0.8909392702653651,D
Penrose,15051,0.0,0.6531378496274975,0.6472135955015849,215.99999999950518,5,0.9015407529345839,C
Penrose,1826,0.6180339886999999,0.41247864716676164,0.872677996235706,287.99999999583014,3,0.5899158043303449,E
Penrose,8189,1.1755705045366653,0.529866222767968,0.7694208842875487,251.99999999872065,4,0.7226949106552877,D
Penrose,6607,0.0,0.5628477531748943,0.2500000000114786,144.00000000049482,4,0.7455423236618832,D
Penrose,7757,1.328131026031912,0.5944504812335711,0.6472135954604828,215.9999999916604,5,0.7724663969157353,C
Penrose,16358,1.9021130325709898,0.3223921441098455,0.8726779962543398,288.0000000012793,3,0.508711380040173,E
Penrose,12237,2.0,0.6975124646495672,0.5393446628704884,215.9999999916604,3,0.9661927340746123,E
Penrose,7361,1.902113032521354,0.40614765295352195,0.872677996235706,287.99999999583014,3,0.46512046032066845,E
Penrose,12911,1.9021130326,0.3243394455639287,0.6243030102554988,216.00000000287295,4,0.48320254813246843,D
Penrose,7293,1.1755705046317708,0.5767607218013047,0.6472135955334569,216.00000000929995,5,0.7635975573407016,C
Penrose,5049,1.9021130326164595,0.16546119171361384,0.6472135955104827,216.0000000025587,5,0.10146097109510399,C
Penrose,20355,0.0,0.2539684866741472,0.8726779962438981,287.9999999982258,3,0.27525777406499974,E
Penrose,5265,1.3281310261169759,0.19527209471945006,0.8726779962543398,288.0000000012793,3,0.15551171637283745,E
Penrose,19896,2.236067977510974,0.40223369356873506,0.8726779962438981,287.9999999982258,3,0.5799154376553581,E
Penrose,23014,1.6180339887616626,0.4650532691969017,0.5393446629424411,216.00000000466463,3,0.6118615431999069,E
Penrose,10915,0.6180339887483193,0.5854027305295773,0.24999999996994865,143.99999999533537,4,0.8834145672615852,D
Penrose,3334,1.9021130326297686,0.1814754588552835,0.8726779962543398,288.0000000012793,3,0.14442392041447394,E
Penrose,23684,1.1755705045366651,0.7276268991884871,0.2311477126846238,72.00000000177417,7,1.0336477910419715,A
Penrose,27572,1.1755705046317708,0.5804541768214582,0.6243030102584728,216.00000000466463,4,0.8083909563283983,D
Penrose,22079,0.6180339887483194,0.639205838347594,0.5393446628936568,215.99999999584773,3,0.9228144236242283,E
Penrose,12343,1.328131026102596,0.5674085794431682,0.2500000000065367,144.00000000078452,4,0.8504519844793714,D
Penrose,27295,0.6180339887493116,0.5152629060698469,0.5393446629122908,215.9999999992155,3,0.8108226748260352,E
Penrose,6623,1.3281310261745942,0.8558473478908695,2.971642931726137e-11,72.00000000416983,5,1.257931999328606,C
Penrose,13385,1.1755705046317708,0.7160742874536281,0.23114771269760362,72.0000000041698,7,1.1477707002411026,A
Penrose,18767,2.5262553337685234,0.21279478829740028,0.8726779962543398,288.0000000012793,3,0.2110211540578797,E
Penrose,2998,1.175570504631771,0.21102998355136127,0.8726779962533491,288.00000000098964,3,0.29072254106955153,E
Penrose,14351,1.1755705046317708,0.8022227141022327,0.23114771265959808,72.00000000177417,7,1.2004332111268987,A
Penrose,17670,1.3281310261406956,0.9169046601120006,2.0283552615296685e-11,72.00000000574586,5,1.2975885629449861,C
Penrose,37,1.1755705045366651,0.49478872441959576,0.7694208842650788,251.99999999295724,4,0.6165120655017279,D
Penrose,10825,0.6180339887483193,0.6666990998242193,0.5393446629307889,216.0000000025587,3,0.8693650414952704,E
Penrose,18209,0.6180339887999999,0.1867777884345092,0.8726779962543398,288.0000000012793,3,0.26368366495519413,E
Penrose,17807,1.9021130326164595,0.20334805095987352,0.8726779962533491,288.00000000098964,3,0.2296336529808407,E
Penrose,16486,0.0,0.7291112694484401,0.2311477126884194,72.00000000574589,7,1.0086252723100273,A
Penrose,22492,1.9999999999684825,0.4565836094218164,0.5393446628936568,215.99999999584773,3,0.6695460865996601,E
Penrose,12315,1.1755705044932399,0.6972396310877536,0.6472135954977333,215.99999999744492,5,0.9229292266115989,C
Penrose,12044,1.618033988714233,0.4935331666408258,0.5393446629405854,216.00000000432925,3,0.7723954447314636,E
Penrose,27214,1.3281310260849208,0.5636954975032468,0.5393446629122908,215.99999999921548,3,0.7114923117393352,E
Penrose,9295,1.1755705045366651,0.8535347155957943,6.463896085051601e-12,72.00000000177417,5,1.3436989972128288,C
Penrose,7568,1.175570504631771,0.8170016256875561,0.16666666667102448,72.00000000177417,6,1.133420616478833,B
Penrose,3682,2.2360679775,0.31231301444366144,0.8726779962461673,287.99999999888945,3,0.42016840749840556,E
Penrose,20859,1.1755705046317708,0.21443306994894407,0.6243030102382249,215.99999999921548,4,0.1541234819724655,D
Penrose,13815,1.1755705046317708,0.46960673318723145,0.8726779962543398,288.0000000012793,3,0.7579033040548062,E
Penrose,9105,1.6180339887000001,0.28502492897836673,0.8726779962303164,287.99999999425415,3,0.26125209928349546,E
Penrose,8549,1.6180339887000001,0.3416420078166673,0.8726779962533491,288.00000000098964,3,0.38118391207689784,E
Penrose,25100,2.526255333724267,0.24481651617111688,0.8726779962438981,287.9999999982258,3,0.3338712456382489,E
Penrose,12414,0.6180339888,0.6810334065500319,0.5393446629325278,216.00000000287292,3,0.9865647304474063,E
Penrose,14464,0.6180339887483193,0.6255385172128628,0.6472135954776177,215.99999999584773,5,0.9479517453039746,C
Penrose,11042,1.328131026102596,0.6977422062281025,0.5393446629138937,215.99999999950518,3,0.9994120239654516,E
Penrose,16065,1.3281310261406956,0.4316317874394594,0.8726779962543398,288.0000000012793,3,0.47440466075143073,E
Penrose,11219,1.9021130325488669,0.6126635652027581,0.6472135954977333,215.99999999744492,5,0.8058443405723991,C
Penrose,8717,1.328131026113568,0.6521931703762495,0.6472135955104829,216.0000000025587,5,0.8576761294439189,C
Penrose,4364,1.1755705045366653,0.42951024312303043,0.647213595501585,215.99999999950518,5,0.5082250668153502,C
Penrose,23933,0.0,0.0917554548887839,0.8090169943800236,288.00000000098964,2,0.11528129057421621,X
Penrose,9090,1.6180339886921098,0.2675257312062761,0.872677996235706,287.99999999583014,3,0.2909082961905691,E
Penrose,2797,1.9021130326164593,0.453443246426532,0.8726779962533492,288.00000000098964,3,0.5058644531521035,E
Penrose,9846,0.6180339887483193,0.6030427542048375,0.6472135954999785,215.99999999921548,5,0.7636685094823503,C
Penrose,2196,1.17557050463292,0.7749154640124143,0.2311477126884194,72.00000000574586,7,1.09402076001712,A
Penrose,13637,1.1755705045741416,0.7069100062138264,0.23114771267738307,72.00000000177418,7,1.0621456065496666,A
Penrose,16228,0.6180339887000001,0.12906798842096312,0.872677996235706,287.99999999583014,3,0.02801110273944163,E
Penrose,8319,1.3281310261304724,0.7274105353047499,0.2500000000065367,144.00000000078452,4,1.1680717445158861,D
Penrose,14516,1.3281310261406956,0.2441073425411926,0.6472135954946752,215.99999999950518,5,0.27817605274857504,C
Penrose,13823,1.3281310260521826,0.22889647973249705,0.8726779962603944,288.0000000030499,3,0.3060454983259415,E
Penrose,10266,2.5262553337021534,0.31005309986048435,0.6472135954776177,215.99999999584773,5,0.29896341028535534,C
Penrose,6669,2.2360679775213304,0.47184159770005707,0.8726779962543398,288.0000000012793,3,0.5925769761178511,E
Penrose,27926,1.328131026031912,0.3255131182706208,0.872677996235706,287.99999999583014,3,0.2887334377201922,E
Penrose,11108,1.1755705046,0.5445163392630519,0.6472135955015849,215.99999999950518,5,0.6649394151502623,C
Penrose,2054,1.3281310260901853,0.1883420522719803,0.6472135954999785,215.99999999921548,5,0.2318085115851065,C
Penrose,7860,0.6180339887493117,0.6103855517286996,0.6243030102375471,215.99999999950518,4,0.8047569112772397,D
Penrose,4544,1.3281310260901853,0.8537246106124063,6.463884982859493e-12,72.00000000177417,5,1.3635137283988072,C
Penrose,14145,1.1755705045741416,0.5112942466333934,0.8726779962543398,288.0000000012793,3,0.6215611047600473,E
Penrose,2094,1.1755705046317708,0.2648531157665237,0.8726779962533492,288.00000000098964,3,0.3349586748560007,E
Penrose,16928,0.6180339886999999,0.45078537729490764,0.8726779962357057,287.99999999583014,3,0.6992461344390047,E
Penrose,7585,1.1755705045741416,0.2824632596943195,0.8726779962692001,288.00000000562494,3,0.234125674124676,E
Penrose,8736,1.3281310260901853,0.6900598254415584,0.24999999999750322,144.00000000049482,4,0.9868652885072218,D
Penrose,27474,1.3281310260901853,0.6306401171099472,0.5393446628936568,215.9999999958477,3,0.823298458095411,E
Penrose,14229,1.3281310260941614,0.1809583417275311,0.872677996235706,287.9999999958302,3,0.2770172716735828,E
Penrose,14958,1.1755705045366653,0.4996095104439112,0.6472135955015849,215.99999999950518,5,0.6779724637796092,C
Penrose,13764,1.175570504631771,0.18141365870598702,0.8726779962543398,288.0000000012793,3,0.2863018718676906,E
Penrose,17735,0.6180339887483194,0.9893715045304712,2.0283552615296685e-11,72.00000000574589,5,1.432012516571881,C
Penrose,9778,0.6180339887483193,0.8273322331654911,0.23114771269760362,72.00000000416983,7,1.155710764131706,A
Penrose,16890,1.1755705045741416,0.3640219120790591,0.8726779962543398,288.0000000012793,3,0.35424324204948454,E
Penrose,20908,0.6180339887802133,0.5351166374085781,0.5393446628936569,215.99999999584773,3,0.8677203469603446,E
Penrose,20367,1.1755705045741416,0.3270107657316276,0.8726779962554144,288.0000000015936,3,0.37840793734789435,E
Penrose,25904,1.9021130326297686,0.27413242636145163,0.8726779962438981,287.9999999982258,3,0.3684075707071637,E
Penrose,8766,1.6180339887,0.2769702673843978,0.8726779962692001,288.00000000562494,3,0.4228295791168495,E
Penrose,722,1.3281310261304726,0.31946381443511995,0.6472135955104827,216.0000000025587,5,0.4960498415856456,C
Penrose,12879,1.3281310260849206,0.23392499300936542,0.6472135954776176,215.99999999584773,5,0.3527133504421265,C
Penrose,4095,1.328131026102596,0.7876992862613301,0.24999999999750322,144.00000000049482,4,1.1587436931725836,D
Penrose,25095,1.1755705046317708,0.19561493002916808,0.8726779962280472,287.99999999359056,3,0.24866151307051076,E
Penrose,3450,1.1755705045366653,0.6597189419503673,0.6472135954999785,215.99999999921548,5,0.9749906213462276,C
Penrose,416,1.3281310260849208,0.7385460034866818,0.2499999999921651,143.99999999712708,4,1.1718915447845804,D
Penrose,19386,1.1755705045,0.3403721200332088,0.8726779962280472,287.99999999359056,3,0.4739183476534381,E
Penrose,8979,1.328131026102596,0.8193301589701307,6.463896085051601e-12,72.00000000177417,5,1.3187912814681941,C
Penrose,12483,1.17557050463292,0.5954890508567061,0.5393446629307889,216.0000000025587,3,0.7511927262082557,E
Penrose,276,1.1755705046,0.8075853962947878,0.23114771267738307,72.00000000177417,7,1.1214749971463562,A
Penrose,9300,1.3281310261304726,0.9066173261461703,6.463851676130616e-12,72.00000000177417,5,1.3187912815045466,C
Penrose,8300,1.328131026102596,0.7293566469987249,0.5393446629138938,215.99999999950518,3,1.0094121435254844,E
Penrose,1699,1.1755705045741416,0.6246989226227522,0.6472135954946752,215.99999999950518,5,0.963416512253509,C
Penrose,3856,1.1755705046317708,0.9670931534387568,6.463851676130616e-12,72.00000000177417,5,1.4118262751054065,C
Penrose,18404,0.0,0.6974991903215723,0.24999999997918643,143.99999999567078,4,0.9356617171421382,D
Penrose,4855,1.1755705045741416,0.632947257772378,0.647213595501585,215.99999999950518,5,0.962329082979109,C
Penrose,25996,1.1755705046329201,0.32867622237493477,0.8726779962554144,288.00000000159366,3,0.32035188382262625,E
Penrose,18381,1.1755705045366653,0.5749701274571839,0.5393446628936569,215.99999999584773,3,0.9029996925317557,E
Penrose,14867,1.1755705046317708,0.3762368530412943,0.6243030102503502,216.0000000025587,4,0.5677402124788145,D
Penrose,13105,0.6180339887493116,0.5821371831382331,0.5393446629138938,215.99999999950518,3,0.824642594564261,E
Penrose,13775,1.1755705046317708,0.7264959013880223,0.16666666666500213,72.00000000177417,6,1.1475849450691742,B
Penrose,2190,0.0,0.5353625104890125,0.8726779962533492,288.00000000098964,3,0.8457305101278279,E
Penrose,10401,1.328131026031912,0.6578239938315238,0.5393446629138938,215.99999999950518,3,0.9556622033632111,E
Penrose,1921,1.6180339887000001,0.3954720757544199,0.8726779962303164,287.99999999425415,3,0.40780742715751783,E
Penrose,9206,1.1755705045741416,0.19379911412895168,0.872677996235706,287.99999999583014,3,0.17315134197771131,E
Penrose,4907,1.3281310260901853,0.6913700756123514,0.2499999999975032,144.0000000004948,4,1.0420741681932046,D
Penrose,5571,0.6180339887493117,0.6108840128466309,0.16666666664663238,72.0000000041698,6,0.9895974124794665,B
Penrose,26572,1.9021130326297684,0.1598974852666566,0.8726779962438981,287.9999999982258,3,0.16150652777740993,E
Penrose,7955,1.3281310260941614,0.7730974722237515,6.463896085051601e-12,72.00000000177417,5,1.2321935616375446,C
Penrose,18764,0.6180339887483192,0.4304596009170524,0.5393446629424411,216.00000000466463,3,0.6747099288343531,E
Penrose,25890,1.6180339887616626,0.38875948853320097,0.8726779962438981,287.9999999982258,3,0.4328299458260352,E
Penrose,13327,1.3281310260901853,0.5024407736159613,0.6472135954999784,215.99999999921548,5,0.6176267487696021,C
Penrose,917,2.2360679775213304,0.3574784448209526,0.8726779962533492,288.00000000098964,3,0.40227207464680026,E
Penrose,863,1.3281310260901853,0.5367189395353444,0.24999999999750322,144.00000000049482,4,0.8025111005948575,D
Penrose,23729,1.1755705046317708,0.2995165110852196,0.8726779962533492,288.00000000098964,3,0.3997964109451666,E
Penrose,3578,1.1755705045366651,0.2923752241266353,0.8726779962303164,287.99999999425415,3,0.38076855106223073,E
Penrose,14735,2.526255333752833,0.2405788848053102,0.8726779962357057,287.99999999583014,3,0.15000337076964954,E
Penrose,27246,2.2360679774158685,0.43062866555722135,0.8726779962219926,287.99999999181995,3,0.4994271794928342,E
Penrose,3358,1.328131026113568,0.539095635479998,0.6472135955199934,216.0000000025587,5,0.8452441970079527,C
Penrose,19607,1.6180339887730113,0.22744723990305982,0.8726779962543398,288.0000000012793,3,0.2167863595395252,E
Penrose,19488,0.6180339887493116,0.7234849621559423,0.24999999999750322,144.00000000049482,4,1.1521916165463888,D
Penrose,27732,0.6180339887802133,0.5964746444814034,0.8726779962554144,288.00000000159366,3,0.7851279351928266,E
Penrose,12563,1.3281310261406956,0.6170559690572943,0.2500000000205122,144.0000000041523,4,0.9091802589020576,D
Penrose,25366,1.1755705046317706,0.1261639491963037,0.8726779962625321,288.000000003675,3,0.14442392047434605,E
Penrose,12570,1.1755705046317708,0.30687181611574654,0.6472135955180685,216.00000000466463,5,0.4715577339294845,C
Penrose,13807,1.1755705046317708,0.1964803640762276,0.8726779962543398,288.0000000012793,3,0.25271091914825394,E
Penrose,3467,0.6180339887,0.8934484518701278,6.463851676130616e-12,72.00000000177417,5,1.3510379450787395,C
Penrose,4010,0.0,0.6174038353681504,0.6472135955104829,216.0000000025587,5,0.9362628331852594,C
Penrose,871,1.3281310261406956,0.6026417917713158,0.24999999999750325,144.00000000049482,4,0.7977894736141732,D
Penrose,25862,1.9021130326297686,0.4572384591618177,0.8726779962438981,287.9999999982258,3,0.7087601879552726,E
Penrose,6107,1.1755705045741416,0.7730593918141885,0.23114771268462378,72.00000000177417,7,1.240920496792375,A
Penrose,1706,1.6180339887730113,0.21460700463690763,0.8726779962543398,288.0000000012793,3,0.2502352554045597,E
Penrose,19000,0.0,0.5833667055089244,0.8726779962438981,287.9999999982258,3,0.7828821245113174,E
Penrose,5929,0.6180339887483193,0.38614127633990536,0.8726779962303164,287.9999999942541,3,0.4316715644729332,E
Penrose,27095,1.6180339886921098,0.5238429410140335,0.5393446629138938,215.99999999950518,3,0.658573093625618,E
Penrose,13968,0.6180339887493117,0.4805954841062253,0.5393446629307889,216.0000000025587,3,0.7522801555021364,E
Penrose,15860,0.6180339887483193,0.6384684822022184,0.1666666666743191,72.0000000041698,6,1.0172374046367132,B
Penrose,1846,1.9021130325213538,0.46296173676481955,0.872677996235706,287.99999999583014,3,0.679546206224412,E
Penrose,5989,0.0,0.24900607805911867,0.6472135954776177,215.9999999958477,5,0.2769463195515567,C
Penrose,14575,0.618033988654206,0.5564680142269799,0.6472135954661434,215.99999999486985,5,0.8579057354072306,C
Penrose,18409,1.1755705046,0.43458701792331367,0.8726779962438981,287.9999999982258,3,0.5724616867800429,E
Penrose,27002,1.1755705046,0.595020543072633,0.5393446629325278,216.00000000287295,3,0.8454299520181235,E
Penrose,8666,1.1755705046,0.16763015336870235,0.7163203805761371,251.99999999872065,3,0.2041685193485716,E
Penrose,19912,0.6180339887483193,0.7621371988207117,0.24999999997464556,143.9999999974413,4,1.072490382206258,D
Penrose,3512,0.6180339887999999,0.5345271165963659,0.5393446629138937,215.99999999950518,3,0.6539225713391725,E
Penrose,25938,1.1755705045741416,0.34261527109997136,0.8726779962554144,288.0000000015936,3,0.3231988106650714,E
Penrose,19006,1.1755705045741416,0.4351977497707714,0.8726779962625321,288.000000003675,3,0.5071376375409502,E
Penrose,28219,1.1755705045366653,0.4807822499022949,0.8726779962543398,288.0000000012793,3,0.5735491160785438,E
Penrose,9524,0.6180339887493117,0.7725348783824418,0.24999999996994862,143.99999999533537,4,1.048396638999387,D
Penrose,2364,0.6180339887483193,0.7252956165996651,0.1666666666710245,72.00000000640951,6,1.0544351484844352,B
Penrose,13455,0.6180339887483192,0.6663681490212902,0.2500000000065367,144.00000000078452,4,1.0208714496688094,D
Penrose,2670,2.526255333739675,0.36559458894008945,0.8726779962533491,288.00000000098964,3,0.5064655692698148,E
Penrose,16496,0.6180339887999999,0.7910346501528459,0.2311477126884194,72.00000000574589,7,1.1146223624119433,A
Penrose,10613,1.1755705046,0.5387209042535195,0.6472135954776177,215.99999999584773,5,0.8634140809880009,C
Penrose,2760,0.618033988654206,0.9495436912817407,1.526488855072837e-11,72.00000000818002,5,1.3507373870543142,C
Penrose,4012,1.90211303257099,0.3769381862991976,0.647213595501585,215.99999999950518,5,0.40604792957943947,C
Penrose,18488,0.0,0.6582146432348444,0.5393446629122908,215.99999999921548,3,0.8569331090349072,E
Penrose,22332,1.1755705045366653,0.1307275561055964,0.6472135954604828,215.99999999166042,5,0.19229425198172057,C
Penrose,21926,1.1755705046,0.23733388887682172,0.872677996262532,288.000000003675,3,0.29713256083272666,E
Penrose,24854,1.1755705045366653,0.7009262843229929,0.23114771268841938,72.00000000574586,7,0.9995268269285684,A
Penrose,3966,1.3281310261304724,0.6395782907053948,0.6472135955104829,216.0000000025587,5,1.0167510914213027,C
Penrose,2271,1.17557050463292,0.687270055438225,0.5393446629325278,216.00000000287292,3,1.0857091858620338,E
Penrose,24638,1.1755705046,0.17762985955527877,0.6243030102375472,215.99999999950518,4,0.11884438350723414,D
Penrose,14133,0.6180339887,0.22306875921419922,0.8726779962543398,288.0000000012793,3,0.12363656297635828,E
Penrose,26942,1.1755705045741416,0.3535096193134464,0.8726779962438981,287.9999999982258,3,0.391255230842118,E
Penrose,5205,1.9021130326164593,0.42848935882972006,0.8726779962543398,288.0000000012793,3,0.5691284468169999,E
Penrose,26253,2.236067977510974,0.4278059355812618,0.8726779962438981,287.9999999982258,3,0.5115587064545638,E
Penrose,2312,1.9021130326,0.6904338984496117,0.6472135955170358,216.00000000287292,5,0.9475363842056864,C
Penrose,21254,1.1755705046,0.16181060067895936,0.8726779962438981,287.9999999982258,3,0.08599620403442221,E
Penrose,28122,0.6180339888,0.6129133422509441,0.2500000000205122,144.00000000415227,4,0.8501952772843301,D
Penrose,16108,1.3281310261406956,0.731071330765622,0.2500000000205122,144.00000000415227,4,1.1591590542216654,D
Penrose,4665,1.1755705046329201,0.6390313474392533,0.6472135955199934,216.0000000025587,5,0.8233694102212997,C
Penrose,12399,0.6180339887493117,0.7863985798174407,0.24999999996994862,143.99999999533537,4,1.1583721830156022,D
Penrose,15775,1.9021130326164593,0.025350927012514735,0.8726779962543398,288.0000000012793,3,0.028426463675045532,E
Penrose,18295,1.9021130325709898,0.25336702689739243,0.8726779962625321,288.000000003675,3,0.34889339758586724,E
Penrose,3608,1.3281310260901853,0.7061649632809325,0.2499999999921651,143.99999999712708,4,0.9875373567595622,D
Penrose,1593,0.0,0.4135308855108164,0.8726779962543398,288.0000000012793,3,0.49942717945699866,E
Penrose,5632,1.3281310260901853,0.683315036901904,0.24999999999750322,144.00000000049482,4,0.9962642920036616,D
Penrose,4750,1.3281310260849206,0.5157914520842743,0.8726779962533492,288.00000000098964,3,0.7753574215403415,E
Penrose,20827,1.9999999999906057,0.22859772506596476,0.6472135955180685,216.0000000046646,5,0.17914600064877106,C
Penrose,3439,0.6180339887483193,0.7364428008740916,0.2499999999975032,144.0000000004948,4,1.0219588789837142,D
Penrose,6229,0.6180339887999999,0.5629384235764274,0.8726779962543398,288.0000000012793,3,0.7565591675278855,E
Penrose,14305,1.6180339887730115,0.4909326245671285,0.8726779962543398,288.0000000012793,3,0.7776032322929975,E
Penrose,8752,0.6180339887493117,0.7210069319004839,0.24999999999750322,144.00000000049482,4,1.146196957817099,D
Penrose,7557,1.9021130326164593,0.24840302238762757,0.8726779962533492,288.00000000098964,3,0.24331166855963415,E
Penrose,8230,2.2360679775000003,0.14710689758664464,0.8726779962303164,287.99999999425415,3,0.17611331879051106,E
Penrose,1885,1.1755705045741416,0.3399233217469969,0.8726779962303164,287.99999999425415,3,0.37324384805845034,E
Penrose,4296,0.6180339888,0.9083132563726686,6.463840573938508e-12,72.00000000177417,5,1.3838857248177223,C
Penrose,25113,1.1755705045741416,0.13245888140755835,0.8726779962438981,287.99999999822586,3,0.14333649123941727,E
Penrose,6396,1.1755705046317708,0.7351718601974905,0.2311477126884194,72.00000000574586,7,1.0209862526724311,A
Penrose,7773,1.6180339886921098,0.3478673872679866,0.872677996235706,287.99999999583014,3,0.41155627514202386,E
Penrose,10619,1.1755705046329201,0.4703392076791739,0.6472135954776176,215.99999999584773,5,0.7237823400076466,C
Penrose,3858,1.1755705046317708,0.3958464196210746,0.6472135955104827,216.0000000025587,5,0.5904021175135854,C
Penrose,12786,1.1755705046317708,0.6019580623218879,0.6472135955180686,216.0000000046646,5,0.7583459190118826,C
Penrose,4366,0.6180339887802133,0.24071987409232676,0.8726779962543398,288.0000000012793,3,0.24866151295175132,E
Penrose,16879,2.2360679775000003,0.32216675873781286,0.8726779962543398,288.0000000012793,3,0.47391834756598317,E
Penrose,23174,1.328131026102596,0.6659511588333303,0.5393446629122908,215.99999999921548,3,0.9357055679434412,E
Penrose,20709,2.526255333773762,0.22559302770470568,0.8726779962438981,287.9999999982258,3,0.208660540421594,E
Penrose,4780,0.6180339887,0.8404667029369326,0.25000000001388406,144.00000000255505,4,1.1677711864034448,D
Penrose,7233,1.3281310261304726,0.6906057116688016,0.6472135955258713,216.00000000432922,5,0.9311259978626832,C
Penrose,18748,0.6180339887493117,0.5701901792302759,0.6243030102382249,215.99999999921548,4,0.8174184496117693,D
Penrose,2440,0.6180339887493117,0.7775319657970088,0.2311477126846238,72.00000000177417,7,1.0603861090587743,A
Penrose,1204,1.1755705045366651,0.8623983205633813,0.2311477126743327,72.0000000041698,7,1.2336525010277346,A
Penrose,24595,2.236067977521331,0.24264309909369086,0.8090169943800236,288.00000000098964,2,0.14958800979683518,X
Penrose,23281,0.6180339887802133,0.6924645957785565,0.5393446628936568,215.99999999584773,3,1.0281394454753698,E
Penrose,7038,1.328131026113568,0.3616172977741168,0.8726779962603943,288.0000000030499,3,0.511558706537351,E
Penrose,25636,1.618033988666557,0.3289882017066209,0.8726779962625321,288.000000003675,3,0.45361730331755745,E
Penrose,25212,2.236067977510974,0.253221509727512,0.8726779962438981,287.99999999822586,3,0.3692653941038495,E
Penrose,26281,1.1755705045741418,0.1814324856918358,0.8726779962438981,287.99999999822586,3,0.242896307568353,E
Penrose,7765,1.1755705045366653,0.5255365131682965,0.872677996235706,287.99999999583014,3,0.6910493631989398,E
Penrose,25632,0.6180339887493117,0.297293200629701,0.8726779962438981,287.9999999982258,3,0.283869906349983,E
Penrose,12902,1.3281310261599866,0.6464502301157318,0.6472135955180685,216.00000000466463,5,0.8373041329606264,C
Penrose,19945,0.6180339887493117,0.5302031877899347,0.5393446629424411,216.00000000466463,3,0.8299651851158767,E
Penrose,20344,0.6180339887483194,0.8142419089668296,0.2500000000371456,144.0000000083396,4,1.158787544007738,D
Penrose,4474,0.6180339887483194,0.5177379297397434,0.6472135954977333,215.99999999744495,5,0.718273994364913,C
Penrose,15990,1.9021130326,0.4828861297587911,0.6472135955170358,216.00000000287292,5,0.7126945439513066,C
Penrose,17769,2.2360679775,0.36656850900232363,0.8726779962533491,288.00000000098964,3,0.5071376375095944,E
Penrose,26824,1.618033988666557,0.4050586076822277,0.8726779962219926,287.99999999181995,3,0.4785961238295847,E
Penrose,10854,1.9021130326164593,0.2727491850011263,0.6472135954999784,215.99999999921548,5,0.2334536058612311,C
Penrose,21167,1.1755705045741416,0.23142134136735304,0.8726779962280472,287.9999999935905,3,0.287389301193147,E
Penrose,1500,0.6180339887483193,0.5734920302701444,0.2499999999975032,144.00000000049482,4,0.8937154919773889,D
Penrose,19194,0.0,0.6710280742913736,0.2500000000205122,144.0000000041523,4,1.0666813259150183,D
Penrose,3447,0.6180339887483193,0.9722692277249195,6.463840573938508e-12,72.00000000177417,5,1.391525230785385,C
Penrose,10861,1.1755705046317708,0.6253753868790141,0.5393446629405854,216.00000000432922,3,0.8544304384501196,E
Penrose,17641,1.3281310260319117,0.7694164033666502,2.971646262395211e-11,72.00000000416983,5,1.2127941914017577,C
Penrose,9077,1.3281310260849206,0.3250852904637682,0.8726779962303164,287.99999999425415,3,0.3031544736003502,E
Penrose,10026,1.9021130326164595,0.5442199946997455,0.7694208842903552,251.99999999872065,4,0.8636709408324952,D
Penrose,3927,1.6180339887616626,0.7474464247519125,0.24999999999750322,144.00000000049482,4,1.0936492498049109,D
Penrose,19668,1.9021130326,0.3337053313054631,0.8726779962438981,287.9999999982258,3,0.38702006960991464,E
Penrose,1387,1.17557050463292,0.13576065231115186,0.6472135955015849,215.99999999950518,5,0.18502625626743852,C
Penrose,4405,0.6180339887483193,0.4431749274806781,0.8726779962533491,288.00000000098964,3,0.5284113082022016,E
Penrose,10441,0.6180339887999999,0.6044155708304189,0.5393446629307889,216.0000000025587,3,0.7633679513794823,E
Penrose,14273,1.3281310261304726,0.5309575403748785,0.5393446629307889,216.0000000025587,3,0.716558194932856,E
Penrose,16988,0.6180339887999999,0.5394290828130645,0.8726779962603943,288.0000000030499,3,0.6525345840713949,E
Penrose,10165,1.1755705045741416,0.505277103704227,0.6472135954999784,215.99999999921548,5,0.6007027951810868,C
Penrose,25220,0.6180339887483192,0.16114653587359817,0.8726779962280471,287.9999999935905,3,0.2313931506496001,E
Penrose,4346,1.3281310260849206,0.6573765927090828,0.6472135954999785,215.99999999921548,5,1.0012863244186128,C
Penrose,6914,1.1755705045741416,0.24782401381640629,0.8726779962543398,288.0000000012793,3,0.2683614411512314,E
Penrose,3755,1.3281310261304726,0.7286297030114925,0.2500000000065367,144.00000000078452,4,1.1587436932779127,D
Penrose,14437,1.1755705045366651,0.29941176460133645,0.8726779962543398,288.0000000012793,3,0.468224094386932,E
Penrose,10528,1.1755705045,0.2511110101245798,0.6472135955158234,216.0000000028941,5,0.40496050030631126,C
Penrose,11936,0.6180339887,0.5142044640461172,0.5393446629138937,215.99999999950518,3,0.7111208015737387,E
Penrose,20899,1.328131026102596,0.8107130068746864,6.463896085089739e-12,72.00000000177417,5,1.2778886347417346,C
Penrose,2823,0.6180339887483193,0.869541856768022,0.1666666666497637,71.99999999872065,6,1.2573308832651229,B
Penrose,8732,1.3281310261304726,0.8045387940840532,6.463851676130616e-12,72.00000000177417,5,1.285828698878865,C
Penrose,16639,1.1755705045741416,0.8249598250276506,0.1666666666743191,72.00000000416983,6,1.146683270866692,B
Penrose,16451,1.175570504631771,0.6985022079245297,0.1666666666650022,72.00000000177417,6,1.102447137146238,B
Penrose,28238,1.9021130326297684,0.4329998566421128,0.8726779962438981,287.9999999982258,3,0.5062798141927838,E
Penrose,14558,0.6180339887999999,0.8219065427086603,0.2311477126884194,72.00000000574589,7,1.1721921027299964,A
Penrose,4924,0.6180339887,0.8143877486517757,0.23114771264890951,71.99999999901037,7,1.158672741105148,A
Penrose,4590,1.1755705045366651,0.24106575838879074,0.8726779962533492,288.00000000098964,3,0.2944713891653785,E
Penrose,10612,0.6180339887483193,0.6360720204545018,0.2500000000205122,144.00000000415227,4,0.9012401948521653,D
Penrose,7206,2.000000000049384,0.14658493419218832,0.8726779962533491,288.00000000098964,3,0.19405374940034625,E
Penrose,11623,1.1755705045741416,0.8961902369915448,0.1666666666743191,72.0000000041698,6,1.3432126840686698,B
Penrose,11837,1.1755705045741416,0.5772795672966162,0.6472135955153667,216.00000000385077,5,0.7184597493719808,C
Penrose,9734,1.1755705046317708,0.5468814540736311,0.5393446629138938,215.99999999950518,3,0.7505206579132171,E
Penrose,7580,0.0,0.6960083713126499,0.6472135954946752,215.99999999950518,5,0.9223281104843336,C
Penrose,27106,1.1755705045366651,0.5238762359298801,0.6243030102503502,216.0000000025587,4,0.8169321365192462,D
Penrose,26282,1.6180339887616626,0.5200614562440982,0.8726779962438981,287.9999999982258,3,0.8260305819244033,E
Penrose,10355,1.1755705045366651,0.6713940459219464,0.5393446629138938,215.99999999950518,3,0.9757774926049456,E
Penrose,2996,1.3281310261599866,0.746998266628577,2.9716507032873096e-11,72.0000000041698,5,1.19267890219963,C
Penrose,10916,1.3281310260319117,0.6093589377054351,0.5393446628802847,215.99999999343092,3,0.9636022674385374,E
Penrose,19687,0.6180339887493117,0.5718059804338367,0.5393446629122908,215.99999999921548,3,0.9285796290826143,E
Penrose,7662,1.9021130325213538,0.31803616552079284,0.8726779962303164,287.99999999425415,3,0.42549099791864164,E
Penrose,10691,0.6180339888,0.4458234249428963,0.2500000000205122,144.00000000415227,4,0.6628793595865925,D
Penrose,15855,1.1755705045741416,0.5271728283396342,0.6472135954946752,215.99999999950518,5,0.6698466446127529,C
Penrose,9715,1.9021130326164593,0.3250265705161002,0.6472135954999784,215.99999999921548,5,0.3436858571218755,C
Penrose,7708,0.6180339887802133,0.701561003091008,0.24999999999216513,143.99999999712708,4,1.0943213180751898,D
Penrose,28320,0.0,0.44175077473492097,0.8726779962438981,287.9999999982258,3,0.536581225130869,E
Penrose,14654,2.526255333703961,0.29087550410664886,0.8726779962543398,288.0000000012793,3,0.4131300176831396,E
Penrose,485,0.6180339886999999,0.6821060292491103,0.6472135954604828,215.9999999916604,5,0.9236012948667489,C
Penrose,15803,1.328131026102596,0.48928632405323513,0.6472135955015849,215.99999999950518,5,0.6657972385073814,C
Penrose,17629,0.6180339887493117,0.8222419063849622,0.25000000001147865,144.00000000049482,4,1.1676563834796942,D
Penrose,3493,2.000000000049384,0.22655982315743162,0.6472135954999785,215.99999999921548,5,0.23645903379563382,C
Penrose,3635,0.6180339887483193,0.5184768566210383,0.24999999996994862,143.99999999533537,4,0.830752056345243,D
Penrose,18511,1.3281310260941614,0.7879255054970808,0.2499999999699486,143.99999999533537,4,1.257888148605026,D
Penrose,28364,2.5262553337242672,0.16463448756062227,0.9510565162916563,323.9999999987032,2,0.1995620950726671,X
Penrose,4861,1.1755705045366653,0.5923275365735775,0.8726779962533491,288.00000000098964,3,0.7868605785148695,E
Penrose,27270,0.618033988654206,0.6083292737272544,0.8726779962219926,287.99999999181995,3,0.7828821245480101,E
Penrose,6141,2.0000000000247016,0.22116447215066437,0.8726779962543398,288.0000000012793,3,0.20926165653188722,E
Penrose,19141,1.9021130325,0.4502188985342096,0.872677996233509,287.99999999518775,3,0.659846278017179,E
Penrose,18571,1.1755705045741416,0.5459838762764468,0.8726779962438981,287.9999999982258,3,0.7492474736017459,E
Penrose,22253,2.000000000049384,0.5780446337227636,0.5393446629122908,215.99999999921548,3,0.8028826107836413,E
Penrose,26350,1.1755705046,0.29329574994036567,0.8726779962438981,287.9999999982258,3,0.393386391195067,E
Penrose,16522,0.6180339887493117,0.6925259955568935,0.23114771267738304,72.00000000177417,7,1.0001988951708507,A
Penrose,26202,1.9021130326,0.26463713130924316,0.8726779962438981,287.9999999982258,3,0.22083576562220308,E
Penrose,21912,1.3281310260849208,0.6149487780104224,0.5393446628936569,215.99999999584773,3,0.8629277678358273,E
Penrose,8906,1.175570504631771,0.22019201784067022,0.8726779962543398,288.0000000012793,3,0.2863018718456223,E
Penrose,24749,0.0,0.07354461071240459,0.6243030102375471,215.99999999950518,4,0.10146097106018503,D
Penrose,14503,1.1755705045741416,0.626967400064689,0.6472135954946752,215.99999999950518,5,0.9218417972974712,C
Penrose,9085,0.6180339887483193,0.3150513116808359,0.8726779962303164,287.99999999425415,3,0.31282718093397777,E
Penrose,5923,0.6180339887802133,0.893654263692675,2.0283552615296685e-11,72.00000000574589,5,1.2851566305062774,C
Penrose,22646,1.9021130326297684,0.18026419676929506,0.8090169943658471,287.9999999982258,2,0.19599900203514764,X
Penrose,11333,1.3281310260849206,0.5780248021110205,0.5393446629138938,215.99999999950518,3,0.751307529187429,E
Penrose,22132,1.1755705045366653,0.5955500255200898,0.6472135955104829,216.0000000025587,5,0.7880189599456128,C
Penrose,23898,1.9021130325709898,0.3769754767900563,0.6472135954946752,215.99999999950518,5,0.5627621253454955,C
Penrose,15710,1.175570504631771,0.4647731477018634,0.6472135954730532,215.99999999486985,5,0.6766992794126985,C
Penrose,27090,2.23606797744677,0.11700539211890792,0.8726779962625321,288.000000003675,3,0.16629870726380602,E
Penrose,14499,1.9021130326297684,0.5088903491679396,0.6472135954946752,215.99999999950518,5,0.6987598212334719,C
Penrose,8594,0.6180339887802133,0.44998566609508517,0.8726779962543398,288.0000000012793,3,0.6594309168962852,E
Penrose,876,1.1755705045741416,0.4971907683521338,0.647213595501585,215.99999999950518,5,0.6180421097659083,C
Penrose,4722,1.1755705045741416,0.3609320867120682,0.7694208842903552,251.99999999872065,4,0.47222980221932187,D
Penrose,329,2.2360679775,0.42043261399626963,0.8726779962692,288.00000000562494,3,0.49032873403787836,E
Penrose,13145,1.1755705045366653,0.3444981947384169,0.6472135954999784,215.9999999992155,5,0.5370675383536088,C
Penrose,2721,1.3281310260941614,0.4973215012393386,0.8726779962543398,288.0000000012793,3,0.6297747199704824,E
Penrose,17818,0.6180339887483193,0.49121103283588863,0.8726779962303164,287.99999999425415,3,0.7302196136692626,E
Penrose,15946,0.6180339887493117,0.22208854567320246,0.872677996235706,287.99999999583014,3,0.29428563409449393,E
Penrose,3792,1.1755705045675666,0.9032503151179794,1.5264818974849034e-11,72.00000000818002,5,1.404487327263028,C
Penrose,18278,0.6180339888,0.7315234435884939,0.23114771268841935,72.00000000574586,7,1.1201307079519554,A
Penrose,11349,0.6180339886999999,0.7206930019373017,0.5393446629405854,216.00000000432922,3,0.9998273850012336,E
Penrose,14763,1.9021130325,0.49602588115314683,0.647213595488504,215.99999999823763,5,0.6756118501382988,C
Penrose,19216,1.328131026116976,0.508497324009048,0.8726779962554144,288.0000000015936,3,0.695912894375056,E
Penrose,19571,0.6180339887493117,0.4925828578388596,0.5393446629122908,215.99999999921548,3,0.6141073539450927,E
Penrose,7131,1.1755705046,0.7077977972482834,0.23114771268462384,72.00000000177417,7,1.08698237015661,A
Penrose,18481,1.1755705046317708,0.41445480130597123,0.8726779962438981,287.9999999982258,3,0.5943364735477699,E
Penrose,23790,1.3281310261745942,0.39645526047311563,0.8726779962533492,288.00000000098964,3,0.4753065819795257,E
Penrose,22241,0.6180339888070979,0.5555180098275976,0.5393446629024944,215.99999999744492,3,0.7215365292648098,E
Penrose,2553,1.1755705045741416,0.4744502083736717,0.8726779962543398,288.0000000012793,3,0.6054242695418673,E
Penrose,19952,2.5262553337021534,0.2713574595086564,0.8726779962554144,288.0000000015936,3,0.281022979546645,E
Penrose,6326,2.2360679774404293,0.2562131845294664,0.872677996235706,287.9999999958302,3,0.35181167623464593,E
Penrose,5109,0.6180339887802133,0.2905165088968258,0.8726779962543398,288.0000000012793,3,0.31349924906916415,E
Penrose,18832,0.6180339888,0.7011667390376739,0.2500000000038084,143.9999999974413,4,0.9671653603611684,D
Penrose,28333,0.0,0.556058537713912,0.8726779962438981,287.9999999982258,3,0.724940721266187,E
Penrose,4226,1.1755705045,0.4210405797220166,0.8726779962533491,288.00000000098964,3,0.6235504553446145,E
Penrose,13883,1.1755705045366651,0.7106380441704676,0.23114771267433273,72.00000000416983,7,1.0417736101380581,A
Penrose,15182,0.6180339886999999,0.5775729256646982,0.7694208842875487,251.99999999872065,4,0.8713541449192438,D
Penrose,22272,1.1755705045366651,0.314979793777602,0.8726779962554144,288.0000000015936,3,0.35979543846227857,E
Penrose,23960,0.6180339887,0.827866399839,0.2500000000371456,144.0000000083396,4,1.1806184799111503,D
Penrose,497,1.328131026031912,0.643567979593507,0.7694208842650788,251.99999999295724,4,0.8355446354873587,D
Penrose,5747,1.1755705046317708,0.5799144906603967,0.5393446629138938,215.99999999950518,3,0.9020270661769472,E
Penrose,5977,0.0,0.222362357854057,0.6472135955104827,216.0000000025587,5,0.18476954897794062,C
Penrose,10163,1.1755705045741416,0.7272018206867366,0.5393446629138938,215.99999999950518,3,1.1154092335855306,E
Penrose,17660,0.6180339887483193,0.8154748634583501,2.97164848284126e-11,72.0000000041698,5,1.3101791491887973,C
Penrose,22042,1.3281310260901853,0.4269560680785113,0.5393446628936569,215.9999999958477,3,0.6145227149508217,E
Penrose,4819,1.328131026102596,0.6488333333944103,0.5393446629138937,215.99999999950518,3,1.0201993814510755,E
Penrose,4668,1.3281310260521826,0.7504866384941278,0.24999999998107408,144.00000000049482,4,1.192006834047936,D
Penrose,12031,1.1755705045741416,0.7738488159673906,0.23114771267669607,72.00000000177417,7,1.0608014700658486,A
Penrose,10820,1.3281310260941614,0.5975284140320942,0.5393446629138938,215.99999999950518,3,0.7849421800970006,E
Penrose,10046,1.1755705046,0.3838353461360364,0.6472135954999784,215.99999999921548,5,0.4309553982553753,C
Penrose,19248,1.1755705045,0.4908839745344922,0.5393446629424411,216.00000000466463,3,0.7547558192301403,E
Penrose,15469,1.1755705045741416,0.7060482813307971,0.2311477126743327,72.0000000041698,7,1.019898823370331,A
Penrose,6260,0.6180339887483194,0.7963043493307446,0.24999999999750322,144.00000000049482,4,1.1712194764187132,D
Penrose,940,1.3281310260941614,0.3778863348085658,0.647213595501585,215.99999999950518,5,0.4454477859977519,C
Penrose,3591,0.6180339887802133,0.799629644798155,0.16666666668034144,72.0000000057459,6,1.2456419711464077,B
Penrose,28098,1.3281310261304726,0.31422896605064454,0.8726779962543398,288.0000000012793,3,0.4721588500717593,E
Penrose,21895,2.2360679775213304,0.13206977165322353,0.8090169943658471,287.9999999982258,2,0.06659723364340575,X
Penrose,22238,0.6180339887802133,0.5517230227127208,0.5393446628936569,215.99999999584773,3,0.7634827543637772,E
Penrose,27119,1.6180339886921096,0.6467813902681522,0.5393446629138938,215.99999999950518,3,0.9817721513532739,E
Penrose,3687,0.6180339887483193,0.4937762460209958,0.5393446629138938,215.99999999950518,3,0.7774174772489669,E
Penrose,19906,2.526255333703961,0.22050902176322407,0.8726779962543398,288.0000000012793,3,0.25907724069798643,E
Penrose,1668,1.328131026102596,0.6546117581399243,0.5393446629138938,215.99999999950518,3,0.8832997641835137,E
Penrose,21003,1.3281310260901853,0.12060337080224193,0.8726779962438981,287.9999999982258,3,0.09490929410490656,E
Penrose,8683,1.3281310260056485,0.486102939240898,0.647213595501585,215.99999999950518,5,0.749733786855659,C
Penrose,26462,1.1755705046,0.4541783367189848,0.872677996262532,288.000000003675,3,0.5394991040802957,E
Penrose,3198,1.1755705045366653,0.2996514422213483,0.6472135955104827,216.0000000025587,5,0.4310704483140788,C
Penrose,13889,0.0,0.2744729979774684,0.8726779962543398,288.0000000012793,3,0.2037533109725016,E
Penrose,17755,1.1755705045,0.6203494536397489,0.6472135955104827,216.0000000025587,5,0.9891110991960411,C
Penrose,21322,1.1755705045366653,0.29730510938244137,0.8726779962554144,288.0000000015936,3,0.3257454265027093,E
Penrose,27508,1.1755705046317708,0.3550316583528861,0.6243030102382249,215.99999999921545,4,0.44283031244395676,D
Penrose,21337,1.9021130326297686,0.5071872984187991,0.6243030102382249,215.99999999921548,4,0.6002874340978522,D
Penrose,12248,1.9999999999684825,0.28778087960684395,0.6472135954776176,215.99999999584773,5,0.2660008276213566,C
Penrose,4074,0.6180339888,0.5537180456912858,0.8726779962543398,288.0000000012793,3,0.8029974137707487,E
Penrose,24909,1.3281310261599866,0.07610802791004634,0.8726779962625318,288.000000003675,3,0.08000154537972803,E
Penrose,1800,1.175570504631771,0.896516831069638,0.1666666666803415,72.00000000574586,6,1.2655276544312983,B
Penrose,12237,0.6180339887483193,0.6975124646495672,0.5393446628704884,215.9999999916604,3,0.9661927340746123,E
Penrose,18689,1.9021130326,0.34942919494829827,0.8726779962554144,288.0000000015936,3,0.432829945799458,E
Penrose,6268,1.3281310261025963,0.8592915628909725,6.463884982859493e-12,72.00000000177417,5,1.384301085914802,C
Penrose,5246,2.2360679775,0.32177269213974913,0.8726779962533491,288.00000000098964,3,0.4733172314868104,E
Penrose,26545,1.3281310260901853,0.29370167217852783,0.8726779962280472,287.9999999935905,3,0.23648628777917025,E
Penrose,253,0.0,0.2677734633475394,0.6472135954999785,215.99999999921548,5,0.2989634102410359,C
Penrose,1631,2.0000000000247016,0.5560990793336299,0.5393446629138938,215.99999999950518,3,0.861539780523706,E
Penrose,14745,1.17557050463292,0.37933227279457427,0.6472135955170358,216.00000000287295,5,0.4636176699344665,C
Penrose,10556,1.1755705046317708,0.769375831592915,0.2311477126867711,72.00000000818002,7,1.0803156431205274,A
Penrose,27015,2.236067977541876,0.34014935631760024,0.8726779962554144,288.0000000015936,3,0.3487076424900415,E
Penrose,1103,0.6180339887483193,0.7074109391338668,0.23114771267433273,72.0000000041698,7,1.1188575236705254,A
Penrose,3335,1.1755705045741416,0.659703743472283,0.2499999999975032,144.0000000004948,4,0.8909392701989167,D
Penrose,4147,1.17557050463292,0.8533743108837355,0.1666666666466324,72.00000000416983,6,1.2850418275327349,B
Penrose,2285,1.1755705045366651,0.3503000729451222,0.8726779962543398,288.0000000012793,3,0.3719706636598161,E
Penrose,19682,0.6180339887493117,0.717298115622593,0.5393446629122908,215.99999999921548,3,0.9546895770458541,E
Penrose,19392,1.3281310260849208,0.07570005725216833,0.8726779962554144,288.0000000015936,3,0.03363465091731532,E
Penrose,28312,1.9021130325709903,0.25774017002756056,0.8726779962438981,287.9999999982258,3,0.17562700557322009,E
Penrose,28130,1.175570504631771,0.762714129543452,0.2500000000205122,144.00000000415227,4,1.1178848972223911,D
Penrose,19110,1.3281310260901853,0.34138203760517916,0.8726779962554144,288.0000000015936,3,0.4356768726393152,E
Penrose,5971,0.6180339887802133,0.6403075174077744,0.24999999999216513,143.99999999712708,4,0.9746900633415128,D
Penrose,12869,1.3281310260521826,0.5413391761781603,0.5393446629325278,216.00000000287292,3,0.8168173335789549,E
Penrose,25165,1.3281310261169759,0.21942990249391525,0.8726779962554144,288.0000000015936,3,0.26132305133084777,E
Penrose,19435,1.9999999999684825,0.2555160020801278,0.8726779962438981,287.9999999982258,3,0.259563553821172,E
Penrose,10369,1.328131026102596,0.727551722562703,0.24999999996994862,143.99999999533537,4,1.0609872252143528,D
Penrose,4087,0.6180339887493117,0.8462086359155535,6.463873880591109e-12,72.00000000177417,5,1.1863836854128609,C
Penrose,19553,1.1755705045741416,0.41230038729583074,0.8726779962543398,288.0000000012793,3,0.5702158761308644,E
Penrose,9588,1.3281310261025963,0.7098741544406898,0.24999999996994862,143.99999999533537,4,0.9564490745895635,D
Penrose,7706,0.0,0.22841763884291177,0.6472135954776176,215.99999999584773,5,0.3101656094334402,C
Penrose,13592,1.3281310261304724,0.18276065220188065,0.8726779962543398,288.0000000012793,3,0.23648628779290548,E
Penrose,1379,1.1755705045366651,0.37178667171403756,0.6472135954730532,215.99999999486985,5,0.5505869001936365,C
Penrose,11570,0.0,0.45391569091594564,0.6472135954999784,215.99999999921548,5,0.5283403560563837,C
Penrose,26098,0.6180339887493118,0.3154408638169931,0.8726779962438981,287.9999999982258,3,0.3084061118772228,E
Penrose,16575,1.6180339886333313,0.30123128501547214,0.8726779962417605,287.99999999760075,3,0.24914782617817433,E
Penrose,20765,2.236067977510974,0.20779978410343136,0.8726779962438981,287.99999999822586,3,0.20266588167326538,E
Penrose,6610,0.0,0.6167339814210886,0.6472135955104827,216.0000000025587,5,0.9351754039308122,C
Penrose,7005,1.3281310261745942,0.4635212521926112,0.8726779962533492,288.00000000098964,3,0.5817190331091328,E
Penrose,8184,0.6180339887802133,0.4696621538443517,0.24999999999216507,143.99999999712708,4,0.7290612323207294,D
Penrose,5565,1.9021130325,0.2905892058008991,0.8726779962543397,288.0000000012793,3,0.34889339759285765,E
Penrose,13151,0.6180339887493117,0.7280483896005389,0.2500000000065367,144.00000000078452,4,1.1268685397536782,D
Penrose,24685,2.526255333739675,0.3061757011788563,0.8726779962692001,288.00000000562494,3,0.41222834338458614,E
Penrose,19565,1.9021130326,0.569059421028296,0.8726779962438981,287.9999999982258,3,0.7822100562589771,E
Penrose,1873,2.526255333747252,0.2478711432856877,0.6472135954776177,215.99999999584773,5,0.2781760527871735,C
Penrose,6176,0.6180339887483193,0.8161170181306007,0.24999999999750322,144.00000000049482,4,1.2117067621282305,D
Penrose,1464,1.328131026102596,0.6595517237357138,0.2499999999975032,144.00000000049482,4,0.9557770063503187,D
Penrose,4938,1.9021130326164593,0.5749548415576831,0.6472135955104829,216.0000000025587,5,0.8621408965027151,C
Penrose,27770,1.1755705045366651,0.5207414921459077,0.6243030102503502,216.0000000025587,4,0.8122816143122235,D
Penrose,7341,0.6180339887,0.43148779477263943,0.6472135954758713,215.99999999343092,5,0.516695541971151,C
Penrose,19868,1.1755705045366651,0.9434257215026808,6.463896085089739e-12,72.00000000177417,5,1.3843720380305273,C
Penrose,4794,1.1755705045366651,0.44276176894315333,0.6472135954999785,215.99999999921548,5,0.6600320330551399,C
Penrose,17701,2.526255333739675,0.19147422610696507,0.8726779962533491,288.00000000098964,3,0.12405192400601095,E
Penrose,15891,1.1755705045741416,0.6123567237558281,0.6472135954946752,215.99999999950518,5,0.8163310204241863,C
Penrose,13384,1.328131026102596,0.5843914904991189,0.5393446628704884,215.9999999916604,3,0.7760733406971575,E
Penrose,10339,1.1755705046,0.6493035894095525,0.6472135954999785,215.99999999921548,5,0.8441567676743714,C
Penrose,16995,1.1755705046,0.3364613124035428,0.8726779962543398,288.0000000012793,3,0.31574505974264944,E
Penrose,8946,0.6180339887802134,0.31137610517862035,0.8726779962543398,288.0000000012793,3,0.4138020857999263,E
Penrose,1965,1.3281310261406956,0.4634412301504133,0.8726779962543398,288.0000000012793,3,0.6107031617842074,E
Penrose,13447,1.1755705046,0.518985943866515,0.5393446629138938,215.99999999950518,3,0.7710074574045512,E
Penrose,2273,2.236067977510974,0.2751128526946236,0.8726779962543398,288.0000000012793,3,0.28852042860700955,E
Penrose,13450,1.1755705045741416,0.6344028554426526,0.25000000000653677,144.00000000078452,4,0.969296368018327,D
Penrose,15808,2.526255333703961,0.42841096758380903,0.8726779962543398,288.0000000012793,3,0.4726451632253261,E
Penrose,3296,1.3281310261304726,0.8844428795247308,2.0283552615296685e-11,72.00000000574586,5,1.2408056937612537,C
Penrose,26302,0.6180339886851077,0.9562768177802713,2.241095829505623e-11,72.00000000481225,5,1.4295098459534634,C
Penrose,14886,1.1755705046317708,0.3507376508654221,0.8726779962543398,288.0000000012793,3,0.3484780365160436,E
Penrose,24455,1.9021130325,0.5131513916289093,0.716320380577344,251.99999999901036,3,0.8023962977421707,E
Penrose,10983,1.1755705046317708,0.27642895433153336,0.8726779962543398,288.0000000012793,3,0.26241048061886696,E
Penrose,8020,0.6180339887999999,0.7703608024327917,0.24999999998730124,143.9999999961492,4,1.0624461646537628,D
Penrose,3504,1.1755705045741416,0.8541074550794703,0.16666666667102448,72.00000000177417,6,1.1871705566356041,B
Penrose,4841,1.1755705045366653,0.5976286755639888,0.8726779962533491,288.00000000098964,3,0.7722806417721654,E
Penrose,10608,1.1755705046,0.593341191861438,0.6472135954776177,215.99999999584773,5,0.9420280387230219,C
Penrose,19402,1.1755705046,0.1363738392949927,0.8726779962438981,287.9999999982258,3,0.16562663894877594,E
Penrose,5416,1.1755705046329201,0.6556158158956407,0.647213595501585,215.99999999950518,5,0.883114009086815,C
Penrose,17559,1.1755705045741416,0.473223490185837,0.8726779962543398,288.0000000012793,3,0.5478545291110626,E
Penrose,6395,0.6180339887483193,0.9422155892626091,6.4638294718226765e-12,72.00000000177417,5,1.3389775228730398,C
Penrose,4256,1.328131026102596,0.8886522856436821,6.4638516761687544e-12,72.00000000177417,5,1.2726808472327156,C
Penrose,7881,0.6180339887483193,0.5219789176918774,0.8726779962533492,288.00000000098964,3,0.675540897979694,E
Penrose,20464,1.6180339887616626,0.29087674992392354,0.8726779962438981,287.9999999982258,3,0.26192416745047886,E
Penrose,27436,1.1755705046,0.42584663222361774,0.8090169943658472,287.9999999982258,2,0.4610710541193209,X
Penrose,9505,1.3281310261304724,0.2846936480794593,0.8726779962543398,288.0000000012793,3,0.25997891488486147,E
Penrose,7805,1.1755705045741416,0.39547944872102425,0.872677996235706,287.99999999583014,3,0.4967660077514311,E
Penrose,2997,0.0,0.39951638696111835,0.8726779962543398,288.0000000012793,3,0.5064655692469302,E
Penrose,17460,1.3281310261025963,0.7655146063355459,0.2499999999975032,144.00000000049482,4,1.2279584003984052,D
Penrose,16823,2.5262553337697375,0.28383329276561653,0.8726779962543398,288.0000000012793,3,0.22768840033246662,E
Penrose,10158,1.1755705046329201,0.25333422121387794,0.8090169943815098,288.0000000012793,2,0.32616078745358656,X
Penrose,27608,1.3281310260901855,0.5461229658574815,0.5393446629122908,215.99999999921548,3,0.6736224996353045,E
Penrose,25974,2.52625533367885,0.23460250848326825,0.8726779962280472,287.9999999935905,3,0.2878756143487886,E
Penrose,7542,1.1755705046317708,0.36461766216660274,0.8726779962603943,288.0000000030499,3,0.460655693137773,E
Penrose,3702,2.2360679775,0.325871069863785,0.8726779962303164,287.99999999425415,3,0.47174348911881725,E
Penrose,4352,1.90211303257099,0.5904512641784394,0.647213595501585,215.99999999950518,5,0.785729051311585,C
Penrose,2178,1.328131026031912,0.2844140540847827,0.872677996235706,287.9999999958302,3,0.38234229347757087,E
Penrose,20453,1.6180339888000002,0.567201094431496,0.24999999999192016,143.99999999744134,4,0.8686929732500093,D
Penrose,20130,1.3281310260185768,0.6313895920201523,0.6243030102095796,215.99999999407717,4,0.8481352217733975,D
